{
  "type": "FeatureCollection",
  "generator": "overpass-turbo",
  "copyright": "The data included in this document is from www.openstreetmap.org. The data is made available under ODbL.",
  "timestamp": "2026-04-18T18:20:02Z",
  "features": [
    {
      "type": "Feature",
      "properties": {
        "@id": "relation/4082328",
        "admin_level": "10",
        "boundary": "administrative",
        "is_in": "São Bernardo do Campo",
        "name": "Paulicéia",
        "place": "suburb",
        "type": "boundary",
        "wikidata": "Q10346359",
        "wikipedia": "pt:Pauliceia (São Bernardo do Campo)"
      },
      "geometry": {
        "type": "Polygon",
        "coordinates": [
          [
            [
              -46.5775744,
              -23.6723553
            ],
            [
              -46.5708626,
              -23.6722323
            ],
            [
              -46.5756206,
              -23.6605279
            ],
            [
              -46.5768707,
              -23.6575091
            ],
            [
              -46.5825646,
              -23.6578547
            ],
            [
              -46.5842555,
              -23.6553949
            ],
            [
              -46.5847221,
              -23.654576
            ],
            [
              -46.5847627,
              -23.6548169
            ],
            [
              -46.5847983,
              -23.6549908
            ],
            [
              -46.5848814,
              -23.6551735
            ],
            [
              -46.5849815,
              -23.655316
            ],
            [
              -46.5858187,
              -23.656534
            ],
            [
              -46.5862126,
              -23.6571072
            ],
            [
              -46.586454,
              -23.657381
            ],
            [
              -46.5867526,
              -23.6576952
            ],
            [
              -46.5870144,
              -23.6578975
            ],
            [
              -46.5871577,
              -23.6580084
            ],
            [
              -46.5872912,
              -23.6581117
            ],
            [
              -46.5875141,
              -23.658299
            ],
            [
              -46.5876403,
              -23.6584359
            ],
            [
              -46.5884129,
              -23.6590572
            ],
            [
              -46.588669,
              -23.6592245
            ],
            [
              -46.5888577,
              -23.6593566
            ],
            [
              -46.5889906,
              -23.6594066
            ],
            [
              -46.5892375,
              -23.6594348
            ],
            [
              -46.5893799,
              -23.6594544
            ],
            [
              -46.5895295,
              -23.6595218
            ],
            [
              -46.58966,
              -23.659687
            ],
            [
              -46.5899449,
              -23.6600284
            ],
            [
              -46.5901799,
              -23.6601501
            ],
            [
              -46.5903942,
              -23.6603156
            ],
            [
              -46.590682,
              -23.6606553
            ],
            [
              -46.5907473,
              -23.6607613
            ],
            [
              -46.5908215,
              -23.660851
            ],
            [
              -46.5910381,
              -23.6610249
            ],
            [
              -46.5925306,
              -23.6619625
            ],
            [
              -46.5929638,
              -23.6621908
            ],
            [
              -46.5933287,
              -23.6623648
            ],
            [
              -46.5953524,
              -23.6632154
            ],
            [
              -46.5955541,
              -23.6633214
            ],
            [
              -46.5958301,
              -23.6634165
            ],
            [
              -46.5961416,
              -23.66346
            ],
            [
              -46.5962751,
              -23.6634589
            ],
            [
              -46.596383,
              -23.6635198
            ],
            [
              -46.5964589,
              -23.6636031
            ],
            [
              -46.5967022,
              -23.6639367
            ],
            [
              -46.5968829,
              -23.6641661
            ],
            [
              -46.5970071,
              -23.6644374
            ],
            [
              -46.5970528,
              -23.6645511
            ],
            [
              -46.5972653,
              -23.6649733
            ],
            [
              -46.597328,
              -23.6651185
            ],
            [
              -46.5973489,
              -23.6651983
            ],
            [
              -46.597424,
              -23.6653416
            ],
            [
              -46.5974883,
              -23.665468
            ],
            [
              -46.597626,
              -23.6657543
            ],
            [
              -46.5976747,
              -23.6658621
            ],
            [
              -46.5977196,
              -23.6659703
            ],
            [
              -46.5977671,
              -23.6660888
            ],
            [
              -46.5978401,
              -23.6662793
            ],
            [
              -46.5978717,
              -23.6663629
            ],
            [
              -46.5979119,
              -23.6664771
            ],
            [
              -46.5980141,
              -23.6667423
            ],
            [
              -46.5980527,
              -23.6668425
            ],
            [
              -46.5980863,
              -23.6669127
            ],
            [
              -46.5981221,
              -23.6669672
            ],
            [
              -46.5981537,
              -23.6670261
            ],
            [
              -46.5982161,
              -23.6671732
            ],
            [
              -46.5983228,
              -23.6673467
            ],
            [
              -46.5985694,
              -23.6675959
            ],
            [
              -46.5986582,
              -23.6676472
            ],
            [
              -46.5987586,
              -23.6677621
            ],
            [
              -46.5988648,
              -23.6679301
            ],
            [
              -46.598984,
              -23.6680565
            ],
            [
              -46.5990974,
              -23.66824
            ],
            [
              -46.5991438,
              -23.6683788
            ],
            [
              -46.5991582,
              -23.6685799
            ],
            [
              -46.5992596,
              -23.6688009
            ],
            [
              -46.6002396,
              -23.6707881
            ],
            [
              -46.5977888,
              -23.6725324
            ],
            [
              -46.5923701,
              -23.6763889
            ],
            [
              -46.5913617,
              -23.6771065
            ],
            [
              -46.59125,
              -23.6772552
            ],
            [
              -46.5911235,
              -23.6771536
            ],
            [
              -46.5908955,
              -23.6769989
            ],
            [
              -46.5907404,
              -23.6769309
            ],
            [
              -46.5905607,
              -23.6768523
            ],
            [
              -46.5903644,
              -23.6767999
            ],
            [
              -46.5902491,
              -23.6767778
            ],
            [
              -46.5890881,
              -23.6766313
            ],
            [
              -46.5888279,
              -23.676587
            ],
            [
              -46.5885915,
              -23.6765272
            ],
            [
              -46.5883612,
              -23.6764372
            ],
            [
              -46.588165,
              -23.6763209
            ],
            [
              -46.5879907,
              -23.6761907
            ],
            [
              -46.5878673,
              -23.67609
            ],
            [
              -46.5877604,
              -23.6759926
            ],
            [
              -46.5876665,
              -23.675887
            ],
            [
              -46.587452,
              -23.6755701
            ],
            [
              -46.5873018,
              -23.6753441
            ],
            [
              -46.5869692,
              -23.6748307
            ],
            [
              -46.5867948,
              -23.6745605
            ],
            [
              -46.5867412,
              -23.6744769
            ],
            [
              -46.5866509,
              -23.6743501
            ],
            [
              -46.58654,
              -23.6741944
            ],
            [
              -46.5864109,
              -23.6740315
            ],
            [
              -46.5863224,
              -23.6739553
            ],
            [
              -46.5862097,
              -23.6738767
            ],
            [
              -46.5860139,
              -23.673749
            ],
            [
              -46.5858154,
              -23.6736458
            ],
            [
              -46.5852311,
              -23.6733936
            ],
            [
              -46.5850004,
              -23.6732929
            ],
            [
              -46.583938,
              -23.6726643
            ],
            [
              -46.5830676,
              -23.6723488
            ],
            [
              -46.582057,
              -23.6721805
            ],
            [
              -46.5801392,
              -23.6723677
            ],
            [
              -46.5795513,
              -23.6723425
            ],
            [
              -46.579227,
              -23.6722311
            ],
            [
              -46.5786132,
              -23.6719634
            ],
            [
              -46.5783598,
              -23.6717671
            ],
            [
              -46.5778694,
              -23.671416
            ],
            [
              -46.5774893,
              -23.6710421
            ],
            [
              -46.5773562,
              -23.6708353
            ],
            [
              -46.5771513,
              -23.670256
            ],
            [
              -46.5770505,
              -23.6697535
            ],
            [
              -46.5771349,
              -23.6694233
            ],
            [
              -46.5771219,
              -23.6692299
            ],
            [
              -46.5763489,
              -23.6688402
            ],
            [
              -46.5763456,
              -23.6681322
            ],
            [
              -46.576193,
              -23.6676295
            ],
            [
              -46.5759624,
              -23.6673112
            ],
            [
              -46.5756895,
              -23.6673439
            ],
            [
              -46.5752121,
              -23.6679716
            ],
            [
              -46.5752868,
              -23.6682036
            ],
            [
              -46.575735,
              -23.6691526
            ],
            [
              -46.5763067,
              -23.6705537
            ],
            [
              -46.5765925,
              -23.6714997
            ],
            [
              -46.5770927,
              -23.6720158
            ],
            [
              -46.5775744,
              -23.6723553
            ]
          ]
        ]
      },
      "id": "relation/4082328"
    },
    {
      "type": "Feature",
      "properties": {
        "@id": "relation/4082329",
        "admin_level": "10",
        "boundary": "administrative",
        "name": "Rudge Ramos",
        "place": "suburb",
        "type": "boundary",
        "wikidata": "Q10365150",
        "wikipedia": "pt:Rudge Ramos"
      },
      "geometry": {
        "type": "Polygon",
        "coordinates": [
          [
            [
              -46.5673015,
              -23.6501825
            ],
            [
              -46.5673915,
              -23.6501594
            ],
            [
              -46.5676904,
              -23.6500818
            ],
            [
              -46.5684683,
              -23.6498798
            ],
            [
              -46.5695584,
              -23.6495913
            ],
            [
              -46.5704959,
              -23.6493328
            ],
            [
              -46.5707181,
              -23.6492984
            ],
            [
              -46.5709011,
              -23.6492841
            ],
            [
              -46.5710416,
              -23.6492852
            ],
            [
              -46.5711245,
              -23.6492965
            ],
            [
              -46.5712831,
              -23.6493234
            ],
            [
              -46.571412,
              -23.6493706
            ],
            [
              -46.5715417,
              -23.6494304
            ],
            [
              -46.5716654,
              -23.6495115
            ],
            [
              -46.5718343,
              -23.6496512
            ],
            [
              -46.5721129,
              -23.6498976
            ],
            [
              -46.572727,
              -23.6504678
            ],
            [
              -46.5728929,
              -23.65054
            ],
            [
              -46.5730334,
              -23.6505755
            ],
            [
              -46.5733011,
              -23.6505777
            ],
            [
              -46.5735022,
              -23.6505644
            ],
            [
              -46.5737723,
              -23.6505
            ],
            [
              -46.5739891,
              -23.650409
            ],
            [
              -46.5742425,
              -23.650286
            ],
            [
              -46.5744887,
              -23.6501087
            ],
            [
              -46.5747329,
              -23.6498574
            ],
            [
              -46.575039,
              -23.6494236
            ],
            [
              -46.5762642,
              -23.6478773
            ],
            [
              -46.5769526,
              -23.6471977
            ],
            [
              -46.5799775,
              -23.6440071
            ],
            [
              -46.5804476,
              -23.6435541
            ],
            [
              -46.5808118,
              -23.643221
            ],
            [
              -46.5812445,
              -23.6428617
            ],
            [
              -46.5827086,
              -23.6418803
            ],
            [
              -46.5828708,
              -23.6417571
            ],
            [
              -46.5830491,
              -23.6415855
            ],
            [
              -46.583312,
              -23.6412723
            ],
            [
              -46.5833999,
              -23.6411371
            ],
            [
              -46.5834253,
              -23.6412734
            ],
            [
              -46.5834582,
              -23.6414111
            ],
            [
              -46.5835198,
              -23.6415478
            ],
            [
              -46.5839248,
              -23.6423556
            ],
            [
              -46.5842934,
              -23.6433949
            ],
            [
              -46.5844614,
              -23.6439826
            ],
            [
              -46.5845874,
              -23.6442677
            ],
            [
              -46.5846853,
              -23.644417
            ],
            [
              -46.5842125,
              -23.6448143
            ],
            [
              -46.583897,
              -23.6451164
            ],
            [
              -46.5836264,
              -23.6454417
            ],
            [
              -46.5832856,
              -23.645934
            ],
            [
              -46.5829178,
              -23.6465875
            ],
            [
              -46.5796268,
              -23.6524489
            ],
            [
              -46.5781409,
              -23.655031
            ],
            [
              -46.5774052,
              -23.6563767
            ],
            [
              -46.5771185,
              -23.6569431
            ],
            [
              -46.5768707,
              -23.6575091
            ],
            [
              -46.5756206,
              -23.6605279
            ],
            [
              -46.5708626,
              -23.6722323
            ],
            [
              -46.5694863,
              -23.6760085
            ],
            [
              -46.5692732,
              -23.6750604
            ],
            [
              -46.5690802,
              -23.6738452
            ],
            [
              -46.5689506,
              -23.6732011
            ],
            [
              -46.5679124,
              -23.671556
            ],
            [
              -46.5669607,
              -23.6713933
            ],
            [
              -46.566651,
              -23.6713404
            ],
            [
              -46.5605736,
              -23.6702444
            ],
            [
              -46.5603799,
              -23.6702123
            ],
            [
              -46.5531924,
              -23.6690981
            ],
            [
              -46.5531236,
              -23.6683772
            ],
            [
              -46.5531226,
              -23.667868
            ],
            [
              -46.5531432,
              -23.6676485
            ],
            [
              -46.5531734,
              -23.6674929
            ],
            [
              -46.5532345,
              -23.6673062
            ],
            [
              -46.5532749,
              -23.6672025
            ],
            [
              -46.5534332,
              -23.6667968
            ],
            [
              -46.5534447,
              -23.6667775
            ],
            [
              -46.5538066,
              -23.666171
            ],
            [
              -46.5542116,
              -23.6656129
            ],
            [
              -46.5550834,
              -23.6644117
            ],
            [
              -46.5559547,
              -23.6632109
            ],
            [
              -46.5564681,
              -23.6625035
            ],
            [
              -46.5566185,
              -23.6622937
            ],
            [
              -46.5576565,
              -23.660894
            ],
            [
              -46.5578282,
              -23.6606568
            ],
            [
              -46.5584536,
              -23.6597852
            ],
            [
              -46.5588055,
              -23.6592953
            ],
            [
              -46.5593084,
              -23.658606
            ],
            [
              -46.5597386,
              -23.657987
            ],
            [
              -46.5601138,
              -23.6573567
            ],
            [
              -46.5606677,
              -23.6563988
            ],
            [
              -46.5609597,
              -23.6558661
            ],
            [
              -46.561211,
              -23.6553983
            ],
            [
              -46.5615044,
              -23.6550403
            ],
            [
              -46.5618432,
              -23.6547073
            ],
            [
              -46.5622695,
              -23.6543324
            ],
            [
              -46.5627251,
              -23.6540091
            ],
            [
              -46.562922,
              -23.6538072
            ],
            [
              -46.5630128,
              -23.6536852
            ],
            [
              -46.5631975,
              -23.6533745
            ],
            [
              -46.5634913,
              -23.652536
            ],
            [
              -46.5635748,
              -23.6523662
            ],
            [
              -46.5638389,
              -23.6520777
            ],
            [
              -46.5643537,
              -23.6515086
            ],
            [
              -46.5643653,
              -23.6514962
            ],
            [
              -46.5645426,
              -23.6513066
            ],
            [
              -46.5645809,
              -23.6512742
            ],
            [
              -46.5649411,
              -23.6509693
            ],
            [
              -46.5649681,
              -23.6509509
            ],
            [
              -46.5651932,
              -23.6507982
            ],
            [
              -46.5654716,
              -23.650662
            ],
            [
              -46.5654854,
              -23.6506581
            ],
            [
              -46.5662182,
              -23.6504512
            ],
            [
              -46.5673015,
              -23.6501825
            ]
          ]
        ]
      },
      "id": "relation/4082329"
    },
    {
      "type": "Feature",
      "properties": {
        "@id": "relation/4082330",
        "admin_level": "10",
        "boundary": "administrative",
        "is_in": "São Bernardo do Campo",
        "name": "Taboão",
        "place": "suburb",
        "type": "boundary"
      },
      "geometry": {
        "type": "Polygon",
        "coordinates": [
          [
            [
              -46.5858187,
              -23.656534
            ],
            [
              -46.5849815,
              -23.655316
            ],
            [
              -46.5848814,
              -23.6551735
            ],
            [
              -46.5847983,
              -23.6549908
            ],
            [
              -46.5847627,
              -23.6548169
            ],
            [
              -46.5847221,
              -23.654576
            ],
            [
              -46.5842555,
              -23.6553949
            ],
            [
              -46.5825646,
              -23.6578547
            ],
            [
              -46.5768707,
              -23.6575091
            ],
            [
              -46.5771185,
              -23.6569431
            ],
            [
              -46.5774052,
              -23.6563767
            ],
            [
              -46.5781409,
              -23.655031
            ],
            [
              -46.5796268,
              -23.6524489
            ],
            [
              -46.5829178,
              -23.6465875
            ],
            [
              -46.5832856,
              -23.645934
            ],
            [
              -46.5836264,
              -23.6454417
            ],
            [
              -46.583897,
              -23.6451164
            ],
            [
              -46.5842125,
              -23.6448143
            ],
            [
              -46.5846853,
              -23.644417
            ],
            [
              -46.5849877,
              -23.6447597
            ],
            [
              -46.5849896,
              -23.6448034
            ],
            [
              -46.5849499,
              -23.6448671
            ],
            [
              -46.5846295,
              -23.6451928
            ],
            [
              -46.5866409,
              -23.6465449
            ],
            [
              -46.5877149,
              -23.6472764
            ],
            [
              -46.588589,
              -23.6479456
            ],
            [
              -46.5895609,
              -23.6485909
            ],
            [
              -46.5899131,
              -23.6489434
            ],
            [
              -46.5904235,
              -23.6491516
            ],
            [
              -46.5908458,
              -23.6494871
            ],
            [
              -46.5914074,
              -23.6497256
            ],
            [
              -46.5918738,
              -23.6499948
            ],
            [
              -46.5924133,
              -23.6502483
            ],
            [
              -46.5926817,
              -23.6504181
            ],
            [
              -46.592773,
              -23.6505777
            ],
            [
              -46.5929777,
              -23.6507171
            ],
            [
              -46.5935365,
              -23.6507982
            ],
            [
              -46.594289,
              -23.6511428
            ],
            [
              -46.5946288,
              -23.6514031
            ],
            [
              -46.5950104,
              -23.6516156
            ],
            [
              -46.5953404,
              -23.6516937
            ],
            [
              -46.5956242,
              -23.651888
            ],
            [
              -46.5957565,
              -23.6520749
            ],
            [
              -46.5958936,
              -23.6523102
            ],
            [
              -46.5963637,
              -23.6526953
            ],
            [
              -46.5965464,
              -23.6528224
            ],
            [
              -46.5966824,
              -23.6528627
            ],
            [
              -46.5972476,
              -23.6528964
            ],
            [
              -46.5980197,
              -23.6530469
            ],
            [
              -46.5984588,
              -23.6530793
            ],
            [
              -46.5988922,
              -23.6530448
            ],
            [
              -46.5989762,
              -23.6530284
            ],
            [
              -46.5990044,
              -23.6530014
            ],
            [
              -46.5990233,
              -23.6529461
            ],
            [
              -46.5990595,
              -23.6529336
            ],
            [
              -46.5991355,
              -23.6529482
            ],
            [
              -46.5992212,
              -23.6529779
            ],
            [
              -46.599537,
              -23.6531686
            ],
            [
              -46.5997792,
              -23.653445
            ],
            [
              -46.6002113,
              -23.6536383
            ],
            [
              -46.6003897,
              -23.6536552
            ],
            [
              -46.6005845,
              -23.653699
            ],
            [
              -46.6007427,
              -23.6536937
            ],
            [
              -46.6010107,
              -23.6537992
            ],
            [
              -46.6011411,
              -23.6538657
            ],
            [
              -46.6013022,
              -23.6540814
            ],
            [
              -46.6014474,
              -23.6541949
            ],
            [
              -46.601805,
              -23.6543019
            ],
            [
              -46.6021079,
              -23.6543316
            ],
            [
              -46.602431,
              -23.6549782
            ],
            [
              -46.6025103,
              -23.6551204
            ],
            [
              -46.602559,
              -23.6552319
            ],
            [
              -46.6026602,
              -23.6553472
            ],
            [
              -46.6029161,
              -23.6554232
            ],
            [
              -46.6030973,
              -23.655573
            ],
            [
              -46.6031105,
              -23.655773
            ],
            [
              -46.6034029,
              -23.6559676
            ],
            [
              -46.6037431,
              -23.65606
            ],
            [
              -46.6042131,
              -23.6560874
            ],
            [
              -46.604448,
              -23.6561803
            ],
            [
              -46.6049045,
              -23.6561961
            ],
            [
              -46.60524,
              -23.6560947
            ],
            [
              -46.6056733,
              -23.6561483
            ],
            [
              -46.605674,
              -23.6561485
            ],
            [
              -46.6059835,
              -23.6562214
            ],
            [
              -46.6065506,
              -23.6564558
            ],
            [
              -46.606978,
              -23.656555
            ],
            [
              -46.607266,
              -23.6566657
            ],
            [
              -46.6076709,
              -23.6568243
            ],
            [
              -46.6079346,
              -23.6569881
            ],
            [
              -46.6084326,
              -23.657365
            ],
            [
              -46.6085225,
              -23.6575266
            ],
            [
              -46.608827,
              -23.6578534
            ],
            [
              -46.6088637,
              -23.6578642
            ],
            [
              -46.6089715,
              -23.6578958
            ],
            [
              -46.6090516,
              -23.6579193
            ],
            [
              -46.6094666,
              -23.6580745
            ],
            [
              -46.6096983,
              -23.6581949
            ],
            [
              -46.6097778,
              -23.6582773
            ],
            [
              -46.6100441,
              -23.6584578
            ],
            [
              -46.6107501,
              -23.65869
            ],
            [
              -46.6115768,
              -23.6588682
            ],
            [
              -46.6117768,
              -23.6589127
            ],
            [
              -46.6119281,
              -23.6590216
            ],
            [
              -46.6120018,
              -23.6591105
            ],
            [
              -46.6123165,
              -23.6592847
            ],
            [
              -46.6125067,
              -23.6593576
            ],
            [
              -46.6133288,
              -23.6598229
            ],
            [
              -46.6139734,
              -23.6600662
            ],
            [
              -46.6141433,
              -23.660229
            ],
            [
              -46.6146072,
              -23.6601471
            ],
            [
              -46.6150085,
              -23.6597419
            ],
            [
              -46.6152643,
              -23.6587689
            ],
            [
              -46.6158171,
              -23.6584891
            ],
            [
              -46.6165362,
              -23.6580298
            ],
            [
              -46.6165949,
              -23.658829
            ],
            [
              -46.6163713,
              -23.6600506
            ],
            [
              -46.6154734,
              -23.6611169
            ],
            [
              -46.6149637,
              -23.6622997
            ],
            [
              -46.6130155,
              -23.6635907
            ],
            [
              -46.6133217,
              -23.6656893
            ],
            [
              -46.612771,
              -23.6669301
            ],
            [
              -46.6109879,
              -23.6679345
            ],
            [
              -46.6102663,
              -23.668341
            ],
            [
              -46.6105093,
              -23.6686566
            ],
            [
              -46.6090068,
              -23.6694109
            ],
            [
              -46.6087278,
              -23.6692293
            ],
            [
              -46.6085419,
              -23.6690926
            ],
            [
              -46.6084868,
              -23.6690254
            ],
            [
              -46.6084754,
              -23.6689707
            ],
            [
              -46.6085281,
              -23.6688888
            ],
            [
              -46.6085786,
              -23.668811
            ],
            [
              -46.6085511,
              -23.6687248
            ],
            [
              -46.608399,
              -23.6686124
            ],
            [
              -46.6079056,
              -23.6683312
            ],
            [
              -46.6076717,
              -23.6681819
            ],
            [
              -46.6073114,
              -23.667922
            ],
            [
              -46.6069443,
              -23.6676641
            ],
            [
              -46.606804,
              -23.6676008
            ],
            [
              -46.6066394,
              -23.6676461
            ],
            [
              -46.6064589,
              -23.6676544
            ],
            [
              -46.6061844,
              -23.6676008
            ],
            [
              -46.6058761,
              -23.6674755
            ],
            [
              -46.6056309,
              -23.6672287
            ],
            [
              -46.6054987,
              -23.6669334
            ],
            [
              -46.6051602,
              -23.66609
            ],
            [
              -46.6050283,
              -23.6658036
            ],
            [
              -46.6048992,
              -23.6656092
            ],
            [
              -46.6047701,
              -23.6654489
            ],
            [
              -46.6025296,
              -23.6636333
            ],
            [
              -46.6023603,
              -23.6634651
            ],
            [
              -46.6021192,
              -23.6631476
            ],
            [
              -46.6019937,
              -23.663004
            ],
            [
              -46.6016664,
              -23.6627781
            ],
            [
              -46.6014782,
              -23.662733
            ],
            [
              -46.600492,
              -23.662618
            ],
            [
              -46.6002007,
              -23.6625934
            ],
            [
              -46.5999317,
              -23.6626221
            ],
            [
              -46.5997345,
              -23.662696
            ],
            [
              -46.5994204,
              -23.6629138
            ],
            [
              -46.5991685,
              -23.6630657
            ],
            [
              -46.5988536,
              -23.663191
            ],
            [
              -46.5983166,
              -23.6633268
            ],
            [
              -46.5978863,
              -23.6634029
            ],
            [
              -46.5974561,
              -23.6633459
            ],
            [
              -46.5972157,
              -23.6633513
            ],
            [
              -46.596468,
              -23.6634573
            ],
            [
              -46.5962751,
              -23.6634589
            ],
            [
              -46.5961416,
              -23.66346
            ],
            [
              -46.5958301,
              -23.6634165
            ],
            [
              -46.5955541,
              -23.6633214
            ],
            [
              -46.5953524,
              -23.6632154
            ],
            [
              -46.5933287,
              -23.6623648
            ],
            [
              -46.5929638,
              -23.6621908
            ],
            [
              -46.5925306,
              -23.6619625
            ],
            [
              -46.5910381,
              -23.6610249
            ],
            [
              -46.5908215,
              -23.660851
            ],
            [
              -46.5907473,
              -23.6607613
            ],
            [
              -46.590682,
              -23.6606553
            ],
            [
              -46.5903942,
              -23.6603156
            ],
            [
              -46.5901799,
              -23.6601501
            ],
            [
              -46.5899449,
              -23.6600284
            ],
            [
              -46.58966,
              -23.659687
            ],
            [
              -46.5895295,
              -23.6595218
            ],
            [
              -46.5893799,
              -23.6594544
            ],
            [
              -46.5892375,
              -23.6594348
            ],
            [
              -46.5889906,
              -23.6594066
            ],
            [
              -46.5888577,
              -23.6593566
            ],
            [
              -46.588669,
              -23.6592245
            ],
            [
              -46.5884129,
              -23.6590572
            ],
            [
              -46.5876403,
              -23.6584359
            ],
            [
              -46.5875141,
              -23.658299
            ],
            [
              -46.5872912,
              -23.6581117
            ],
            [
              -46.5871577,
              -23.6580084
            ],
            [
              -46.5870144,
              -23.6578975
            ],
            [
              -46.5867526,
              -23.6576952
            ],
            [
              -46.586454,
              -23.657381
            ],
            [
              -46.5862126,
              -23.6571072
            ],
            [
              -46.5858187,
              -23.656534
            ]
          ]
        ]
      },
      "id": "relation/4082330"
    },
    {
      "type": "Feature",
      "properties": {
        "@id": "relation/4133967",
        "admin_level": "10",
        "boundary": "administrative",
        "is_in": "São Bernardo do Campo",
        "name": "Assunção",
        "place": "suburb",
        "type": "boundary"
      },
      "geometry": {
        "type": "Polygon",
        "coordinates": [
          [
            [
              -46.551893,
              -23.7244176
            ],
            [
              -46.5519399,
              -23.7243723
            ],
            [
              -46.5543055,
              -23.7220883
            ],
            [
              -46.5570045,
              -23.7193873
            ],
            [
              -46.5584109,
              -23.7180091
            ],
            [
              -46.5597946,
              -23.7167558
            ],
            [
              -46.5601285,
              -23.7164523
            ],
            [
              -46.5605189,
              -23.7159898
            ],
            [
              -46.560781,
              -23.7155736
            ],
            [
              -46.5610332,
              -23.715097
            ],
            [
              -46.5611845,
              -23.7146408
            ],
            [
              -46.5613093,
              -23.7141544
            ],
            [
              -46.5613585,
              -23.7136545
            ],
            [
              -46.5613599,
              -23.712824
            ],
            [
              -46.5613817,
              -23.7112569
            ],
            [
              -46.5677091,
              -23.7114899
            ],
            [
              -46.5722028,
              -23.7116372
            ],
            [
              -46.5729055,
              -23.7116451
            ],
            [
              -46.5736428,
              -23.7116617
            ],
            [
              -46.5739809,
              -23.7116619
            ],
            [
              -46.5755761,
              -23.7117406
            ],
            [
              -46.5765587,
              -23.7117128
            ],
            [
              -46.5789995,
              -23.7117485
            ],
            [
              -46.5801234,
              -23.7117629
            ],
            [
              -46.5811896,
              -23.7117738
            ],
            [
              -46.5824634,
              -23.7118167
            ],
            [
              -46.5833023,
              -23.7118065
            ],
            [
              -46.5858472,
              -23.7117927
            ],
            [
              -46.5860689,
              -23.7117136
            ],
            [
              -46.5863617,
              -23.7115388
            ],
            [
              -46.586176,
              -23.7118315
            ],
            [
              -46.5860681,
              -23.7120171
            ],
            [
              -46.5859468,
              -23.7122936
            ],
            [
              -46.5859113,
              -23.7123957
            ],
            [
              -46.5858929,
              -23.7125303
            ],
            [
              -46.5858383,
              -23.7132788
            ],
            [
              -46.5858249,
              -23.7133694
            ],
            [
              -46.5857981,
              -23.7134428
            ],
            [
              -46.5857404,
              -23.7135464
            ],
            [
              -46.5856381,
              -23.7136644
            ],
            [
              -46.5854727,
              -23.7137848
            ],
            [
              -46.5839486,
              -23.7150088
            ],
            [
              -46.5835065,
              -23.7153855
            ],
            [
              -46.5829643,
              -23.7157324
            ],
            [
              -46.5825635,
              -23.7160651
            ],
            [
              -46.5821912,
              -23.7165003
            ],
            [
              -46.5819871,
              -23.7167723
            ],
            [
              -46.5816607,
              -23.7173348
            ],
            [
              -46.5815815,
              -23.7175182
            ],
            [
              -46.581381,
              -23.7180179
            ],
            [
              -46.581313,
              -23.7182096
            ],
            [
              -46.5813147,
              -23.7182962
            ],
            [
              -46.5812154,
              -23.7188957
            ],
            [
              -46.5807361,
              -23.7198565
            ],
            [
              -46.5802918,
              -23.7205901
            ],
            [
              -46.5802182,
              -23.7207116
            ],
            [
              -46.5800395,
              -23.721088
            ],
            [
              -46.5799783,
              -23.7212859
            ],
            [
              -46.5800108,
              -23.7215353
            ],
            [
              -46.5795797,
              -23.7225671
            ],
            [
              -46.5795449,
              -23.7228865
            ],
            [
              -46.5794887,
              -23.7231715
            ],
            [
              -46.5794715,
              -23.723517
            ],
            [
              -46.5793434,
              -23.7238031
            ],
            [
              -46.5792992,
              -23.7239179
            ],
            [
              -46.5793222,
              -23.7240267
            ],
            [
              -46.5793191,
              -23.724231
            ],
            [
              -46.5786433,
              -23.7260388
            ],
            [
              -46.5784662,
              -23.7270957
            ],
            [
              -46.5784513,
              -23.7272225
            ],
            [
              -46.5784312,
              -23.7273942
            ],
            [
              -46.5782663,
              -23.7275555
            ],
            [
              -46.5781738,
              -23.7276653
            ],
            [
              -46.5780561,
              -23.7279559
            ],
            [
              -46.5781659,
              -23.7281805
            ],
            [
              -46.5781459,
              -23.7286427
            ],
            [
              -46.5778248,
              -23.7286738
            ],
            [
              -46.5772675,
              -23.7281271
            ],
            [
              -46.5768573,
              -23.7280003
            ],
            [
              -46.5765321,
              -23.7280003
            ],
            [
              -46.5762671,
              -23.728031
            ],
            [
              -46.5759826,
              -23.7280811
            ],
            [
              -46.5756945,
              -23.7280795
            ],
            [
              -46.5755196,
              -23.7280359
            ],
            [
              -46.5753217,
              -23.7280245
            ],
            [
              -46.5750724,
              -23.728067
            ],
            [
              -46.574072,
              -23.7282374
            ],
            [
              -46.5702884,
              -23.7288959
            ],
            [
              -46.57024,
              -23.7278105
            ],
            [
              -46.570183,
              -23.7266856
            ],
            [
              -46.5693944,
              -23.7266866
            ],
            [
              -46.5671759,
              -23.7266231
            ],
            [
              -46.5657162,
              -23.7266101
            ],
            [
              -46.5655183,
              -23.7265066
            ],
            [
              -46.5630232,
              -23.7264775
            ],
            [
              -46.5620393,
              -23.7263942
            ],
            [
              -46.560628,
              -23.7263254
            ],
            [
              -46.5602924,
              -23.7263101
            ],
            [
              -46.5599244,
              -23.7262448
            ],
            [
              -46.5595614,
              -23.726172
            ],
            [
              -46.5592233,
              -23.7260946
            ],
            [
              -46.5588669,
              -23.7260551
            ],
            [
              -46.5584426,
              -23.7260263
            ],
            [
              -46.558038,
              -23.7260091
            ],
            [
              -46.5575492,
              -23.7259884
            ],
            [
              -46.5573058,
              -23.7259682
            ],
            [
              -46.5570696,
              -23.7259151
            ],
            [
              -46.5569229,
              -23.725846
            ],
            [
              -46.5563826,
              -23.7255783
            ],
            [
              -46.5554928,
              -23.7250682
            ],
            [
              -46.5552674,
              -23.7248773
            ],
            [
              -46.5550336,
              -23.7246634
            ],
            [
              -46.5545331,
              -23.7242142
            ],
            [
              -46.5543557,
              -23.7240549
            ],
            [
              -46.5541369,
              -23.7239062
            ],
            [
              -46.5537905,
              -23.7236406
            ],
            [
              -46.5536662,
              -23.7235738
            ],
            [
              -46.5536129,
              -23.7235645
            ],
            [
              -46.55358,
              -23.7235587
            ],
            [
              -46.5533891,
              -23.7237193
            ],
            [
              -46.553212,
              -23.7238682
            ],
            [
              -46.5531891,
              -23.7239844
            ],
            [
              -46.5529922,
              -23.724316
            ],
            [
              -46.5527223,
              -23.7246179
            ],
            [
              -46.5524814,
              -23.7247345
            ],
            [
              -46.5523933,
              -23.724776
            ],
            [
              -46.5521143,
              -23.724615
            ],
            [
              -46.5520327,
              -23.7245422
            ],
            [
              -46.5519333,
              -23.7244536
            ],
            [
              -46.551893,
              -23.7244176
            ]
          ]
        ]
      },
      "id": "relation/4133967"
    },
    {
      "type": "Feature",
      "properties": {
        "@id": "relation/4133968",
        "admin_level": "10",
        "boundary": "administrative",
        "name": "Batistini",
        "place": "suburb",
        "population": "28726",
        "type": "boundary"
      },
      "geometry": {
        "type": "Polygon",
        "coordinates": [
          [
            [
              -46.5800727,
              -23.7486961
            ],
            [
              -46.5810162,
              -23.748715
            ],
            [
              -46.5810285,
              -23.7487157
            ],
            [
              -46.5819242,
              -23.7487663
            ],
            [
              -46.5825109,
              -23.7489363
            ],
            [
              -46.5831507,
              -23.7492223
            ],
            [
              -46.5838671,
              -23.7496379
            ],
            [
              -46.5843622,
              -23.7500239
            ],
            [
              -46.5851085,
              -23.7508978
            ],
            [
              -46.5855856,
              -23.7517405
            ],
            [
              -46.5867068,
              -23.7599342
            ],
            [
              -46.5867363,
              -23.7607221
            ],
            [
              -46.5868483,
              -23.7614183
            ],
            [
              -46.5867835,
              -23.7619147
            ],
            [
              -46.5867481,
              -23.7629725
            ],
            [
              -46.5871019,
              -23.7638521
            ],
            [
              -46.5871429,
              -23.7639028
            ],
            [
              -46.5872143,
              -23.7639605
            ],
            [
              -46.5873868,
              -23.7640382
            ],
            [
              -46.587568,
              -23.7640834
            ],
            [
              -46.5877626,
              -23.7641176
            ],
            [
              -46.5879623,
              -23.76418
            ],
            [
              -46.588092,
              -23.7642481
            ],
            [
              -46.5882753,
              -23.7643918
            ],
            [
              -46.5885406,
              -23.7646778
            ],
            [
              -46.5887166,
              -23.7649474
            ],
            [
              -46.5888785,
              -23.76514
            ],
            [
              -46.5889869,
              -23.7652296
            ],
            [
              -46.5891092,
              -23.7653064
            ],
            [
              -46.5892878,
              -23.7653952
            ],
            [
              -46.5895154,
              -23.7654533
            ],
            [
              -46.5896947,
              -23.7654557
            ],
            [
              -46.5899186,
              -23.7654254
            ],
            [
              -46.590081,
              -23.765377
            ],
            [
              -46.5902264,
              -23.7653104
            ],
            [
              -46.5903896,
              -23.7651825
            ],
            [
              -46.5905092,
              -23.7650566
            ],
            [
              -46.5906286,
              -23.7648554
            ],
            [
              -46.5906989,
              -23.7646495
            ],
            [
              -46.5907629,
              -23.7633915
            ],
            [
              -46.5912211,
              -23.7634238
            ],
            [
              -46.5952581,
              -23.7637243
            ],
            [
              -46.5958245,
              -23.7641924
            ],
            [
              -46.5963681,
              -23.7645721
            ],
            [
              -46.5964633,
              -23.7650419
            ],
            [
              -46.5968748,
              -23.7652729
            ],
            [
              -46.5971403,
              -23.7654576
            ],
            [
              -46.5975128,
              -23.7657167
            ],
            [
              -46.5977415,
              -23.7658225
            ],
            [
              -46.5980188,
              -23.765904
            ],
            [
              -46.5982605,
              -23.7659472
            ],
            [
              -46.5984189,
              -23.7659873
            ],
            [
              -46.5985262,
              -23.7660585
            ],
            [
              -46.5986385,
              -23.7661931
            ],
            [
              -46.598836,
              -23.7663695
            ],
            [
              -46.599015,
              -23.7664756
            ],
            [
              -46.599276,
              -23.7664702
            ],
            [
              -46.599403,
              -23.765965
            ],
            [
              -46.5996894,
              -23.7657579
            ],
            [
              -46.6001035,
              -23.7656521
            ],
            [
              -46.6005629,
              -23.7657052
            ],
            [
              -46.6009457,
              -23.7657895
            ],
            [
              -46.6014044,
              -23.7660795
            ],
            [
              -46.6024217,
              -23.7661635
            ],
            [
              -46.6027469,
              -23.7658887
            ],
            [
              -46.6035308,
              -23.7659498
            ],
            [
              -46.6051485,
              -23.7662551
            ],
            [
              -46.606391,
              -23.7665756
            ],
            [
              -46.6074251,
              -23.7669572
            ],
            [
              -46.6080838,
              -23.7673082
            ],
            [
              -46.6079838,
              -23.7677051
            ],
            [
              -46.6075752,
              -23.7681172
            ],
            [
              -46.6062743,
              -23.7688422
            ],
            [
              -46.6052909,
              -23.7691089
            ],
            [
              -46.6047268,
              -23.7694011
            ],
            [
              -46.6039067,
              -23.7696353
            ],
            [
              -46.6045394,
              -23.7699616
            ],
            [
              -46.6049067,
              -23.7699797
            ],
            [
              -46.6056471,
              -23.7695949
            ],
            [
              -46.6065562,
              -23.7695509
            ],
            [
              -46.6075402,
              -23.7692991
            ],
            [
              -46.6079738,
              -23.7696348
            ],
            [
              -46.6084158,
              -23.7699172
            ],
            [
              -46.6088494,
              -23.7711077
            ],
            [
              -46.6091329,
              -23.7717717
            ],
            [
              -46.6090912,
              -23.7713901
            ],
            [
              -46.6090579,
              -23.7704133
            ],
            [
              -46.6089328,
              -23.7694975
            ],
            [
              -46.6090412,
              -23.7689556
            ],
            [
              -46.609233,
              -23.7687725
            ],
            [
              -46.6094998,
              -23.768139
            ],
            [
              -46.6101753,
              -23.7677346
            ],
            [
              -46.6107674,
              -23.7677575
            ],
            [
              -46.6118181,
              -23.7685283
            ],
            [
              -46.6118598,
              -23.7681467
            ],
            [
              -46.6113177,
              -23.7674293
            ],
            [
              -46.6106444,
              -23.7666988
            ],
            [
              -46.6113011,
              -23.7665669
            ],
            [
              -46.6121261,
              -23.7660423
            ],
            [
              -46.6135741,
              -23.7658417
            ],
            [
              -46.6143448,
              -23.7660251
            ],
            [
              -46.6149686,
              -23.7663082
            ],
            [
              -46.615112,
              -23.7669332
            ],
            [
              -46.6150953,
              -23.7678567
            ],
            [
              -46.6148534,
              -23.7689022
            ],
            [
              -46.6148451,
              -23.7693677
            ],
            [
              -46.6152204,
              -23.7693754
            ],
            [
              -46.6155122,
              -23.7690777
            ],
            [
              -46.6156957,
              -23.7681696
            ],
            [
              -46.6161877,
              -23.7672232
            ],
            [
              -46.6160793,
              -23.7662693
            ],
            [
              -46.6159709,
              -23.7657427
            ],
            [
              -46.6168131,
              -23.7655519
            ],
            [
              -46.6176386,
              -23.7657122
            ],
            [
              -46.6184475,
              -23.7662464
            ],
            [
              -46.6187227,
              -23.7668417
            ],
            [
              -46.619098,
              -23.7675819
            ],
            [
              -46.619615,
              -23.7681238
            ],
            [
              -46.6200319,
              -23.7681467
            ],
            [
              -46.6207741,
              -23.7678643
            ],
            [
              -46.6215496,
              -23.7681238
            ],
            [
              -46.6221333,
              -23.7685283
            ],
            [
              -46.622642,
              -23.7690167
            ],
            [
              -46.6228672,
              -23.7694975
            ],
            [
              -46.6232591,
              -23.7697035
            ],
            [
              -46.6233175,
              -23.770253
            ],
            [
              -46.6233175,
              -23.7709322
            ],
            [
              -46.6234425,
              -23.7715656
            ],
            [
              -46.6244516,
              -23.7718938
            ],
            [
              -46.6253522,
              -23.7726264
            ],
            [
              -46.6255606,
              -23.7732827
            ],
            [
              -46.6251604,
              -23.7742671
            ],
            [
              -46.624043,
              -23.7750531
            ],
            [
              -46.6235259,
              -23.7756636
            ],
            [
              -46.6230756,
              -23.7756331
            ],
            [
              -46.6231173,
              -23.7749692
            ],
            [
              -46.6240763,
              -23.7746792
            ],
            [
              -46.6248935,
              -23.7739771
            ],
            [
              -46.625052,
              -23.7735345
            ],
            [
              -46.6247017,
              -23.773153
            ],
            [
              -46.6241847,
              -23.7724356
            ],
            [
              -46.6232508,
              -23.7722219
            ],
            [
              -46.6232341,
              -23.7721227
            ],
            [
              -46.6225836,
              -23.7721303
            ],
            [
              -46.6212077,
              -23.7724585
            ],
            [
              -46.6203738,
              -23.7726188
            ],
            [
              -46.6201153,
              -23.7729164
            ],
            [
              -46.6197317,
              -23.7733972
            ],
            [
              -46.6194065,
              -23.7731377
            ],
            [
              -46.6192647,
              -23.7727637
            ],
            [
              -46.6188978,
              -23.7727103
            ],
            [
              -46.6186477,
              -23.7734429
            ],
            [
              -46.6182891,
              -23.773565
            ],
            [
              -46.6168881,
              -23.7732522
            ],
            [
              -46.6161942,
              -23.773578
            ],
            [
              -46.6174017,
              -23.774067
            ],
            [
              -46.6180723,
              -23.7744579
            ],
            [
              -46.6177471,
              -23.7746182
            ],
            [
              -46.6174941,
              -23.7747017
            ],
            [
              -46.6174802,
              -23.7753813
            ],
            [
              -46.6174332,
              -23.7758284
            ],
            [
              -46.6170762,
              -23.7760245
            ],
            [
              -46.6173384,
              -23.7763428
            ],
            [
              -46.6179305,
              -23.7761215
            ],
            [
              -46.6180473,
              -23.7751447
            ],
            [
              -46.6181557,
              -23.7745495
            ],
            [
              -46.6182358,
              -23.7744955
            ],
            [
              -46.6188755,
              -23.7747788
            ],
            [
              -46.619421,
              -23.7751835
            ],
            [
              -46.6195065,
              -23.7757042
            ],
            [
              -46.619592,
              -23.7759255
            ],
            [
              -46.6194976,
              -23.7763707
            ],
            [
              -46.6192883,
              -23.7769426
            ],
            [
              -46.6190937,
              -23.7771099
            ],
            [
              -46.6185925,
              -23.7771801
            ],
            [
              -46.6182269,
              -23.7769588
            ],
            [
              -46.6176432,
              -23.7768293
            ],
            [
              -46.6166883,
              -23.7760351
            ],
            [
              -46.6163793,
              -23.776396
            ],
            [
              -46.6164641,
              -23.7774734
            ],
            [
              -46.6163931,
              -23.7780003
            ],
            [
              -46.6163548,
              -23.7781972
            ],
            [
              -46.6165464,
              -23.778556
            ],
            [
              -46.6164167,
              -23.7787314
            ],
            [
              -46.6158949,
              -23.7787233
            ],
            [
              -46.6154379,
              -23.7790093
            ],
            [
              -46.6152197,
              -23.7791685
            ],
            [
              -46.6149691,
              -23.7793223
            ],
            [
              -46.6143942,
              -23.7794383
            ],
            [
              -46.6141819,
              -23.779298
            ],
            [
              -46.613781,
              -23.7789446
            ],
            [
              -46.6134331,
              -23.7787746
            ],
            [
              -46.6130881,
              -23.7786181
            ],
            [
              -46.6131412,
              -23.7784508
            ],
            [
              -46.6131766,
              -23.7780596
            ],
            [
              -46.6127933,
              -23.7783375
            ],
            [
              -46.6124572,
              -23.7786424
            ],
            [
              -46.6118941,
              -23.7788312
            ],
            [
              -46.611614,
              -23.7788744
            ],
            [
              -46.6114017,
              -23.7785641
            ],
            [
              -46.6114548,
              -23.7783456
            ],
            [
              -46.6114135,
              -23.7781271
            ],
            [
              -46.6114489,
              -23.7778923
            ],
            [
              -46.6116258,
              -23.777806
            ],
            [
              -46.6117909,
              -23.7775929
            ],
            [
              -46.6117408,
              -23.7773824
            ],
            [
              -46.6116553,
              -23.7771612
            ],
            [
              -46.6115108,
              -23.7768563
            ],
            [
              -46.6114371,
              -23.7765919
            ],
            [
              -46.6116051,
              -23.7764327
            ],
            [
              -46.6114459,
              -23.7761818
            ],
            [
              -46.6112513,
              -23.7764516
            ],
            [
              -46.6111423,
              -23.7767322
            ],
            [
              -46.6110951,
              -23.7770937
            ],
            [
              -46.6108946,
              -23.7772421
            ],
            [
              -46.6108121,
              -23.7775821
            ],
            [
              -46.6105556,
              -23.7778438
            ],
            [
              -46.6102991,
              -23.7780165
            ],
            [
              -46.6100396,
              -23.7779841
            ],
            [
              -46.6099924,
              -23.7781433
            ],
            [
              -46.6101104,
              -23.7783861
            ],
            [
              -46.6104022,
              -23.7788366
            ],
            [
              -46.6104258,
              -23.7792009
            ],
            [
              -46.6102637,
              -23.7793573
            ],
            [
              -46.610072,
              -23.779584
            ],
            [
              -46.6100573,
              -23.7799212
            ],
            [
              -46.6099305,
              -23.7803313
            ],
            [
              -46.6096829,
              -23.7806686
            ],
            [
              -46.6095826,
              -23.7805552
            ],
            [
              -46.6094382,
              -23.7802234
            ],
            [
              -46.609391,
              -23.7797405
            ],
            [
              -46.6094146,
              -23.7795327
            ],
            [
              -46.6092701,
              -23.7793708
            ],
            [
              -46.6090077,
              -23.7796083
            ],
            [
              -46.6088721,
              -23.7799401
            ],
            [
              -46.6087984,
              -23.7802072
            ],
            [
              -46.6087129,
              -23.7805579
            ],
            [
              -46.6085036,
              -23.7807927
            ],
            [
              -46.6082618,
              -23.7807522
            ],
            [
              -46.6079316,
              -23.780334
            ],
            [
              -46.6077488,
              -23.7799887
            ],
            [
              -46.6078137,
              -23.7797081
            ],
            [
              -46.6080083,
              -23.779325
            ],
            [
              -46.6081881,
              -23.7788312
            ],
            [
              -46.6084829,
              -23.7784427
            ],
            [
              -46.6087099,
              -23.7779274
            ],
            [
              -46.6088249,
              -23.7776468
            ],
            [
              -46.6090785,
              -23.7770802
            ],
            [
              -46.6088131,
              -23.7768158
            ],
            [
              -46.6082353,
              -23.7769157
            ],
            [
              -46.6081498,
              -23.7773096
            ],
            [
              -46.607964,
              -23.7779193
            ],
            [
              -46.6074717,
              -23.7785992
            ],
            [
              -46.6069528,
              -23.7792063
            ],
            [
              -46.6065776,
              -23.7792204
            ],
            [
              -46.606425,
              -23.7789958
            ],
            [
              -46.6062305,
              -23.7784751
            ],
            [
              -46.6060624,
              -23.7781298
            ],
            [
              -46.6059445,
              -23.7775578
            ],
            [
              -46.6057027,
              -23.7773554
            ],
            [
              -46.6055406,
              -23.7771126
            ],
            [
              -46.6054757,
              -23.7766459
            ],
            [
              -46.6053784,
              -23.7761278
            ],
            [
              -46.6049716,
              -23.7760469
            ],
            [
              -46.6048477,
              -23.7763248
            ],
            [
              -46.6047033,
              -23.7768428
            ],
            [
              -46.6046885,
              -23.7771207
            ],
            [
              -46.6048094,
              -23.7774067
            ],
            [
              -46.6049185,
              -23.7777817
            ],
            [
              -46.6049981,
              -23.7780326
            ],
            [
              -46.6052015,
              -23.7784211
            ],
            [
              -46.6053814,
              -23.7791874
            ],
            [
              -46.6052959,
              -23.7796838
            ],
            [
              -46.6050836,
              -23.7797459
            ],
            [
              -46.6045234,
              -23.7798214
            ],
            [
              -46.6039426,
              -23.7797701
            ],
            [
              -46.6035859,
              -23.779468
            ],
            [
              -46.603409,
              -23.7790255
            ],
            [
              -46.603291,
              -23.778324
            ],
            [
              -46.6032704,
              -23.7779301
            ],
            [
              -46.6032763,
              -23.7775929
            ],
            [
              -46.6029196,
              -23.7774634
            ],
            [
              -46.6025481,
              -23.7773986
            ],
            [
              -46.6024302,
              -23.7774715
            ],
            [
              -46.6025127,
              -23.7777035
            ],
            [
              -46.6026808,
              -23.7780434
            ],
            [
              -46.6026837,
              -23.7784751
            ],
            [
              -46.6026306,
              -23.7788501
            ],
            [
              -46.6024213,
              -23.7790929
            ],
            [
              -46.602153,
              -23.7791928
            ],
            [
              -46.6018788,
              -23.7792791
            ],
            [
              -46.6017049,
              -23.779182
            ],
            [
              -46.6011093,
              -23.7790902
            ],
            [
              -46.6011329,
              -23.779352
            ],
            [
              -46.6014779,
              -23.7795543
            ],
            [
              -46.6018611,
              -23.7797809
            ],
            [
              -46.602271,
              -23.780021
            ],
            [
              -46.602669,
              -23.7802234
            ],
            [
              -46.6029019,
              -23.7803286
            ],
            [
              -46.6031318,
              -23.7805364
            ],
            [
              -46.6031967,
              -23.78079
            ],
            [
              -46.6033353,
              -23.7811488
            ],
            [
              -46.6033618,
              -23.7815724
            ],
            [
              -46.6033589,
              -23.7816236
            ],
            [
              -46.6039072,
              -23.7818583
            ],
            [
              -46.6044998,
              -23.7816533
            ],
            [
              -46.6050305,
              -23.7816587
            ],
            [
              -46.6054403,
              -23.7818017
            ],
            [
              -46.6060034,
              -23.7821497
            ],
            [
              -46.6064457,
              -23.7823736
            ],
            [
              -46.6068083,
              -23.7827055
            ],
            [
              -46.6071592,
              -23.7831533
            ],
            [
              -46.6072624,
              -23.7836524
            ],
            [
              -46.6073007,
              -23.78413
            ],
            [
              -46.6072624,
              -23.7844483
            ],
            [
              -46.6070648,
              -23.7848962
            ],
            [
              -46.6068349,
              -23.7852927
            ],
            [
              -46.6066727,
              -23.7856516
            ],
            [
              -46.6066933,
              -23.7858296
            ],
            [
              -46.6069528,
              -23.7857676
            ],
            [
              -46.6073773,
              -23.7855868
            ],
            [
              -46.60774,
              -23.7855113
            ],
            [
              -46.6080289,
              -23.7857379
            ],
            [
              -46.6083001,
              -23.7860751
            ],
            [
              -46.60848,
              -23.786121
            ],
            [
              -46.6085006,
              -23.7858944
            ],
            [
              -46.6083738,
              -23.7855625
            ],
            [
              -46.6082854,
              -23.7850634
            ],
            [
              -46.6081999,
              -23.7847154
            ],
            [
              -46.6082264,
              -23.7844699
            ],
            [
              -46.6083149,
              -23.7841812
            ],
            [
              -46.608424,
              -23.7838386
            ],
            [
              -46.6086244,
              -23.7836848
            ],
            [
              -46.6088809,
              -23.7836794
            ],
            [
              -46.6091876,
              -23.7837792
            ],
            [
              -46.6094883,
              -23.7840167
            ],
            [
              -46.6101222,
              -23.7844834
            ],
            [
              -46.6106116,
              -23.7852685
            ],
            [
              -46.6108887,
              -23.7858728
            ],
            [
              -46.6108297,
              -23.7862127
            ],
            [
              -46.6108946,
              -23.7866066
            ],
            [
              -46.6108121,
              -23.7868818
            ],
            [
              -46.6103757,
              -23.786933
            ],
            [
              -46.610414,
              -23.7871785
            ],
            [
              -46.610529,
              -23.7875211
            ],
            [
              -46.6105695,
              -23.7877905
            ],
            [
              -46.6102136,
              -23.7881524
            ],
            [
              -46.609677,
              -23.7884762
            ],
            [
              -46.6094205,
              -23.7883305
            ],
            [
              -46.6093143,
              -23.7880742
            ],
            [
              -46.6093527,
              -23.7878314
            ],
            [
              -46.6092908,
              -23.7875994
            ],
            [
              -46.6089311,
              -23.7877262
            ],
            [
              -46.6088249,
              -23.7878692
            ],
            [
              -46.6083738,
              -23.7882738
            ],
            [
              -46.6082707,
              -23.7884977
            ],
            [
              -46.6082736,
              -23.7886542
            ],
            [
              -46.6083591,
              -23.7889537
            ],
            [
              -46.6087866,
              -23.7891614
            ],
            [
              -46.6090136,
              -23.7894716
            ],
            [
              -46.6087925,
              -23.7896524
            ],
            [
              -46.6086598,
              -23.7898358
            ],
            [
              -46.608138,
              -23.7900247
            ],
            [
              -46.6079758,
              -23.7904482
            ],
            [
              -46.6077989,
              -23.7907153
            ],
            [
              -46.6076486,
              -23.7907827
            ],
            [
              -46.6073331,
              -23.7910579
            ],
            [
              -46.6072181,
              -23.7913843
            ],
            [
              -46.6071503,
              -23.7913978
            ],
            [
              -46.6071769,
              -23.7910714
            ],
            [
              -46.6072741,
              -23.7907692
            ],
            [
              -46.6073154,
              -23.790513
            ],
            [
              -46.6070442,
              -23.7901784
            ],
            [
              -46.6069145,
              -23.7898871
            ],
            [
              -46.6067995,
              -23.7894581
            ],
            [
              -46.6064575,
              -23.7891884
            ],
            [
              -46.6060683,
              -23.7888404
            ],
            [
              -46.6060005,
              -23.7884762
            ],
            [
              -46.605971,
              -23.788031
            ],
            [
              -46.6057116,
              -23.7880094
            ],
            [
              -46.6054669,
              -23.7881173
            ],
            [
              -46.6053607,
              -23.7880607
            ],
            [
              -46.6052575,
              -23.7879042
            ],
            [
              -46.6049598,
              -23.787683
            ],
            [
              -46.6046207,
              -23.787683
            ],
            [
              -46.6045382,
              -23.7879636
            ],
            [
              -46.6046561,
              -23.7883062
            ],
            [
              -46.6048684,
              -23.788692
            ],
            [
              -46.6047947,
              -23.7891398
            ],
            [
              -46.6045765,
              -23.7891479
            ],
            [
              -46.603975,
              -23.7889267
            ],
            [
              -46.6036124,
              -23.7888188
            ],
            [
              -46.6031849,
              -23.7883898
            ],
            [
              -46.6030847,
              -23.7882172
            ],
            [
              -46.6029638,
              -23.7881173
            ],
            [
              -46.6027781,
              -23.7880661
            ],
            [
              -46.6026041,
              -23.7881066
            ],
            [
              -46.6025216,
              -23.7882981
            ],
            [
              -46.6025216,
              -23.7884519
            ],
            [
              -46.6027604,
              -23.7887082
            ],
            [
              -46.6028518,
              -23.7888916
            ],
            [
              -46.602554,
              -23.7893421
            ],
            [
              -46.6022857,
              -23.7898763
            ],
            [
              -46.602271,
              -23.7903592
            ],
            [
              -46.601811,
              -23.7905264
            ],
            [
              -46.6015929,
              -23.7902944
            ],
            [
              -46.601469,
              -23.7901029
            ],
            [
              -46.6011477,
              -23.7903079
            ],
            [
              -46.6009236,
              -23.7902054
            ],
            [
              -46.6009796,
              -23.7898601
            ],
            [
              -46.6010415,
              -23.7897522
            ],
            [
              -46.6012685,
              -23.7895768
            ],
            [
              -46.6015339,
              -23.7895445
            ],
            [
              -46.6020439,
              -23.789388
            ],
            [
              -46.6021884,
              -23.7891641
            ],
            [
              -46.6019614,
              -23.7890481
            ],
            [
              -46.6015398,
              -23.7890265
            ],
            [
              -46.6013157,
              -23.789013
            ],
            [
              -46.6012066,
              -23.788808
            ],
            [
              -46.6012685,
              -23.7885571
            ],
            [
              -46.6013393,
              -23.7882145
            ],
            [
              -46.601472,
              -23.7879744
            ],
            [
              -46.6012656,
              -23.7878611
            ],
            [
              -46.6007909,
              -23.7881902
            ],
            [
              -46.6005875,
              -23.7883467
            ],
            [
              -46.6003163,
              -23.7883413
            ],
            [
              -46.6001512,
              -23.7880688
            ],
            [
              -46.5999919,
              -23.7878584
            ],
            [
              -46.5997148,
              -23.7880013
            ],
            [
              -46.5993699,
              -23.7883575
            ],
            [
              -46.5990485,
              -23.7884303
            ],
            [
              -46.5980461,
              -23.7876857
            ],
            [
              -46.5970038,
              -23.7874181
            ],
            [
              -46.5963493,
              -23.7873102
            ],
            [
              -46.595571,
              -23.7871079
            ],
            [
              -46.5952467,
              -23.787
            ],
            [
              -46.595002,
              -23.7868732
            ],
            [
              -46.5948044,
              -23.7869001
            ],
            [
              -46.5947101,
              -23.7870134
            ],
            [
              -46.5945774,
              -23.7869028
            ],
            [
              -46.594374,
              -23.7868327
            ],
            [
              -46.5942354,
              -23.7869109
            ],
            [
              -46.5940762,
              -23.7869703
            ],
            [
              -46.5937106,
              -23.7869028
            ],
            [
              -46.5934925,
              -23.7868893
            ],
            [
              -46.5931446,
              -23.7866438
            ],
            [
              -46.5922807,
              -23.7853624
            ],
            [
              -46.5914788,
              -23.7844235
            ],
            [
              -46.5913579,
              -23.7844127
            ],
            [
              -46.5911515,
              -23.7844748
            ],
            [
              -46.5908656,
              -23.7843777
            ],
            [
              -46.5908479,
              -23.7841834
            ],
            [
              -46.5907299,
              -23.7841133
            ],
            [
              -46.5900902,
              -23.784
            ],
            [
              -46.5895536,
              -23.7839865
            ],
            [
              -46.5895654,
              -23.7838246
            ],
            [
              -46.5897629,
              -23.7835845
            ],
            [
              -46.5899103,
              -23.7836627
            ],
            [
              -46.5901727,
              -23.78366
            ],
            [
              -46.5902523,
              -23.7834928
            ],
            [
              -46.590273,
              -23.783223
            ],
            [
              -46.5902081,
              -23.7828426
            ],
            [
              -46.5903437,
              -23.7825566
            ],
            [
              -46.5906179,
              -23.7822301
            ],
            [
              -46.5908921,
              -23.7818794
            ],
            [
              -46.5912813,
              -23.7816447
            ],
            [
              -46.5916528,
              -23.7817121
            ],
            [
              -46.5918061,
              -23.7819523
            ],
            [
              -46.5921215,
              -23.7820979
            ],
            [
              -46.5925254,
              -23.7822679
            ],
            [
              -46.5927849,
              -23.7822167
            ],
            [
              -46.5928291,
              -23.7818983
            ],
            [
              -46.5924812,
              -23.781642
            ],
            [
              -46.5923721,
              -23.7814208
            ],
            [
              -46.5920655,
              -23.7811618
            ],
            [
              -46.5920685,
              -23.780927
            ],
            [
              -46.5922601,
              -23.7805925
            ],
            [
              -46.5924517,
              -23.7804549
            ],
            [
              -46.592608,
              -23.7805008
            ],
            [
              -46.5929411,
              -23.7806626
            ],
            [
              -46.5932625,
              -23.7806384
            ],
            [
              -46.5934158,
              -23.7804306
            ],
            [
              -46.5933539,
              -23.7802067
            ],
            [
              -46.5931328,
              -23.7801096
            ],
            [
              -46.5930001,
              -23.7799045
            ],
            [
              -46.5931416,
              -23.7796806
            ],
            [
              -46.5932271,
              -23.7795079
            ],
            [
              -46.5934423,
              -23.7793946
            ],
            [
              -46.593575,
              -23.7791815
            ],
            [
              -46.5933627,
              -23.7790709
            ],
            [
              -46.5930886,
              -23.7790088
            ],
            [
              -46.593062,
              -23.7787795
            ],
            [
              -46.5931121,
              -23.7784368
            ],
            [
              -46.5933627,
              -23.7781859
            ],
            [
              -46.5936399,
              -23.7780699
            ],
            [
              -46.5939082,
              -23.7779944
            ],
            [
              -46.5941853,
              -23.7777165
            ],
            [
              -46.5939318,
              -23.7776301
            ],
            [
              -46.5935514,
              -23.777738
            ],
            [
              -46.5931475,
              -23.7774467
            ],
            [
              -46.5930886,
              -23.7771283
            ],
            [
              -46.5931711,
              -23.7768207
            ],
            [
              -46.5931151,
              -23.7766373
            ],
            [
              -46.5931711,
              -23.7763027
            ],
            [
              -46.5931593,
              -23.7760194
            ],
            [
              -46.5930886,
              -23.7757118
            ],
            [
              -46.5930768,
              -23.775415
            ],
            [
              -46.5927878,
              -23.7752721
            ],
            [
              -46.5927436,
              -23.7754339
            ],
            [
              -46.5927082,
              -23.7754555
            ],
            [
              -46.5928468,
              -23.7757199
            ],
            [
              -46.5929235,
              -23.7761057
            ],
            [
              -46.5928733,
              -23.7767883
            ],
            [
              -46.5928321,
              -23.7772092
            ],
            [
              -46.5926434,
              -23.7773145
            ],
            [
              -46.5923367,
              -23.7772983
            ],
            [
              -46.5922129,
              -23.7772065
            ],
            [
              -46.5919476,
              -23.7771823
            ],
            [
              -46.591921,
              -23.7773199
            ],
            [
              -46.5920419,
              -23.7775141
            ],
            [
              -46.5921481,
              -23.7776625
            ],
            [
              -46.5921775,
              -23.7779944
            ],
            [
              -46.5920567,
              -23.7783532
            ],
            [
              -46.5918238,
              -23.7787282
            ],
            [
              -46.5916203,
              -23.7789521
            ],
            [
              -46.5914405,
              -23.7791221
            ],
            [
              -46.5910513,
              -23.7799666
            ],
            [
              -46.5902199,
              -23.7803632
            ],
            [
              -46.5898632,
              -23.7807031
            ],
            [
              -46.5894327,
              -23.7808623
            ],
            [
              -46.5890878,
              -23.7806842
            ],
            [
              -46.588445,
              -23.780231
            ],
            [
              -46.5883802,
              -23.7801177
            ],
            [
              -46.5883595,
              -23.7799234
            ],
            [
              -46.588445,
              -23.7798047
            ],
            [
              -46.5885453,
              -23.7796779
            ],
            [
              -46.5884215,
              -23.779489
            ],
            [
              -46.5882151,
              -23.779141
            ],
            [
              -46.5880559,
              -23.7787768
            ],
            [
              -46.5880087,
              -23.77848
            ],
            [
              -46.5880765,
              -23.7782642
            ],
            [
              -46.5883684,
              -23.7780996
            ],
            [
              -46.5886249,
              -23.7779134
            ],
            [
              -46.5887694,
              -23.7777057
            ],
            [
              -46.5887192,
              -23.7775681
            ],
            [
              -46.5884893,
              -23.7773954
            ],
            [
              -46.5882888,
              -23.7775114
            ],
            [
              -46.5882062,
              -23.7776355
            ],
            [
              -46.587991,
              -23.7776517
            ],
            [
              -46.58782,
              -23.7774925
            ],
            [
              -46.58782,
              -23.7772686
            ],
            [
              -46.587876,
              -23.7770285
            ],
            [
              -46.5880913,
              -23.7767128
            ],
            [
              -46.5884244,
              -23.7764754
            ],
            [
              -46.5887104,
              -23.7761867
            ],
            [
              -46.5885188,
              -23.7760761
            ],
            [
              -46.5881178,
              -23.7762218
            ],
            [
              -46.5877611,
              -23.776389
            ],
            [
              -46.5874839,
              -23.7763675
            ],
            [
              -46.5872775,
              -23.7761165
            ],
            [
              -46.5870269,
              -23.7756822
            ],
            [
              -46.586912,
              -23.7754231
            ],
            [
              -46.5869768,
              -23.7750886
            ],
            [
              -46.5872009,
              -23.7748754
            ],
            [
              -46.5874957,
              -23.7747109
            ],
            [
              -46.5877109,
              -23.774522
            ],
            [
              -46.5876844,
              -23.7742684
            ],
            [
              -46.5874662,
              -23.7742522
            ],
            [
              -46.5871979,
              -23.7745085
            ],
            [
              -46.5867527,
              -23.7746407
            ],
            [
              -46.5864962,
              -23.7746488
            ],
            [
              -46.5863783,
              -23.7743898
            ],
            [
              -46.5863577,
              -23.7740795
            ],
            [
              -46.5861631,
              -23.7738556
            ],
            [
              -46.585998,
              -23.7735399
            ],
            [
              -46.5860894,
              -23.7733888
            ],
            [
              -46.5858653,
              -23.773235
            ],
            [
              -46.5856177,
              -23.7732404
            ],
            [
              -46.5854703,
              -23.7733106
            ],
            [
              -46.5854142,
              -23.7735318
            ],
            [
              -46.5851902,
              -23.7738205
            ],
            [
              -46.5848098,
              -23.7740067
            ],
            [
              -46.5843116,
              -23.7742036
            ],
            [
              -46.5839766,
              -23.7743302
            ],
            [
              -46.5839047,
              -23.7743574
            ],
            [
              -46.5835008,
              -23.7743385
            ],
            [
              -46.5835067,
              -23.7744869
            ],
            [
              -46.5837632,
              -23.774522
            ],
            [
              -46.5843293,
              -23.774495
            ],
            [
              -46.585143,
              -23.7745787
            ],
            [
              -46.5854231,
              -23.7747675
            ],
            [
              -46.5856118,
              -23.7751803
            ],
            [
              -46.5858093,
              -23.7756147
            ],
            [
              -46.5860776,
              -23.7762353
            ],
            [
              -46.586281,
              -23.7767101
            ],
            [
              -46.5863547,
              -23.7769853
            ],
            [
              -46.5862191,
              -23.7771013
            ],
            [
              -46.5860363,
              -23.7771472
            ],
            [
              -46.5857385,
              -23.7772119
            ],
            [
              -46.5857297,
              -23.7773927
            ],
            [
              -46.5858653,
              -23.7776005
            ],
            [
              -46.5861778,
              -23.7780051
            ],
            [
              -46.5863695,
              -23.7786662
            ],
            [
              -46.5864137,
              -23.7789899
            ],
            [
              -46.5862722,
              -23.7791599
            ],
            [
              -46.5860216,
              -23.7791194
            ],
            [
              -46.5860098,
              -23.7792111
            ],
            [
              -46.5861277,
              -23.7793514
            ],
            [
              -46.5862958,
              -23.779632
            ],
            [
              -46.5863931,
              -23.7797723
            ],
            [
              -46.5862899,
              -23.7800097
            ],
            [
              -46.585995,
              -23.7801392
            ],
            [
              -46.5857032,
              -23.7800151
            ],
            [
              -46.5854762,
              -23.7800475
            ],
            [
              -46.5854349,
              -23.7801797
            ],
            [
              -46.5855145,
              -23.7802822
            ],
            [
              -46.5857474,
              -23.7804684
            ],
            [
              -46.5858329,
              -23.7805979
            ],
            [
              -46.5856383,
              -23.7808623
            ],
            [
              -46.58537,
              -23.7808056
            ],
            [
              -46.5851636,
              -23.7803605
            ],
            [
              -46.5847922,
              -23.7801015
            ],
            [
              -46.5845474,
              -23.7799801
            ],
            [
              -46.5842703,
              -23.7798182
            ],
            [
              -46.5841878,
              -23.7792921
            ],
            [
              -46.5838782,
              -23.7787309
            ],
            [
              -46.5835745,
              -23.778426
            ],
            [
              -46.5833121,
              -23.7780753
            ],
            [
              -46.5831971,
              -23.7777893
            ],
            [
              -46.5830438,
              -23.7776355
            ],
            [
              -46.5828345,
              -23.7776679
            ],
            [
              -46.5827726,
              -23.7779404
            ],
            [
              -46.5826783,
              -23.77814
            ],
            [
              -46.5823451,
              -23.7782102
            ],
            [
              -46.582239,
              -23.7780537
            ],
            [
              -46.5822596,
              -23.7777542
            ],
            [
              -46.5823539,
              -23.7774682
            ],
            [
              -46.5823539,
              -23.7772821
            ],
            [
              -46.5823038,
              -23.7771796
            ],
            [
              -46.582009,
              -23.7771715
            ],
            [
              -46.5816788,
              -23.7772875
            ],
            [
              -46.5814842,
              -23.7773792
            ],
            [
              -46.5810773,
              -23.7774089
            ],
            [
              -46.5809299,
              -23.77756
            ],
            [
              -46.580924,
              -23.7778325
            ],
            [
              -46.5809948,
              -23.7781994
            ],
            [
              -46.5810538,
              -23.778542
            ],
            [
              -46.5810066,
              -23.7789009
            ],
            [
              -46.5808032,
              -23.7790439
            ],
            [
              -46.5802725,
              -23.7794135
            ],
            [
              -46.5801369,
              -23.7796266
            ],
            [
              -46.5800248,
              -23.7798829
            ],
            [
              -46.57973,
              -23.7798128
            ],
            [
              -46.5796121,
              -23.779659
            ],
            [
              -46.5796504,
              -23.7790897
            ],
            [
              -46.5799806,
              -23.7783235
            ],
            [
              -46.5798863,
              -23.7780564
            ],
            [
              -46.5798184,
              -23.7778055
            ],
            [
              -46.5794617,
              -23.7780105
            ],
            [
              -46.5789752,
              -23.7783343
            ],
            [
              -46.5786332,
              -23.7785609
            ],
            [
              -46.5781704,
              -23.7785474
            ],
            [
              -46.5778461,
              -23.7782615
            ],
            [
              -46.5777045,
              -23.7780726
            ],
            [
              -46.5777075,
              -23.7778649
            ],
            [
              -46.5777812,
              -23.7778028
            ],
            [
              -46.5779316,
              -23.7776841
            ],
            [
              -46.5778284,
              -23.7770635
            ],
            [
              -46.5782942,
              -23.7759897
            ],
            [
              -46.578194,
              -23.7756336
            ],
            [
              -46.578303,
              -23.775442
            ],
            [
              -46.5783473,
              -23.7751992
            ],
            [
              -46.5782795,
              -23.7745571
            ],
            [
              -46.5782971,
              -23.7740957
            ],
            [
              -46.5782087,
              -23.7739014
            ],
            [
              -46.5782146,
              -23.7735885
            ],
            [
              -46.5779492,
              -23.7734239
            ],
            [
              -46.5777782,
              -23.7735993
            ],
            [
              -46.5774893,
              -23.773861
            ],
            [
              -46.5776367,
              -23.774066
            ],
            [
              -46.5774009,
              -23.7747243
            ],
            [
              -46.5772358,
              -23.7751291
            ],
            [
              -46.5770707,
              -23.7756687
            ],
            [
              -46.5768171,
              -23.7760275
            ],
            [
              -46.576823,
              -23.7764484
            ],
            [
              -46.576655,
              -23.7766912
            ],
            [
              -46.5762894,
              -23.7766319
            ],
            [
              -46.5764162,
              -23.7769125
            ],
            [
              -46.5763955,
              -23.7771283
            ],
            [
              -46.576369,
              -23.7773118
            ],
            [
              -46.5764309,
              -23.7776544
            ],
            [
              -46.5764427,
              -23.7780888
            ],
            [
              -46.5762864,
              -23.7785394
            ],
            [
              -46.5760181,
              -23.7787066
            ],
            [
              -46.575853,
              -23.7786904
            ],
            [
              -46.5756054,
              -23.7784368
            ],
            [
              -46.5753341,
              -23.7780996
            ],
            [
              -46.5751572,
              -23.7777354
            ],
            [
              -46.5750717,
              -23.7773927
            ],
            [
              -46.5748654,
              -23.7773414
            ],
            [
              -46.5745853,
              -23.77756
            ],
            [
              -46.5745086,
              -23.7777488
            ],
            [
              -46.5740988,
              -23.777819
            ],
            [
              -46.5737185,
              -23.77773
            ],
            [
              -46.5734237,
              -23.776845
            ],
            [
              -46.573403,
              -23.7764754
            ],
            [
              -46.5734178,
              -23.7761273
            ],
            [
              -46.5735357,
              -23.7756363
            ],
            [
              -46.5736536,
              -23.7753422
            ],
            [
              -46.5735711,
              -23.7751479
            ],
            [
              -46.5732409,
              -23.7750427
            ],
            [
              -46.57289,
              -23.7751776
            ],
            [
              -46.5728252,
              -23.7754097
            ],
            [
              -46.5728075,
              -23.7756633
            ],
            [
              -46.5726453,
              -23.7758764
            ],
            [
              -46.5725097,
              -23.7760599
            ],
            [
              -46.5721264,
              -23.7764619
            ],
            [
              -46.5714336,
              -23.7771607
            ],
            [
              -46.5712184,
              -23.7772929
            ],
            [
              -46.5709589,
              -23.7771094
            ],
            [
              -46.5706317,
              -23.776416
            ],
            [
              -46.5705049,
              -23.776095
            ],
            [
              -46.5703044,
              -23.7758602
            ],
            [
              -46.570101,
              -23.7756795
            ],
            [
              -46.5697855,
              -23.7759061
            ],
            [
              -46.5695054,
              -23.7760788
            ],
            [
              -46.5692018,
              -23.7761165
            ],
            [
              -46.5689158,
              -23.7760518
            ],
            [
              -46.5685296,
              -23.7755176
            ],
            [
              -46.5685944,
              -23.7748997
            ],
            [
              -46.5689924,
              -23.7744006
            ],
            [
              -46.5695143,
              -23.7747567
            ],
            [
              -46.5693846,
              -23.7738178
            ],
            [
              -46.5697059,
              -23.7735264
            ],
            [
              -46.5701246,
              -23.77361
            ],
            [
              -46.5704843,
              -23.7738043
            ],
            [
              -46.5706287,
              -23.7737638
            ],
            [
              -46.5705226,
              -23.7734616
            ],
            [
              -46.5704725,
              -23.7732485
            ],
            [
              -46.5705108,
              -23.7730273
            ],
            [
              -46.5706847,
              -23.7727628
            ],
            [
              -46.5708321,
              -23.7726306
            ],
            [
              -46.5711565,
              -23.7725686
            ],
            [
              -46.5713746,
              -23.7726279
            ],
            [
              -46.57164,
              -23.7727871
            ],
            [
              -46.5718346,
              -23.7729274
            ],
            [
              -46.5720026,
              -23.7729247
            ],
            [
              -46.571982,
              -23.7726306
            ],
            [
              -46.5720409,
              -23.7722637
            ],
            [
              -46.5723977,
              -23.7719183
            ],
            [
              -46.5727574,
              -23.7716566
            ],
            [
              -46.5733175,
              -23.7714246
            ],
            [
              -46.573689,
              -23.7713868
            ],
            [
              -46.5739308,
              -23.7714462
            ],
            [
              -46.5743907,
              -23.7715973
            ],
            [
              -46.5743317,
              -23.7714677
            ],
            [
              -46.5740959,
              -23.7710738
            ],
            [
              -46.5742315,
              -23.7706367
            ],
            [
              -46.5745086,
              -23.7703831
            ],
            [
              -46.5752457,
              -23.7698489
            ],
            [
              -46.5758825,
              -23.7693632
            ],
            [
              -46.576425,
              -23.7689585
            ],
            [
              -46.5766432,
              -23.7686832
            ],
            [
              -46.5757705,
              -23.769115
            ],
            [
              -46.5748801,
              -23.7697193
            ],
            [
              -46.5739013,
              -23.7701187
            ],
            [
              -46.5733116,
              -23.7703291
            ],
            [
              -46.573064,
              -23.770178
            ],
            [
              -46.5728635,
              -23.7700485
            ],
            [
              -46.572663,
              -23.7701457
            ],
            [
              -46.5726158,
              -23.7704532
            ],
            [
              -46.5724095,
              -23.7707015
            ],
            [
              -46.5716724,
              -23.7709875
            ],
            [
              -46.5713658,
              -23.7708742
            ],
            [
              -46.5710297,
              -23.7705072
            ],
            [
              -46.5708292,
              -23.7705882
            ],
            [
              -46.5707408,
              -23.7709713
            ],
            [
              -46.5706759,
              -23.7711278
            ],
            [
              -46.5702454,
              -23.7712951
            ],
            [
              -46.5698209,
              -23.7712195
            ],
            [
              -46.5694789,
              -23.7711224
            ],
            [
              -46.5693138,
              -23.7713059
            ],
            [
              -46.5692195,
              -23.7715973
            ],
            [
              -46.5689187,
              -23.7718779
            ],
            [
              -46.5683821,
              -23.7723419
            ],
            [
              -46.5677866,
              -23.7729841
            ],
            [
              -46.5673444,
              -23.7733025
            ],
            [
              -46.5668726,
              -23.7732701
            ],
            [
              -46.5664894,
              -23.773038
            ],
            [
              -46.5660825,
              -23.7727844
            ],
            [
              -46.5658113,
              -23.7724067
            ],
            [
              -46.5657818,
              -23.7721315
            ],
            [
              -46.5658938,
              -23.7719264
            ],
            [
              -46.5663243,
              -23.7718401
            ],
            [
              -46.5665719,
              -23.7717268
            ],
            [
              -46.5662889,
              -23.7713706
            ],
            [
              -46.5660235,
              -23.7712573
            ],
            [
              -46.5660176,
              -23.7711386
            ],
            [
              -46.5661061,
              -23.7708903
            ],
            [
              -46.5662948,
              -23.7705989
            ],
            [
              -46.5665483,
              -23.7704155
            ],
            [
              -46.5667134,
              -23.7698489
            ],
            [
              -46.566737,
              -23.7696114
            ],
            [
              -46.5665896,
              -23.7696168
            ],
            [
              -46.5660412,
              -23.7699514
            ],
            [
              -46.5653454,
              -23.7704478
            ],
            [
              -46.5649858,
              -23.7705396
            ],
            [
              -46.5645553,
              -23.7697679
            ],
            [
              -46.5647617,
              -23.7693254
            ],
            [
              -46.5645435,
              -23.7690178
            ],
            [
              -46.5644963,
              -23.7687696
            ],
            [
              -46.5645022,
              -23.7683379
            ],
            [
              -46.5644138,
              -23.7680303
            ],
            [
              -46.5648501,
              -23.7675986
            ],
            [
              -46.5654516,
              -23.7670751
            ],
            [
              -46.5662476,
              -23.766951
            ],
            [
              -46.5669021,
              -23.7667297
            ],
            [
              -46.5672264,
              -23.7667189
            ],
            [
              -46.5677748,
              -23.7665625
            ],
            [
              -46.5683409,
              -23.766352
            ],
            [
              -46.5686121,
              -23.766406
            ],
            [
              -46.5690485,
              -23.7666704
            ],
            [
              -46.5694612,
              -23.7665085
            ],
            [
              -46.5699683,
              -23.766379
            ],
            [
              -46.5700921,
              -23.7661793
            ],
            [
              -46.5695261,
              -23.7661847
            ],
            [
              -46.5689423,
              -23.7659796
            ],
            [
              -46.5682465,
              -23.7656828
            ],
            [
              -46.5680873,
              -23.7653536
            ],
            [
              -46.5682229,
              -23.7649759
            ],
            [
              -46.5685708,
              -23.7644146
            ],
            [
              -46.5684175,
              -23.7644254
            ],
            [
              -46.5679635,
              -23.7647007
            ],
            [
              -46.5676156,
              -23.7651054
            ],
            [
              -46.5670259,
              -23.76544
            ],
            [
              -46.5664481,
              -23.7655317
            ],
            [
              -46.5658702,
              -23.7656936
            ],
            [
              -46.5649445,
              -23.7660444
            ],
            [
              -46.5642428,
              -23.7662602
            ],
            [
              -46.5639303,
              -23.7661253
            ],
            [
              -46.5637534,
              -23.7657908
            ],
            [
              -46.5640128,
              -23.7653428
            ],
            [
              -46.5639892,
              -23.7649975
            ],
            [
              -46.563146,
              -23.765073
            ],
            [
              -46.5628807,
              -23.7645064
            ],
            [
              -46.5625623,
              -23.7634379
            ],
            [
              -46.5625446,
              -23.7628874
            ],
            [
              -46.5627333,
              -23.7622776
            ],
            [
              -46.562751,
              -23.7618944
            ],
            [
              -46.5625269,
              -23.7612792
            ],
            [
              -46.5623028,
              -23.7609986
            ],
            [
              -46.562291,
              -23.7606208
            ],
            [
              -46.5626507,
              -23.7600542
            ],
            [
              -46.5627451,
              -23.7596926
            ],
            [
              -46.5631342,
              -23.7593094
            ],
            [
              -46.5636119,
              -23.758991
            ],
            [
              -46.5644669,
              -23.7584189
            ],
            [
              -46.5644138,
              -23.7580843
            ],
            [
              -46.5650565,
              -23.7579872
            ],
            [
              -46.5652452,
              -23.757712
            ],
            [
              -46.5649268,
              -23.7572532
            ],
            [
              -46.5647145,
              -23.7572694
            ],
            [
              -46.5645258,
              -23.7573881
            ],
            [
              -46.5639539,
              -23.7578577
            ],
            [
              -46.5634055,
              -23.7582031
            ],
            [
              -46.5629515,
              -23.7581275
            ],
            [
              -46.5626743,
              -23.7578685
            ],
            [
              -46.5624326,
              -23.7573126
            ],
            [
              -46.5623972,
              -23.7566002
            ],
            [
              -46.5620906,
              -23.7566002
            ],
            [
              -46.5618144,
              -23.75618
            ],
            [
              -46.5617459,
              -23.7554803
            ],
            [
              -46.5612154,
              -23.7550991
            ],
            [
              -46.5610157,
              -23.7542794
            ],
            [
              -46.5607419,
              -23.7533656
            ],
            [
              -46.5606107,
              -23.7523996
            ],
            [
              -46.5604281,
              -23.7518618
            ],
            [
              -46.5600801,
              -23.7511151
            ],
            [
              -46.5596352,
              -23.7501178
            ],
            [
              -46.5599261,
              -23.7496113
            ],
            [
              -46.5600734,
              -23.7493589
            ],
            [
              -46.5602519,
              -23.7494009
            ],
            [
              -46.5607276,
              -23.7496271
            ],
            [
              -46.5609739,
              -23.7497442
            ],
            [
              -46.5617615,
              -23.749933
            ],
            [
              -46.5650432,
              -23.7502334
            ],
            [
              -46.5664717,
              -23.7504865
            ],
            [
              -46.5681843,
              -23.750714
            ],
            [
              -46.5698814,
              -23.750817
            ],
            [
              -46.5708284,
              -23.7508342
            ],
            [
              -46.5711555,
              -23.7507439
            ],
            [
              -46.5713206,
              -23.750699
            ],
            [
              -46.5720099,
              -23.7505081
            ],
            [
              -46.5727881,
              -23.7501219
            ],
            [
              -46.5733507,
              -23.7497614
            ],
            [
              -46.5738101,
              -23.7494009
            ],
            [
              -46.5739414,
              -23.749195
            ],
            [
              -46.5741733,
              -23.7487998
            ],
            [
              -46.5749249,
              -23.7476195
            ],
            [
              -46.5752847,
              -23.7478191
            ],
            [
              -46.5757742,
              -23.748043
            ],
            [
              -46.576526,
              -23.7482589
            ],
            [
              -46.5773102,
              -23.7485126
            ],
            [
              -46.578289,
              -23.7487258
            ],
            [
              -46.579032,
              -23.7488364
            ],
            [
              -46.5795686,
              -23.7487123
            ],
            [
              -46.5800727,
              -23.7486961
            ]
          ]
        ]
      },
      "id": "relation/4133968"
    },
    {
      "type": "Feature",
      "properties": {
        "@id": "relation/4133969",
        "admin_level": "10",
        "boundary": "administrative",
        "name": "Centro",
        "place": "suburb",
        "type": "boundary"
      },
      "geometry": {
        "type": "Polygon",
        "coordinates": [
          [
            [
              -46.5385433,
              -23.721512
            ],
            [
              -46.5390169,
              -23.7211462
            ],
            [
              -46.5394226,
              -23.7208729
            ],
            [
              -46.539752,
              -23.7207654
            ],
            [
              -46.5400383,
              -23.7207258
            ],
            [
              -46.5403245,
              -23.7207315
            ],
            [
              -46.5405119,
              -23.7207126
            ],
            [
              -46.540618,
              -23.7206765
            ],
            [
              -46.5408233,
              -23.7205459
            ],
            [
              -46.5409762,
              -23.7203686
            ],
            [
              -46.541084,
              -23.7201766
            ],
            [
              -46.5411801,
              -23.719894
            ],
            [
              -46.5412542,
              -23.7194265
            ],
            [
              -46.5412748,
              -23.7183632
            ],
            [
              -46.5413633,
              -23.7180691
            ],
            [
              -46.541804,
              -23.7171302
            ],
            [
              -46.542079,
              -23.7165436
            ],
            [
              -46.5420964,
              -23.7162956
            ],
            [
              -46.5419421,
              -23.7153065
            ],
            [
              -46.5419508,
              -23.7148665
            ],
            [
              -46.5420673,
              -23.7143893
            ],
            [
              -46.5427458,
              -23.7132508
            ],
            [
              -46.5435753,
              -23.7120284
            ],
            [
              -46.5443925,
              -23.7108443
            ],
            [
              -46.5448026,
              -23.710274
            ],
            [
              -46.545062,
              -23.7099289
            ],
            [
              -46.5463957,
              -23.7083878
            ],
            [
              -46.5468151,
              -23.7078758
            ],
            [
              -46.547316,
              -23.7074892
            ],
            [
              -46.5478227,
              -23.7071506
            ],
            [
              -46.5504989,
              -23.7057294
            ],
            [
              -46.551026,
              -23.7054948
            ],
            [
              -46.5516606,
              -23.6995723
            ],
            [
              -46.5516438,
              -23.6988292
            ],
            [
              -46.5514625,
              -23.6989905
            ],
            [
              -46.5514094,
              -23.6990406
            ],
            [
              -46.5509441,
              -23.6994083
            ],
            [
              -46.550419,
              -23.6997326
            ],
            [
              -46.5497744,
              -23.6999475
            ],
            [
              -46.5493564,
              -23.700023
            ],
            [
              -46.5483186,
              -23.699989
            ],
            [
              -46.5479624,
              -23.7000475
            ],
            [
              -46.5475093,
              -23.7002436
            ],
            [
              -46.5472678,
              -23.7000826
            ],
            [
              -46.5471499,
              -23.6999786
            ],
            [
              -46.5471567,
              -23.6994046
            ],
            [
              -46.5463618,
              -23.6994951
            ],
            [
              -46.5456535,
              -23.6995819
            ],
            [
              -46.5453867,
              -23.6986858
            ],
            [
              -46.5452917,
              -23.6981861
            ],
            [
              -46.5449945,
              -23.6982507
            ],
            [
              -46.5445498,
              -23.6983846
            ],
            [
              -46.544455,
              -23.6982224
            ],
            [
              -46.5442553,
              -23.6980866
            ],
            [
              -46.5440597,
              -23.6979678
            ],
            [
              -46.5437631,
              -23.6978641
            ],
            [
              -46.5432875,
              -23.6974983
            ],
            [
              -46.5431742,
              -23.6973814
            ],
            [
              -46.5431413,
              -23.6972834
            ],
            [
              -46.5431269,
              -23.6971967
            ],
            [
              -46.5469325,
              -23.6952205
            ],
            [
              -46.5494902,
              -23.6938669
            ],
            [
              -46.548999,
              -23.6931914
            ],
            [
              -46.5489579,
              -23.6931313
            ],
            [
              -46.5488991,
              -23.6930394
            ],
            [
              -46.5488137,
              -23.6929019
            ],
            [
              -46.5487551,
              -23.6927877
            ],
            [
              -46.5487017,
              -23.6926723
            ],
            [
              -46.5486403,
              -23.6925382
            ],
            [
              -46.5485893,
              -23.6924017
            ],
            [
              -46.5485546,
              -23.6923012
            ],
            [
              -46.5485272,
              -23.6921953
            ],
            [
              -46.5484899,
              -23.6920418
            ],
            [
              -46.5483937,
              -23.6916111
            ],
            [
              -46.5483688,
              -23.6915077
            ],
            [
              -46.548331,
              -23.6913511
            ],
            [
              -46.5483033,
              -23.6912174
            ],
            [
              -46.5482738,
              -23.6910484
            ],
            [
              -46.5480231,
              -23.6896282
            ],
            [
              -46.5478143,
              -23.6885285
            ],
            [
              -46.5476695,
              -23.6877668
            ],
            [
              -46.5476587,
              -23.6877113
            ],
            [
              -46.5476499,
              -23.6876663
            ],
            [
              -46.5476378,
              -23.6876038
            ],
            [
              -46.5476121,
              -23.6874711
            ],
            [
              -46.5475886,
              -23.6873506
            ],
            [
              -46.5475148,
              -23.686977
            ],
            [
              -46.5474997,
              -23.6868769
            ],
            [
              -46.5474951,
              -23.6867674
            ],
            [
              -46.5474992,
              -23.6866827
            ],
            [
              -46.5475067,
              -23.6866106
            ],
            [
              -46.5475433,
              -23.6863261
            ],
            [
              -46.5475582,
              -23.6861583
            ],
            [
              -46.5475603,
              -23.6859673
            ],
            [
              -46.547552,
              -23.6857799
            ],
            [
              -46.5475246,
              -23.6855725
            ],
            [
              -46.5474899,
              -23.6853926
            ],
            [
              -46.5473932,
              -23.6850808
            ],
            [
              -46.5472843,
              -23.6848072
            ],
            [
              -46.5472629,
              -23.6847518
            ],
            [
              -46.5472033,
              -23.6846296
            ],
            [
              -46.547152,
              -23.6845419
            ],
            [
              -46.547105,
              -23.6844612
            ],
            [
              -46.5470448,
              -23.6843704
            ],
            [
              -46.5469715,
              -23.6842616
            ],
            [
              -46.5472213,
              -23.6843304
            ],
            [
              -46.5474167,
              -23.6843715
            ],
            [
              -46.5476388,
              -23.6844124
            ],
            [
              -46.5477542,
              -23.6844321
            ],
            [
              -46.5478697,
              -23.6844432
            ],
            [
              -46.5481613,
              -23.6844684
            ],
            [
              -46.5484377,
              -23.6844906
            ],
            [
              -46.5489646,
              -23.6845394
            ],
            [
              -46.5490886,
              -23.6845539
            ],
            [
              -46.5492164,
              -23.6845743
            ],
            [
              -46.5493138,
              -23.6846046
            ],
            [
              -46.5495447,
              -23.6846816
            ],
            [
              -46.549668,
              -23.6847159
            ],
            [
              -46.5498431,
              -23.6847469
            ],
            [
              -46.5500272,
              -23.6847594
            ],
            [
              -46.5502129,
              -23.6847402
            ],
            [
              -46.5503464,
              -23.6847102
            ],
            [
              -46.5506676,
              -23.6846351
            ],
            [
              -46.5508863,
              -23.6845373
            ],
            [
              -46.5509896,
              -23.6845304
            ],
            [
              -46.5511335,
              -23.6845431
            ],
            [
              -46.5514822,
              -23.6844323
            ],
            [
              -46.551937,
              -23.6842545
            ],
            [
              -46.5523316,
              -23.6841023
            ],
            [
              -46.5526538,
              -23.6839856
            ],
            [
              -46.5531088,
              -23.6837884
            ],
            [
              -46.5532879,
              -23.6837009
            ],
            [
              -46.5534191,
              -23.6835943
            ],
            [
              -46.5535531,
              -23.6834854
            ],
            [
              -46.5537404,
              -23.6832684
            ],
            [
              -46.5538271,
              -23.6831553
            ],
            [
              -46.5538837,
              -23.68307
            ],
            [
              -46.5540878,
              -23.6831527
            ],
            [
              -46.555205,
              -23.6831697
            ],
            [
              -46.5556346,
              -23.6831622
            ],
            [
              -46.5560996,
              -23.6831254
            ],
            [
              -46.5564621,
              -23.683094
            ],
            [
              -46.5570645,
              -23.6830411
            ],
            [
              -46.5577432,
              -23.682972
            ],
            [
              -46.5578639,
              -23.6829464
            ],
            [
              -46.5585011,
              -23.6841006
            ],
            [
              -46.558842,
              -23.6847275
            ],
            [
              -46.5591274,
              -23.6854437
            ],
            [
              -46.559659,
              -23.6854158
            ],
            [
              -46.5614593,
              -23.6852612
            ],
            [
              -46.5617195,
              -23.6852446
            ],
            [
              -46.5655295,
              -23.6849232
            ],
            [
              -46.5664944,
              -23.6848323
            ],
            [
              -46.5661283,
              -23.6859066
            ],
            [
              -46.5648467,
              -23.6896777
            ],
            [
              -46.5647999,
              -23.6898253
            ],
            [
              -46.5635311,
              -23.6936398
            ],
            [
              -46.5624824,
              -23.6966345
            ],
            [
              -46.5619562,
              -23.6981327
            ],
            [
              -46.5616836,
              -23.6989148
            ],
            [
              -46.5615153,
              -23.6995875
            ],
            [
              -46.5613906,
              -23.7003224
            ],
            [
              -46.5613476,
              -23.7009705
            ],
            [
              -46.5613451,
              -23.7015155
            ],
            [
              -46.5613817,
              -23.7112569
            ],
            [
              -46.5613599,
              -23.712824
            ],
            [
              -46.5613585,
              -23.7136545
            ],
            [
              -46.5613093,
              -23.7141544
            ],
            [
              -46.5611845,
              -23.7146408
            ],
            [
              -46.5610332,
              -23.715097
            ],
            [
              -46.560781,
              -23.7155736
            ],
            [
              -46.5605189,
              -23.7159898
            ],
            [
              -46.5601285,
              -23.7164523
            ],
            [
              -46.5597946,
              -23.7167558
            ],
            [
              -46.5584109,
              -23.7180091
            ],
            [
              -46.5570045,
              -23.7193873
            ],
            [
              -46.5543055,
              -23.7220883
            ],
            [
              -46.5519399,
              -23.7243723
            ],
            [
              -46.551893,
              -23.7244176
            ],
            [
              -46.5518649,
              -23.724394
            ],
            [
              -46.5517649,
              -23.7243097
            ],
            [
              -46.5510445,
              -23.7237029
            ],
            [
              -46.5506063,
              -23.7233899
            ],
            [
              -46.5504424,
              -23.7232946
            ],
            [
              -46.5499973,
              -23.7231072
            ],
            [
              -46.5499643,
              -23.7230933
            ],
            [
              -46.5499272,
              -23.723076
            ],
            [
              -46.5495112,
              -23.7228822
            ],
            [
              -46.5495031,
              -23.7228784
            ],
            [
              -46.5494668,
              -23.7228598
            ],
            [
              -46.5494481,
              -23.7228502
            ],
            [
              -46.5492972,
              -23.7227728
            ],
            [
              -46.5491613,
              -23.7227163
            ],
            [
              -46.5491556,
              -23.7224733
            ],
            [
              -46.5491532,
              -23.7223719
            ],
            [
              -46.5492347,
              -23.7221707
            ],
            [
              -46.5492318,
              -23.7220534
            ],
            [
              -46.5488241,
              -23.7215948
            ],
            [
              -46.5455558,
              -23.7223792
            ],
            [
              -46.5452696,
              -23.722447
            ],
            [
              -46.5450184,
              -23.7224828
            ],
            [
              -46.5446663,
              -23.7224583
            ],
            [
              -46.54399,
              -23.7223886
            ],
            [
              -46.5410236,
              -23.7220906
            ],
            [
              -46.5396635,
              -23.721954
            ],
            [
              -46.5390663,
              -23.7218061
            ],
            [
              -46.5385433,
              -23.721512
            ]
          ]
        ]
      },
      "id": "relation/4133969"
    },
    {
      "type": "Feature",
      "properties": {
        "@id": "relation/4133970",
        "admin_level": "10",
        "boundary": "administrative",
        "name": "Bairro dos Alvarenga",
        "place": "suburb",
        "type": "boundary"
      },
      "geometry": {
        "type": "Polygon",
        "coordinates": [
          [
            [
              -46.5800727,
              -23.7486961
            ],
            [
              -46.5795686,
              -23.7487123
            ],
            [
              -46.579032,
              -23.7488364
            ],
            [
              -46.578289,
              -23.7487258
            ],
            [
              -46.5773102,
              -23.7485126
            ],
            [
              -46.576526,
              -23.7482589
            ],
            [
              -46.5757742,
              -23.748043
            ],
            [
              -46.5752847,
              -23.7478191
            ],
            [
              -46.5749249,
              -23.7476195
            ],
            [
              -46.5750357,
              -23.7474454
            ],
            [
              -46.5770081,
              -23.7447996
            ],
            [
              -46.5789661,
              -23.7424846
            ],
            [
              -46.5795725,
              -23.7414613
            ],
            [
              -46.5802593,
              -23.741127
            ],
            [
              -46.5807342,
              -23.7405451
            ],
            [
              -46.5806641,
              -23.7404908
            ],
            [
              -46.5802677,
              -23.7403069
            ],
            [
              -46.5802604,
              -23.7401698
            ],
            [
              -46.5804467,
              -23.7399023
            ],
            [
              -46.5804871,
              -23.7395668
            ],
            [
              -46.5814895,
              -23.7362657
            ],
            [
              -46.5815201,
              -23.7360853
            ],
            [
              -46.581539,
              -23.7359466
            ],
            [
              -46.5815735,
              -23.7356927
            ],
            [
              -46.5815949,
              -23.7355375
            ],
            [
              -46.581602,
              -23.7354829
            ],
            [
              -46.5825698,
              -23.7354202
            ],
            [
              -46.5829446,
              -23.7353362
            ],
            [
              -46.5836345,
              -23.7352828
            ],
            [
              -46.583835,
              -23.7352666
            ],
            [
              -46.5840344,
              -23.7352149
            ],
            [
              -46.5842501,
              -23.7351285
            ],
            [
              -46.5847647,
              -23.7348858
            ],
            [
              -46.5850478,
              -23.734822
            ],
            [
              -46.5852429,
              -23.7348256
            ],
            [
              -46.5853826,
              -23.7348282
            ],
            [
              -46.5856185,
              -23.7348858
            ],
            [
              -46.5858972,
              -23.7349927
            ],
            [
              -46.5862746,
              -23.735184
            ],
            [
              -46.5866769,
              -23.7353609
            ],
            [
              -46.5870027,
              -23.7354802
            ],
            [
              -46.5872867,
              -23.7355275
            ],
            [
              -46.5882417,
              -23.7356715
            ],
            [
              -46.5893764,
              -23.735836
            ],
            [
              -46.5897112,
              -23.7358915
            ],
            [
              -46.5899269,
              -23.7359841
            ],
            [
              -46.5900258,
              -23.7357887
            ],
            [
              -46.5902145,
              -23.7354452
            ],
            [
              -46.5903673,
              -23.7351634
            ],
            [
              -46.590619,
              -23.73475
            ],
            [
              -46.5907291,
              -23.7344497
            ],
            [
              -46.5906841,
              -23.7341041
            ],
            [
              -46.5906729,
              -23.7337832
            ],
            [
              -46.5907538,
              -23.7335117
            ],
            [
              -46.5909268,
              -23.7332505
            ],
            [
              -46.5913335,
              -23.7326334
            ],
            [
              -46.5916099,
              -23.7322179
            ],
            [
              -46.5918818,
              -23.7317983
            ],
            [
              -46.592075,
              -23.7316152
            ],
            [
              -46.5923986,
              -23.7315267
            ],
            [
              -46.5925626,
              -23.731572
            ],
            [
              -46.5924368,
              -23.7320328
            ],
            [
              -46.5923963,
              -23.7321479
            ],
            [
              -46.5923244,
              -23.7323207
            ],
            [
              -46.5922581,
              -23.7325008
            ],
            [
              -46.5921918,
              -23.7326807
            ],
            [
              -46.5921694,
              -23.7330509
            ],
            [
              -46.592084,
              -23.7334418
            ],
            [
              -46.591911,
              -23.7338367
            ],
            [
              -46.5917694,
              -23.7342131
            ],
            [
              -46.5917588,
              -23.7343727
            ],
            [
              -46.5917537,
              -23.7344497
            ],
            [
              -46.5917649,
              -23.7348055
            ],
            [
              -46.5917425,
              -23.7351305
            ],
            [
              -46.5916031,
              -23.7355995
            ],
            [
              -46.5915005,
              -23.7359328
            ],
            [
              -46.5913987,
              -23.7361404
            ],
            [
              -46.5912569,
              -23.7363387
            ],
            [
              -46.5909836,
              -23.7367063
            ],
            [
              -46.5910745,
              -23.7369784
            ],
            [
              -46.5911891,
              -23.7373754
            ],
            [
              -46.5913441,
              -23.7377971
            ],
            [
              -46.5916587,
              -23.7383812
            ],
            [
              -46.5920968,
              -23.739097
            ],
            [
              -46.5923193,
              -23.73935
            ],
            [
              -46.5925967,
              -23.7393893
            ],
            [
              -46.5928371,
              -23.7393914
            ],
            [
              -46.5930753,
              -23.7393462
            ],
            [
              -46.5932595,
              -23.7392968
            ],
            [
              -46.5936842,
              -23.7392104
            ],
            [
              -46.5941336,
              -23.7392125
            ],
            [
              -46.5954983,
              -23.7393663
            ],
            [
              -46.595913,
              -23.7394172
            ],
            [
              -46.5963165,
              -23.7394797
            ],
            [
              -46.596701,
              -23.7395452
            ],
            [
              -46.5969203,
              -23.7395597
            ],
            [
              -46.5971618,
              -23.7395379
            ],
            [
              -46.5973715,
              -23.7394855
            ],
            [
              -46.5975971,
              -23.7394128
            ],
            [
              -46.5979626,
              -23.7393343
            ],
            [
              -46.5981151,
              -23.7393634
            ],
            [
              -46.5981787,
              -23.7394118
            ],
            [
              -46.5982201,
              -23.7394372
            ],
            [
              -46.5982308,
              -23.7394439
            ],
            [
              -46.5983514,
              -23.7397357
            ],
            [
              -46.5984345,
              -23.7401347
            ],
            [
              -46.5984997,
              -23.7405852
            ],
            [
              -46.5985963,
              -23.7408135
            ],
            [
              -46.5987188,
              -23.74097
            ],
            [
              -46.5990142,
              -23.7411487
            ],
            [
              -46.5993229,
              -23.7412542
            ],
            [
              -46.603758,
              -23.7339657
            ],
            [
              -46.6048003,
              -23.7322494
            ],
            [
              -46.6054782,
              -23.7310604
            ],
            [
              -46.6054991,
              -23.7310917
            ],
            [
              -46.6061056,
              -23.7319985
            ],
            [
              -46.6071798,
              -23.7327449
            ],
            [
              -46.6083679,
              -23.7330669
            ],
            [
              -46.6097521,
              -23.7339637
            ],
            [
              -46.6100666,
              -23.7346302
            ],
            [
              -46.6105774,
              -23.7350572
            ],
            [
              -46.6108396,
              -23.7355764
            ],
            [
              -46.6108935,
              -23.7365719
            ],
            [
              -46.6110553,
              -23.7370985
            ],
            [
              -46.6117394,
              -23.7375236
            ],
            [
              -46.6124109,
              -23.7379137
            ],
            [
              -46.6131863,
              -23.7380067
            ],
            [
              -46.6153916,
              -23.7382569
            ],
            [
              -46.6172283,
              -23.7378846
            ],
            [
              -46.6178193,
              -23.7381347
            ],
            [
              -46.6181562,
              -23.7380707
            ],
            [
              -46.61869,
              -23.7385885
            ],
            [
              -46.6189315,
              -23.7388969
            ],
            [
              -46.6193203,
              -23.7391266
            ],
            [
              -46.6207492,
              -23.7386118
            ],
            [
              -46.6217978,
              -23.7378089
            ],
            [
              -46.6231605,
              -23.7371942
            ],
            [
              -46.623876,
              -23.7364476
            ],
            [
              -46.6243082,
              -23.7361334
            ],
            [
              -46.6249246,
              -23.7359764
            ],
            [
              -46.6252639,
              -23.7360782
            ],
            [
              -46.6255335,
              -23.7366377
            ],
            [
              -46.6260908,
              -23.7371478
            ],
            [
              -46.626684,
              -23.7366706
            ],
            [
              -46.6276007,
              -23.7367035
            ],
            [
              -46.6280321,
              -23.736358
            ],
            [
              -46.6282838,
              -23.7358972
            ],
            [
              -46.6284636,
              -23.7354858
            ],
            [
              -46.6289669,
              -23.7352225
            ],
            [
              -46.629596,
              -23.7351567
            ],
            [
              -46.6304409,
              -23.7354036
            ],
            [
              -46.6309981,
              -23.7351896
            ],
            [
              -46.6320228,
              -23.7355352
            ],
            [
              -46.6338743,
              -23.7363415
            ],
            [
              -46.6344275,
              -23.7362082
            ],
            [
              -46.6353782,
              -23.7349583
            ],
            [
              -46.6360519,
              -23.733914
            ],
            [
              -46.6367485,
              -23.7338494
            ],
            [
              -46.6375532,
              -23.7338871
            ],
            [
              -46.6381284,
              -23.7339858
            ],
            [
              -46.6385598,
              -23.7339776
            ],
            [
              -46.6387593,
              -23.7337744
            ],
            [
              -46.6388834,
              -23.7335415
            ],
            [
              -46.639926,
              -23.7318384
            ],
            [
              -46.640672,
              -23.7316821
            ],
            [
              -46.6414,
              -23.7318137
            ],
            [
              -46.642856,
              -23.7322991
            ],
            [
              -46.6444469,
              -23.7319207
            ],
            [
              -46.6454265,
              -23.7320852
            ],
            [
              -46.6464781,
              -23.7319947
            ],
            [
              -46.6474196,
              -23.7318492
            ],
            [
              -46.6474677,
              -23.7318883
            ],
            [
              -46.6473457,
              -23.7320663
            ],
            [
              -46.6471097,
              -23.7322455
            ],
            [
              -46.6468522,
              -23.732383
            ],
            [
              -46.6460529,
              -23.7326777
            ],
            [
              -46.6453287,
              -23.7329551
            ],
            [
              -46.6449451,
              -23.7331024
            ],
            [
              -46.6446635,
              -23.7332277
            ],
            [
              -46.6442961,
              -23.7334266
            ],
            [
              -46.6439527,
              -23.7335935
            ],
            [
              -46.6435745,
              -23.7337924
            ],
            [
              -46.643258,
              -23.7339373
            ],
            [
              -46.6428557,
              -23.7341263
            ],
            [
              -46.6425151,
              -23.7343375
            ],
            [
              -46.6422468,
              -23.7345732
            ],
            [
              -46.6418968,
              -23.7351514
            ],
            [
              -46.6418231,
              -23.7353
            ],
            [
              -46.6417962,
              -23.7354215
            ],
            [
              -46.641815,
              -23.7354792
            ],
            [
              -46.6419438,
              -23.7354878
            ],
            [
              -46.6421261,
              -23.7354326
            ],
            [
              -46.642558,
              -23.7351723
            ],
            [
              -46.6430596,
              -23.7348949
            ],
            [
              -46.6437006,
              -23.7345658
            ],
            [
              -46.6441298,
              -23.7343743
            ],
            [
              -46.6444999,
              -23.734281
            ],
            [
              -46.64509,
              -23.7342221
            ],
            [
              -46.6453099,
              -23.7342245
            ],
            [
              -46.6454199,
              -23.7342933
            ],
            [
              -46.6454977,
              -23.7344578
            ],
            [
              -46.6455272,
              -23.7346395
            ],
            [
              -46.645495,
              -23.7348089
            ],
            [
              -46.6453958,
              -23.7349587
            ],
            [
              -46.6451651,
              -23.7351109
            ],
            [
              -46.6446903,
              -23.7353172
            ],
            [
              -46.6439822,
              -23.7356732
            ],
            [
              -46.6437408,
              -23.7358254
            ],
            [
              -46.6434807,
              -23.7360808
            ],
            [
              -46.6428986,
              -23.7367928
            ],
            [
              -46.6425204,
              -23.737252
            ],
            [
              -46.6421637,
              -23.7377185
            ],
            [
              -46.6420376,
              -23.7378486
            ],
            [
              -46.6418096,
              -23.7379787
            ],
            [
              -46.6412866,
              -23.7381518
            ],
            [
              -46.6406965,
              -23.7383286
            ],
            [
              -46.6403505,
              -23.7384575
            ],
            [
              -46.6398919,
              -23.7386269
            ],
            [
              -46.6395968,
              -23.7386858
            ],
            [
              -46.6388914,
              -23.7387178
            ],
            [
              -46.6383925,
              -23.7387153
            ],
            [
              -46.6378748,
              -23.7385729
            ],
            [
              -46.6375986,
              -23.7384772
            ],
            [
              -46.6372553,
              -23.7383667
            ],
            [
              -46.6367349,
              -23.7382783
            ],
            [
              -46.6363782,
              -23.7382906
            ],
            [
              -46.6360563,
              -23.7382979
            ],
            [
              -46.6356459,
              -23.7383372
            ],
            [
              -46.6353455,
              -23.7383397
            ],
            [
              -46.6350129,
              -23.7382856
            ],
            [
              -46.6347662,
              -23.7381899
            ],
            [
              -46.6345194,
              -23.7380794
            ],
            [
              -46.6343236,
              -23.7380475
            ],
            [
              -46.6340098,
              -23.7380868
            ],
            [
              -46.6335887,
              -23.738185
            ],
            [
              -46.6332105,
              -23.7382955
            ],
            [
              -46.6326982,
              -23.7383814
            ],
            [
              -46.632371,
              -23.7384109
            ],
            [
              -46.6320303,
              -23.7384624
            ],
            [
              -46.6317165,
              -23.7385533
            ],
            [
              -46.6315582,
              -23.7386588
            ],
            [
              -46.6314992,
              -23.7388896
            ],
            [
              -46.6315475,
              -23.7390861
            ],
            [
              -46.631687,
              -23.7391965
            ],
            [
              -46.6319472,
              -23.7392432
            ],
            [
              -46.6326311,
              -23.7392088
            ],
            [
              -46.6332534,
              -23.7391843
            ],
            [
              -46.6338623,
              -23.7391769
            ],
            [
              -46.6341761,
              -23.7392186
            ],
            [
              -46.6344953,
              -23.7393144
            ],
            [
              -46.6353643,
              -23.7395599
            ],
            [
              -46.6355091,
              -23.7396188
            ],
            [
              -46.6356379,
              -23.7397784
            ],
            [
              -46.635721,
              -23.740024
            ],
            [
              -46.6357183,
              -23.7403112
            ],
            [
              -46.6356513,
              -23.7407777
            ],
            [
              -46.6356298,
              -23.7412909
            ],
            [
              -46.6356647,
              -23.7414063
            ],
            [
              -46.6357666,
              -23.7413891
            ],
            [
              -46.6358766,
              -23.7413228
            ],
            [
              -46.6360483,
              -23.7410944
            ],
            [
              -46.6366008,
              -23.7403137
            ],
            [
              -46.6367993,
              -23.7401909
            ],
            [
              -46.6370192,
              -23.7401124
            ],
            [
              -46.6371962,
              -23.7400829
            ],
            [
              -46.6377568,
              -23.7401418
            ],
            [
              -46.6385186,
              -23.7402989
            ],
            [
              -46.6396987,
              -23.7406206
            ],
            [
              -46.6402486,
              -23.740736
            ],
            [
              -46.6404712,
              -23.7408023
            ],
            [
              -46.6405597,
              -23.7408637
            ],
            [
              -46.6405946,
              -23.7409619
            ],
            [
              -46.6405731,
              -23.7411067
            ],
            [
              -46.6405302,
              -23.7412197
            ],
            [
              -46.6404632,
              -23.7413989
            ],
            [
              -46.6404471,
              -23.7415806
            ],
            [
              -46.6405061,
              -23.7417819
            ],
            [
              -46.6405624,
              -23.7418752
            ],
            [
              -46.6407529,
              -23.7420176
            ],
            [
              -46.6410077,
              -23.7421968
            ],
            [
              -46.6411847,
              -23.7423761
            ],
            [
              -46.6412544,
              -23.7425136
            ],
            [
              -46.6413027,
              -23.7427002
            ],
            [
              -46.6413993,
              -23.7431445
            ],
            [
              -46.6413805,
              -23.743341
            ],
            [
              -46.6413134,
              -23.7436037
            ],
            [
              -46.6412571,
              -23.7437755
            ],
            [
              -46.6411606,
              -23.7440161
            ],
            [
              -46.640946,
              -23.7444802
            ],
            [
              -46.6406161,
              -23.7449614
            ],
            [
              -46.6399184,
              -23.7454409
            ],
            [
              -46.6392803,
              -23.7456425
            ],
            [
              -46.6385927,
              -23.7458111
            ],
            [
              -46.6384084,
              -23.7460168
            ],
            [
              -46.6384489,
              -23.7464569
            ],
            [
              -46.6389252,
              -23.7464323
            ],
            [
              -46.639433,
              -23.746568
            ],
            [
              -46.6401161,
              -23.7466132
            ],
            [
              -46.6406509,
              -23.7469053
            ],
            [
              -46.6409655,
              -23.747329
            ],
            [
              -46.6409879,
              -23.7478966
            ],
            [
              -46.6409295,
              -23.7482792
            ],
            [
              -46.6405745,
              -23.7488468
            ],
            [
              -46.6400577,
              -23.7492129
            ],
            [
              -46.6392308,
              -23.7495502
            ],
            [
              -46.6387679,
              -23.7496901
            ],
            [
              -46.6380354,
              -23.7496818
            ],
            [
              -46.6376265,
              -23.7495667
            ],
            [
              -46.6372041,
              -23.7493775
            ],
            [
              -46.6367052,
              -23.7493651
            ],
            [
              -46.636157,
              -23.7495749
            ],
            [
              -46.6356447,
              -23.7498176
            ],
            [
              -46.6353121,
              -23.7500274
            ],
            [
              -46.6347684,
              -23.7503688
            ],
            [
              -46.6337662,
              -23.7505662
            ],
            [
              -46.6329663,
              -23.7505127
            ],
            [
              -46.6319641,
              -23.7505662
            ],
            [
              -46.631362,
              -23.7505292
            ],
            [
              -46.6308901,
              -23.7507307
            ],
            [
              -46.6311552,
              -23.7511997
            ],
            [
              -46.6317979,
              -23.7512038
            ],
            [
              -46.6327101,
              -23.7512819
            ],
            [
              -46.6332045,
              -23.7516069
            ],
            [
              -46.6333797,
              -23.751973
            ],
            [
              -46.6335325,
              -23.7521252
            ],
            [
              -46.6338516,
              -23.7515904
            ],
            [
              -46.6345751,
              -23.7513395
            ],
            [
              -46.6351144,
              -23.7510639
            ],
            [
              -46.6357435,
              -23.7508459
            ],
            [
              -46.6360311,
              -23.7507719
            ],
            [
              -46.6366513,
              -23.750669
            ],
            [
              -46.6373793,
              -23.7507678
            ],
            [
              -46.6380759,
              -23.751249
            ],
            [
              -46.638723,
              -23.7515699
            ],
            [
              -46.6390106,
              -23.7518701
            ],
            [
              -46.6392668,
              -23.7522074
            ],
            [
              -46.6391275,
              -23.7527051
            ],
            [
              -46.6389522,
              -23.7530424
            ],
            [
              -46.6387275,
              -23.7533427
            ],
            [
              -46.6387724,
              -23.7537005
            ],
            [
              -46.6390151,
              -23.7538774
            ],
            [
              -46.6392533,
              -23.753898
            ],
            [
              -46.6392892,
              -23.7542394
            ],
            [
              -46.6393342,
              -23.7543093
            ],
            [
              -46.6395454,
              -23.7546918
            ],
            [
              -46.6400442,
              -23.7547206
            ],
            [
              -46.6403903,
              -23.7545026
            ],
            [
              -46.640579,
              -23.7542928
            ],
            [
              -46.6407228,
              -23.75419
            ],
            [
              -46.6411093,
              -23.7545561
            ],
            [
              -46.6413025,
              -23.7548029
            ],
            [
              -46.6412441,
              -23.7551813
            ],
            [
              -46.6409745,
              -23.755535
            ],
            [
              -46.6405386,
              -23.7557078
            ],
            [
              -46.6397836,
              -23.755642
            ],
            [
              -46.6389882,
              -23.7557695
            ],
            [
              -46.6382916,
              -23.755897
            ],
            [
              -46.6377074,
              -23.7557653
            ],
            [
              -46.6369659,
              -23.7555062
            ],
            [
              -46.6364805,
              -23.7556255
            ],
            [
              -46.6355593,
              -23.7560574
            ],
            [
              -46.6346425,
              -23.7563494
            ],
            [
              -46.6342605,
              -23.7561191
            ],
            [
              -46.6339909,
              -23.7559916
            ],
            [
              -46.6338201,
              -23.7558435
            ],
            [
              -46.6336853,
              -23.7556214
            ],
            [
              -46.6331236,
              -23.7555103
            ],
            [
              -46.6327731,
              -23.7557941
            ],
            [
              -46.6330786,
              -23.7560779
            ],
            [
              -46.6333168,
              -23.7564317
            ],
            [
              -46.6331685,
              -23.7567278
            ],
            [
              -46.6323821,
              -23.756987
            ],
            [
              -46.6320166,
              -23.7571071
            ],
            [
              -46.6317306,
              -23.7579099
            ],
            [
              -46.6316035,
              -23.7584043
            ],
            [
              -46.6316225,
              -23.758637
            ],
            [
              -46.6318195,
              -23.7587533
            ],
            [
              -46.6321945,
              -23.7590383
            ],
            [
              -46.6326076,
              -23.7593699
            ],
            [
              -46.6328237,
              -23.7596491
            ],
            [
              -46.6327347,
              -23.7598817
            ],
            [
              -46.6324042,
              -23.7601028
            ],
            [
              -46.6318132,
              -23.7600446
            ],
            [
              -46.6307709,
              -23.759905
            ],
            [
              -46.6303578,
              -23.7598003
            ],
            [
              -46.6303451,
              -23.7594397
            ],
            [
              -46.6309107,
              -23.7589394
            ],
            [
              -46.6314319,
              -23.7586719
            ],
            [
              -46.6313302,
              -23.7584915
            ],
            [
              -46.6313238,
              -23.7581134
            ],
            [
              -46.6312031,
              -23.7575609
            ],
            [
              -46.6312158,
              -23.7570315
            ],
            [
              -46.6309298,
              -23.7568396
            ],
            [
              -46.6306565,
              -23.75727
            ],
            [
              -46.6304023,
              -23.7579273
            ],
            [
              -46.6299765,
              -23.7581309
            ],
            [
              -46.6295316,
              -23.7583636
            ],
            [
              -46.6290994,
              -23.7584625
            ],
            [
              -46.6284957,
              -23.7579622
            ],
            [
              -46.6281589,
              -23.7574562
            ],
            [
              -46.6280381,
              -23.7569966
            ],
            [
              -46.6279428,
              -23.7566418
            ],
            [
              -46.6277648,
              -23.7563568
            ],
            [
              -46.6275614,
              -23.7570955
            ],
            [
              -46.6275551,
              -23.7579564
            ],
            [
              -46.6276314,
              -23.7584625
            ],
            [
              -46.6279618,
              -23.759143
            ],
            [
              -46.6280953,
              -23.7597014
            ],
            [
              -46.6279555,
              -23.7602133
            ],
            [
              -46.6276695,
              -23.7605216
            ],
            [
              -46.6265446,
              -23.7624411
            ],
            [
              -46.6263221,
              -23.7629413
            ],
            [
              -46.6261061,
              -23.763616
            ],
            [
              -46.6258582,
              -23.7638545
            ],
            [
              -46.6255404,
              -23.7639068
            ],
            [
              -46.6247841,
              -23.7635171
            ],
            [
              -46.6244664,
              -23.7628889
            ],
            [
              -46.6244473,
              -23.7626446
            ],
            [
              -46.6242503,
              -23.7624352
            ],
            [
              -46.6241232,
              -23.7621677
            ],
            [
              -46.6242058,
              -23.7619001
            ],
            [
              -46.6245109,
              -23.7617547
            ],
            [
              -46.6250002,
              -23.7616093
            ],
            [
              -46.6251083,
              -23.7613883
            ],
            [
              -46.6246316,
              -23.7612196
            ],
            [
              -46.6241232,
              -23.7610218
            ],
            [
              -46.623494,
              -23.7610858
            ],
            [
              -46.6229665,
              -23.7611032
            ],
            [
              -46.6225661,
              -23.7605972
            ],
            [
              -46.6223755,
              -23.7601784
            ],
            [
              -46.6224136,
              -23.7598003
            ],
            [
              -46.6224962,
              -23.7595211
            ],
            [
              -46.6226043,
              -23.759271
            ],
            [
              -46.6229856,
              -23.7587882
            ],
            [
              -46.6231826,
              -23.7584741
            ],
            [
              -46.623011,
              -23.7582531
            ],
            [
              -46.622903,
              -23.7580087
            ],
            [
              -46.622903,
              -23.7576132
            ],
            [
              -46.6232017,
              -23.7569792
            ],
            [
              -46.6238753,
              -23.7562404
            ],
            [
              -46.624174,
              -23.75581
            ],
            [
              -46.6242185,
              -23.755618
            ],
            [
              -46.6236847,
              -23.7558565
            ],
            [
              -46.6231572,
              -23.7562521
            ],
            [
              -46.6230873,
              -23.7560776
            ],
            [
              -46.6230324,
              -23.7560173
            ],
            [
              -46.6228966,
              -23.7558682
            ],
            [
              -46.6228521,
              -23.7564324
            ],
            [
              -46.622725,
              -23.7565487
            ],
            [
              -46.6221721,
              -23.7571362
            ],
            [
              -46.6216827,
              -23.7578284
            ],
            [
              -46.6213268,
              -23.7579564
            ],
            [
              -46.6207231,
              -23.757811
            ],
            [
              -46.6206214,
              -23.7579099
            ],
            [
              -46.620882,
              -23.7581833
            ],
            [
              -46.6212506,
              -23.7583636
            ],
            [
              -46.6214222,
              -23.7585613
            ],
            [
              -46.6213777,
              -23.7589045
            ],
            [
              -46.6212188,
              -23.7593641
            ],
            [
              -46.6210408,
              -23.7596549
            ],
            [
              -46.6207548,
              -23.7600737
            ],
            [
              -46.6202782,
              -23.7601726
            ],
            [
              -46.6198778,
              -23.7599806
            ],
            [
              -46.619738,
              -23.7597887
            ],
            [
              -46.6194711,
              -23.759428
            ],
            [
              -46.6194012,
              -23.7591721
            ],
            [
              -46.6190643,
              -23.7591081
            ],
            [
              -46.6188482,
              -23.7588929
            ],
            [
              -46.6189309,
              -23.7586544
            ],
            [
              -46.6190343,
              -23.7584438
            ],
            [
              -46.6193719,
              -23.7582007
            ],
            [
              -46.619419,
              -23.7580957
            ],
            [
              -46.6193552,
              -23.7580728
            ],
            [
              -46.6189893,
              -23.7581491
            ],
            [
              -46.6189131,
              -23.7581379
            ],
            [
              -46.618877,
              -23.7580828
            ],
            [
              -46.6190712,
              -23.7574225
            ],
            [
              -46.6190641,
              -23.7573361
            ],
            [
              -46.6189495,
              -23.7573322
            ],
            [
              -46.6183654,
              -23.7575422
            ],
            [
              -46.6182624,
              -23.7575358
            ],
            [
              -46.6181998,
              -23.7574415
            ],
            [
              -46.6180502,
              -23.7563217
            ],
            [
              -46.6180402,
              -23.7562366
            ],
            [
              -46.6181426,
              -23.756209
            ],
            [
              -46.6186019,
              -23.7563298
            ],
            [
              -46.6186576,
              -23.7563119
            ],
            [
              -46.6186614,
              -23.7562476
            ],
            [
              -46.6185114,
              -23.756031
            ],
            [
              -46.6185559,
              -23.7559263
            ],
            [
              -46.6187783,
              -23.7558158
            ],
            [
              -46.6191088,
              -23.7555773
            ],
            [
              -46.6188927,
              -23.7553912
            ],
            [
              -46.6184923,
              -23.7554493
            ],
            [
              -46.618308,
              -23.755333
            ],
            [
              -46.6184224,
              -23.7547629
            ],
            [
              -46.6183462,
              -23.7544023
            ],
            [
              -46.6182191,
              -23.7540765
            ],
            [
              -46.617806,
              -23.7543209
            ],
            [
              -46.6176026,
              -23.7548444
            ],
            [
              -46.6170179,
              -23.7543034
            ],
            [
              -46.6170179,
              -23.7538322
            ],
            [
              -46.6174056,
              -23.7531109
            ],
            [
              -46.6170878,
              -23.7530818
            ],
            [
              -46.6161917,
              -23.7537159
            ],
            [
              -46.6159756,
              -23.7533203
            ],
            [
              -46.6160264,
              -23.752948
            ],
            [
              -46.6162489,
              -23.7528201
            ],
            [
              -46.616198,
              -23.7526397
            ],
            [
              -46.616186,
              -23.7524966
            ],
            [
              -46.6161599,
              -23.752186
            ],
            [
              -46.6163379,
              -23.7521104
            ],
            [
              -46.6166811,
              -23.7517032
            ],
            [
              -46.6170624,
              -23.7513251
            ],
            [
              -46.6176598,
              -23.7512902
            ],
            [
              -46.6179775,
              -23.7515287
            ],
            [
              -46.6186449,
              -23.7513949
            ],
            [
              -46.6185368,
              -23.751075
            ],
            [
              -46.6181467,
              -23.7505397
            ],
            [
              -46.6180729,
              -23.7502024
            ],
            [
              -46.6180177,
              -23.7498026
            ],
            [
              -46.6178632,
              -23.7493589
            ],
            [
              -46.6177996,
              -23.7491029
            ],
            [
              -46.6175581,
              -23.7488004
            ],
            [
              -46.6172848,
              -23.7491669
            ],
            [
              -46.6170942,
              -23.7493705
            ],
            [
              -46.6167065,
              -23.7495218
            ],
            [
              -46.6168781,
              -23.7498824
            ],
            [
              -46.6167255,
              -23.7502257
            ],
            [
              -46.6166396,
              -23.7502742
            ],
            [
              -46.6162108,
              -23.7505165
            ],
            [
              -46.6152829,
              -23.7507957
            ],
            [
              -46.6146918,
              -23.7508423
            ],
            [
              -46.6145711,
              -23.7506038
            ],
            [
              -46.614177,
              -23.7507608
            ],
            [
              -46.6139292,
              -23.750883
            ],
            [
              -46.6135479,
              -23.7504409
            ],
            [
              -46.6137449,
              -23.7500628
            ],
            [
              -46.6137449,
              -23.7497777
            ],
            [
              -46.6133826,
              -23.7499173
            ],
            [
              -46.6130267,
              -23.7499639
            ],
            [
              -46.6128742,
              -23.7497428
            ],
            [
              -46.6130521,
              -23.749324
            ],
            [
              -46.6132619,
              -23.7487714
            ],
            [
              -46.6128805,
              -23.7490215
            ],
            [
              -46.6124547,
              -23.7490448
            ],
            [
              -46.6124705,
              -23.7489483
            ],
            [
              -46.6124929,
              -23.7488121
            ],
            [
              -46.6123213,
              -23.7485445
            ],
            [
              -46.6119844,
              -23.7483816
            ],
            [
              -46.6110565,
              -23.7477999
            ],
            [
              -46.61051,
              -23.7472822
            ],
            [
              -46.6104612,
              -23.7469533
            ],
            [
              -46.6103979,
              -23.7459355
            ],
            [
              -46.6104591,
              -23.7453101
            ],
            [
              -46.6107706,
              -23.7446818
            ],
            [
              -46.6113616,
              -23.7440768
            ],
            [
              -46.6118573,
              -23.7433613
            ],
            [
              -46.6119272,
              -23.7429948
            ],
            [
              -46.6119082,
              -23.7426399
            ],
            [
              -46.6110375,
              -23.7421978
            ],
            [
              -46.6111455,
              -23.7424479
            ],
            [
              -46.6116031,
              -23.7433496
            ],
            [
              -46.6111646,
              -23.7437627
            ],
            [
              -46.6107006,
              -23.7437917
            ],
            [
              -46.6098554,
              -23.7443037
            ],
            [
              -46.6092961,
              -23.744292
            ],
            [
              -46.609244,
              -23.7443069
            ],
            [
              -46.6088067,
              -23.7444317
            ],
            [
              -46.6085637,
              -23.7445302
            ],
            [
              -46.6084508,
              -23.7446585
            ],
            [
              -46.6084474,
              -23.7449902
            ],
            [
              -46.6087368,
              -23.7451879
            ],
            [
              -46.6081903,
              -23.7456649
            ],
            [
              -46.607631,
              -23.745886
            ],
            [
              -46.6066777,
              -23.7456417
            ],
            [
              -46.6060739,
              -23.7453101
            ],
            [
              -46.6054679,
              -23.744819
            ],
            [
              -46.6052986,
              -23.7446818
            ],
            [
              -46.605178,
              -23.7445898
            ],
            [
              -46.6044784,
              -23.744117
            ],
            [
              -46.6037415,
              -23.7434543
            ],
            [
              -46.6030361,
              -23.742477
            ],
            [
              -46.6024417,
              -23.7432363
            ],
            [
              -46.6010947,
              -23.743109
            ],
            [
              -46.6004364,
              -23.7430987
            ],
            [
              -46.6000881,
              -23.7431357
            ],
            [
              -46.5997905,
              -23.7435835
            ],
            [
              -46.5993265,
              -23.7442351
            ],
            [
              -46.5994155,
              -23.7445957
            ],
            [
              -46.5998921,
              -23.7444154
            ],
            [
              -46.6000574,
              -23.7445783
            ],
            [
              -46.6001654,
              -23.7449448
            ],
            [
              -46.6003497,
              -23.7451833
            ],
            [
              -46.6002798,
              -23.7455091
            ],
            [
              -46.6009789,
              -23.7453404
            ],
            [
              -46.6013729,
              -23.7451309
            ],
            [
              -46.6017416,
              -23.7445725
            ],
            [
              -46.6021928,
              -23.7443863
            ],
            [
              -46.6029872,
              -23.7447063
            ],
            [
              -46.6033447,
              -23.7450195
            ],
            [
              -46.6034321,
              -23.745096
            ],
            [
              -46.6035656,
              -23.7455847
            ],
            [
              -46.6035656,
              -23.7459395
            ],
            [
              -46.6029237,
              -23.74637
            ],
            [
              -46.603019,
              -23.7465678
            ],
            [
              -46.6034448,
              -23.7471321
            ],
            [
              -46.603877,
              -23.7473822
            ],
            [
              -46.604379,
              -23.7472833
            ],
            [
              -46.6049955,
              -23.7471844
            ],
            [
              -46.6055993,
              -23.7472833
            ],
            [
              -46.6059997,
              -23.7474811
            ],
            [
              -46.6063873,
              -23.7478185
            ],
            [
              -46.606775,
              -23.7482141
            ],
            [
              -46.607061,
              -23.7486155
            ],
            [
              -46.6070102,
              -23.7492903
            ],
            [
              -46.6065462,
              -23.7497207
            ],
            [
              -46.6056374,
              -23.7500465
            ],
            [
              -46.604862,
              -23.7503548
            ],
            [
              -46.6060187,
              -23.7505119
            ],
            [
              -46.6064572,
              -23.7504421
            ],
            [
              -46.606953,
              -23.7501861
            ],
            [
              -46.6073025,
              -23.7499825
            ],
            [
              -46.60783,
              -23.7501454
            ],
            [
              -46.6081414,
              -23.7504072
            ],
            [
              -46.6081732,
              -23.7506049
            ],
            [
              -46.6087579,
              -23.7513437
            ],
            [
              -46.609279,
              -23.7516927
            ],
            [
              -46.6103912,
              -23.7522279
            ],
            [
              -46.6107217,
              -23.7526875
            ],
            [
              -46.6110712,
              -23.7535484
            ],
            [
              -46.611014,
              -23.7540312
            ],
            [
              -46.6107789,
              -23.7543104
            ],
            [
              -46.6101815,
              -23.7548223
            ],
            [
              -46.6095777,
              -23.7551422
            ],
            [
              -46.6089486,
              -23.75534
            ],
            [
              -46.6082431,
              -23.7553051
            ],
            [
              -46.6082558,
              -23.7556541
            ],
            [
              -46.6084655,
              -23.7559508
            ],
            [
              -46.6094379,
              -23.7555901
            ],
            [
              -46.6099781,
              -23.7553982
            ],
            [
              -46.6105374,
              -23.7552178
            ],
            [
              -46.6113636,
              -23.7549561
            ],
            [
              -46.6118216,
              -23.7548996
            ],
            [
              -46.6122597,
              -23.7548456
            ],
            [
              -46.612819,
              -23.7551306
            ],
            [
              -46.61341,
              -23.7556832
            ],
            [
              -46.6140773,
              -23.7562416
            ],
            [
              -46.6144777,
              -23.7567302
            ],
            [
              -46.6146811,
              -23.7572014
            ],
            [
              -46.6147891,
              -23.7578412
            ],
            [
              -46.6148908,
              -23.7582717
            ],
            [
              -46.6148825,
              -23.758708
            ],
            [
              -46.6144777,
              -23.7589522
            ],
            [
              -46.6135181,
              -23.7589697
            ],
            [
              -46.6132445,
              -23.7589317
            ],
            [
              -46.613016,
              -23.7588999
            ],
            [
              -46.6126919,
              -23.7586091
            ],
            [
              -46.6126601,
              -23.7583473
            ],
            [
              -46.6122788,
              -23.7584113
            ],
            [
              -46.6122788,
              -23.7586498
            ],
            [
              -46.6117958,
              -23.7588301
            ],
            [
              -46.6111221,
              -23.7589639
            ],
            [
              -46.6108361,
              -23.7587312
            ],
            [
              -46.6107026,
              -23.758452
            ],
            [
              -46.6104294,
              -23.7584985
            ],
            [
              -46.6104166,
              -23.7589115
            ],
            [
              -46.6099845,
              -23.7590046
            ],
            [
              -46.6095904,
              -23.7591675
            ],
            [
              -46.6104103,
              -23.759342
            ],
            [
              -46.6113255,
              -23.7594001
            ],
            [
              -46.6117576,
              -23.7596154
            ],
            [
              -46.6125393,
              -23.7598422
            ],
            [
              -46.6133083,
              -23.7599236
            ],
            [
              -46.6139693,
              -23.7601505
            ],
            [
              -46.6149353,
              -23.7605751
            ],
            [
              -46.6152404,
              -23.7609008
            ],
            [
              -46.6151895,
              -23.761244
            ],
            [
              -46.6146239,
              -23.7615174
            ],
            [
              -46.613893,
              -23.7616803
            ],
            [
              -46.6131685,
              -23.7616628
            ],
            [
              -46.6128126,
              -23.7616105
            ],
            [
              -46.6122025,
              -23.7614418
            ],
            [
              -46.6116432,
              -23.761529
            ],
            [
              -46.6115606,
              -23.7620293
            ],
            [
              -46.6116051,
              -23.7623783
            ],
            [
              -46.6115352,
              -23.7626516
            ],
            [
              -46.6113064,
              -23.7629599
            ],
            [
              -46.6110331,
              -23.7630355
            ],
            [
              -46.6106518,
              -23.7631228
            ],
            [
              -46.610512,
              -23.7634136
            ],
            [
              -46.6102641,
              -23.7635067
            ],
            [
              -46.60994,
              -23.7630763
            ],
            [
              -46.6097747,
              -23.7626167
            ],
            [
              -46.6096985,
              -23.7622619
            ],
            [
              -46.609654,
              -23.7619769
            ],
            [
              -46.6093362,
              -23.7616628
            ],
            [
              -46.6089803,
              -23.7617792
            ],
            [
              -46.6088914,
              -23.7622561
            ],
            [
              -46.6087452,
              -23.7625062
            ],
            [
              -46.6081986,
              -23.7623026
            ],
            [
              -46.6078999,
              -23.7620409
            ],
            [
              -46.6076775,
              -23.762006
            ],
            [
              -46.6076012,
              -23.7622445
            ],
            [
              -46.6078618,
              -23.7626633
            ],
            [
              -46.6081541,
              -23.7629308
            ],
            [
              -46.6086943,
              -23.7632507
            ],
            [
              -46.6087706,
              -23.7636056
            ],
            [
              -46.6084465,
              -23.763908
            ],
            [
              -46.6075885,
              -23.7641232
            ],
            [
              -46.6070483,
              -23.7642977
            ],
            [
              -46.6064445,
              -23.7641639
            ],
            [
              -46.6057582,
              -23.7638731
            ],
            [
              -46.6051862,
              -23.7637917
            ],
            [
              -46.604468,
              -23.7635358
            ],
            [
              -46.6042138,
              -23.763402
            ],
            [
              -46.6041566,
              -23.7631809
            ],
            [
              -46.6042519,
              -23.7630239
            ],
            [
              -46.6045761,
              -23.7626575
            ],
            [
              -46.6039723,
              -23.7627214
            ],
            [
              -46.6037943,
              -23.762576
            ],
            [
              -46.6037435,
              -23.7620874
            ],
            [
              -46.6037753,
              -23.7617792
            ],
            [
              -46.6041185,
              -23.7616163
            ],
            [
              -46.6045824,
              -23.7613487
            ],
            [
              -46.6047856,
              -23.7610825
            ],
            [
              -46.6047032,
              -23.7607961
            ],
            [
              -46.6044489,
              -23.7606856
            ],
            [
              -46.6039723,
              -23.7608659
            ],
            [
              -46.6036224,
              -23.7608448
            ],
            [
              -46.603394,
              -23.760831
            ],
            [
              -46.6031525,
              -23.7605402
            ],
            [
              -46.603324,
              -23.7600749
            ],
            [
              -46.6035147,
              -23.7597317
            ],
            [
              -46.6034067,
              -23.7596968
            ],
            [
              -46.6031397,
              -23.7597201
            ],
            [
              -46.6026949,
              -23.7595339
            ],
            [
              -46.6026122,
              -23.7592314
            ],
            [
              -46.6024978,
              -23.758673
            ],
            [
              -46.6024724,
              -23.7581902
            ],
            [
              -46.6027648,
              -23.758039
            ],
            [
              -46.603699,
              -23.7578761
            ],
            [
              -46.6036863,
              -23.757626
            ],
            [
              -46.6038515,
              -23.7573003
            ],
            [
              -46.603502,
              -23.7574748
            ],
            [
              -46.6029237,
              -23.7576086
            ],
            [
              -46.602555,
              -23.7575155
            ],
            [
              -46.6024534,
              -23.7568
            ],
            [
              -46.602489,
              -23.7562952
            ],
            [
              -46.6025042,
              -23.7560787
            ],
            [
              -46.6025042,
              -23.7555261
            ],
            [
              -46.6021674,
              -23.7562823
            ],
            [
              -46.6018369,
              -23.7573759
            ],
            [
              -46.6015445,
              -23.7573759
            ],
            [
              -46.6000447,
              -23.7562242
            ],
            [
              -46.6000955,
              -23.7557472
            ],
            [
              -46.600515,
              -23.75534
            ],
            [
              -46.600515,
              -23.7549212
            ],
            [
              -46.6002862,
              -23.7549328
            ],
            [
              -46.5996252,
              -23.7557006
            ],
            [
              -46.5993329,
              -23.7556774
            ],
            [
              -46.597261,
              -23.754258
            ],
            [
              -46.5970322,
              -23.7538392
            ],
            [
              -46.5967145,
              -23.7532808
            ],
            [
              -46.5967145,
              -23.7528154
            ],
            [
              -46.5965111,
              -23.7526526
            ],
            [
              -46.5963458,
              -23.7527689
            ],
            [
              -46.5962696,
              -23.7537811
            ],
            [
              -46.5959137,
              -23.753816
            ],
            [
              -46.595151,
              -23.7543046
            ],
            [
              -46.5951765,
              -23.7546652
            ],
            [
              -46.5955324,
              -23.7551888
            ],
            [
              -46.5963967,
              -23.7553865
            ],
            [
              -46.5970195,
              -23.7557821
            ],
            [
              -46.5972229,
              -23.7561195
            ],
            [
              -46.5971975,
              -23.7568291
            ],
            [
              -46.5978838,
              -23.7568989
            ],
            [
              -46.5987863,
              -23.7572247
            ],
            [
              -46.5999303,
              -23.7579808
            ],
            [
              -46.6004641,
              -23.7588766
            ],
            [
              -46.6010488,
              -23.7602843
            ],
            [
              -46.6016971,
              -23.7620991
            ],
            [
              -46.6019132,
              -23.7630995
            ],
            [
              -46.6010234,
              -23.7635648
            ],
            [
              -46.5995617,
              -23.7633903
            ],
            [
              -46.5984431,
              -23.7626807
            ],
            [
              -46.5975102,
              -23.7624323
            ],
            [
              -46.596487,
              -23.7624426
            ],
            [
              -46.5960482,
              -23.7623664
            ],
            [
              -46.5953323,
              -23.7620355
            ],
            [
              -46.5948972,
              -23.7621791
            ],
            [
              -46.5947955,
              -23.7625171
            ],
            [
              -46.5947976,
              -23.7628387
            ],
            [
              -46.594868,
              -23.7631306
            ],
            [
              -46.5949944,
              -23.7633886
            ],
            [
              -46.5952581,
              -23.7637243
            ],
            [
              -46.5912211,
              -23.7634238
            ],
            [
              -46.5907629,
              -23.7633915
            ],
            [
              -46.5906989,
              -23.7646495
            ],
            [
              -46.5906286,
              -23.7648554
            ],
            [
              -46.5905092,
              -23.7650566
            ],
            [
              -46.5903896,
              -23.7651825
            ],
            [
              -46.5902264,
              -23.7653104
            ],
            [
              -46.590081,
              -23.765377
            ],
            [
              -46.5899186,
              -23.7654254
            ],
            [
              -46.5896947,
              -23.7654557
            ],
            [
              -46.5895154,
              -23.7654533
            ],
            [
              -46.5892878,
              -23.7653952
            ],
            [
              -46.5891092,
              -23.7653064
            ],
            [
              -46.5889869,
              -23.7652296
            ],
            [
              -46.5888785,
              -23.76514
            ],
            [
              -46.5887166,
              -23.7649474
            ],
            [
              -46.5885406,
              -23.7646778
            ],
            [
              -46.5882753,
              -23.7643918
            ],
            [
              -46.588092,
              -23.7642481
            ],
            [
              -46.5879623,
              -23.76418
            ],
            [
              -46.5877626,
              -23.7641176
            ],
            [
              -46.587568,
              -23.7640834
            ],
            [
              -46.5873868,
              -23.7640382
            ],
            [
              -46.5872143,
              -23.7639605
            ],
            [
              -46.5871429,
              -23.7639028
            ],
            [
              -46.5871019,
              -23.7638521
            ],
            [
              -46.5867481,
              -23.7629725
            ],
            [
              -46.5867835,
              -23.7619147
            ],
            [
              -46.5868483,
              -23.7614183
            ],
            [
              -46.5867363,
              -23.7607221
            ],
            [
              -46.5867068,
              -23.7599342
            ],
            [
              -46.5855856,
              -23.7517405
            ],
            [
              -46.5851085,
              -23.7508978
            ],
            [
              -46.5843622,
              -23.7500239
            ],
            [
              -46.5838671,
              -23.7496379
            ],
            [
              -46.5831507,
              -23.7492223
            ],
            [
              -46.5825109,
              -23.7489363
            ],
            [
              -46.5819242,
              -23.7487663
            ],
            [
              -46.5810285,
              -23.7487157
            ],
            [
              -46.5800727,
              -23.7486961
            ]
          ]
        ]
      },
      "id": "relation/4133970"
    },
    {
      "type": "Feature",
      "properties": {
        "@id": "relation/4573217",
        "admin_level": "10",
        "boundary": "administrative",
        "name": "Anchieta",
        "place": "suburb",
        "type": "boundary"
      },
      "geometry": {
        "type": "Polygon",
        "coordinates": [
          [
            [
              -46.5694863,
              -23.6760085
            ],
            [
              -46.5664944,
              -23.6848323
            ],
            [
              -46.5655295,
              -23.6849232
            ],
            [
              -46.5617195,
              -23.6852446
            ],
            [
              -46.5614593,
              -23.6852612
            ],
            [
              -46.559659,
              -23.6854158
            ],
            [
              -46.5591274,
              -23.6854437
            ],
            [
              -46.558842,
              -23.6847275
            ],
            [
              -46.5585011,
              -23.6841006
            ],
            [
              -46.5578639,
              -23.6829464
            ],
            [
              -46.5577432,
              -23.682972
            ],
            [
              -46.5570645,
              -23.6830411
            ],
            [
              -46.5564621,
              -23.683094
            ],
            [
              -46.5560996,
              -23.6831254
            ],
            [
              -46.5556346,
              -23.6831622
            ],
            [
              -46.555205,
              -23.6831697
            ],
            [
              -46.5540878,
              -23.6831527
            ],
            [
              -46.5538837,
              -23.68307
            ],
            [
              -46.5539467,
              -23.6829677
            ],
            [
              -46.5539862,
              -23.6828897
            ],
            [
              -46.5540201,
              -23.6827952
            ],
            [
              -46.554046,
              -23.6827269
            ],
            [
              -46.5541164,
              -23.6825194
            ],
            [
              -46.5542276,
              -23.6821514
            ],
            [
              -46.5543724,
              -23.6817467
            ],
            [
              -46.554503,
              -23.6813617
            ],
            [
              -46.5545763,
              -23.6810841
            ],
            [
              -46.5546303,
              -23.6808856
            ],
            [
              -46.5546601,
              -23.6807278
            ],
            [
              -46.5546983,
              -23.6804804
            ],
            [
              -46.5547331,
              -23.6799978
            ],
            [
              -46.5547475,
              -23.6796315
            ],
            [
              -46.5547372,
              -23.6794756
            ],
            [
              -46.554707,
              -23.6793784
            ],
            [
              -46.5546578,
              -23.6792708
            ],
            [
              -46.5545974,
              -23.6791686
            ],
            [
              -46.5545067,
              -23.6790664
            ],
            [
              -46.5542187,
              -23.6788211
            ],
            [
              -46.5540411,
              -23.6786733
            ],
            [
              -46.5539317,
              -23.6785671
            ],
            [
              -46.5538164,
              -23.6784512
            ],
            [
              -46.5537345,
              -23.678351
            ],
            [
              -46.5536293,
              -23.6781961
            ],
            [
              -46.5535514,
              -23.6779981
            ],
            [
              -46.5534697,
              -23.6777024
            ],
            [
              -46.5533567,
              -23.677145
            ],
            [
              -46.5532779,
              -23.6767033
            ],
            [
              -46.5532407,
              -23.676338
            ],
            [
              -46.5532199,
              -23.6759285
            ],
            [
              -46.5532333,
              -23.675585
            ],
            [
              -46.5532499,
              -23.6751252
            ],
            [
              -46.5532538,
              -23.6750815
            ],
            [
              -46.5532647,
              -23.6749577
            ],
            [
              -46.5533184,
              -23.6746512
            ],
            [
              -46.5533722,
              -23.6743795
            ],
            [
              -46.5535219,
              -23.6739584
            ],
            [
              -46.5536982,
              -23.6735235
            ],
            [
              -46.5538257,
              -23.6732174
            ],
            [
              -46.5539236,
              -23.6729636
            ],
            [
              -46.5539836,
              -23.6727445
            ],
            [
              -46.554025,
              -23.6724774
            ],
            [
              -46.5540532,
              -23.6720852
            ],
            [
              -46.5540518,
              -23.671609
            ],
            [
              -46.5540422,
              -23.671427
            ],
            [
              -46.553976,
              -23.671142
            ],
            [
              -46.5538253,
              -23.6707593
            ],
            [
              -46.5535725,
              -23.6702449
            ],
            [
              -46.553321,
              -23.6696975
            ],
            [
              -46.553256,
              -23.6694894
            ],
            [
              -46.553208,
              -23.6692665
            ],
            [
              -46.5531924,
              -23.6690981
            ],
            [
              -46.5603799,
              -23.6702123
            ],
            [
              -46.5605736,
              -23.6702444
            ],
            [
              -46.566651,
              -23.6713404
            ],
            [
              -46.5669607,
              -23.6713933
            ],
            [
              -46.5679124,
              -23.671556
            ],
            [
              -46.5689506,
              -23.6732011
            ],
            [
              -46.5690802,
              -23.6738452
            ],
            [
              -46.5692732,
              -23.6750604
            ],
            [
              -46.5694863,
              -23.6760085
            ]
          ]
        ]
      },
      "id": "relation/4573217"
    },
    {
      "type": "Feature",
      "properties": {
        "@id": "relation/4573218",
        "admin_level": "10",
        "boundary": "administrative",
        "name": "Baeta Neves",
        "place": "suburb",
        "type": "boundary"
      },
      "geometry": {
        "type": "Polygon",
        "coordinates": [
          [
            [
              -46.5175772,
              -23.7090428
            ],
            [
              -46.5177862,
              -23.7084483
            ],
            [
              -46.5178979,
              -23.7078701
            ],
            [
              -46.5180713,
              -23.7075665
            ],
            [
              -46.5180713,
              -23.7073307
            ],
            [
              -46.5179508,
              -23.7071623
            ],
            [
              -46.5173514,
              -23.7069082
            ],
            [
              -46.5169179,
              -23.7064957
            ],
            [
              -46.5167785,
              -23.7062256
            ],
            [
              -46.5165541,
              -23.7059745
            ],
            [
              -46.5164995,
              -23.7058339
            ],
            [
              -46.5164933,
              -23.7056744
            ],
            [
              -46.5165942,
              -23.7055491
            ],
            [
              -46.5169366,
              -23.7052314
            ],
            [
              -46.5173296,
              -23.7048815
            ],
            [
              -46.5176153,
              -23.7046808
            ],
            [
              -46.5179372,
              -23.7044849
            ],
            [
              -46.5184462,
              -23.7042531
            ],
            [
              -46.5185339,
              -23.7042097
            ],
            [
              -46.5186315,
              -23.7041315
            ],
            [
              -46.5187227,
              -23.7040279
            ],
            [
              -46.5187767,
              -23.7039128
            ],
            [
              -46.5189396,
              -23.7033979
            ],
            [
              -46.5189591,
              -23.7033252
            ],
            [
              -46.5189964,
              -23.7032387
            ],
            [
              -46.5191133,
              -23.7031066
            ],
            [
              -46.5193008,
              -23.7029439
            ],
            [
              -46.5195798,
              -23.7026307
            ],
            [
              -46.5199649,
              -23.7018983
            ],
            [
              -46.5200454,
              -23.7016772
            ],
            [
              -46.5201031,
              -23.7011824
            ],
            [
              -46.5201192,
              -23.7011243
            ],
            [
              -46.5201503,
              -23.701085
            ],
            [
              -46.5201916,
              -23.701054
            ],
            [
              -46.520262,
              -23.7010165
            ],
            [
              -46.5203929,
              -23.7009964
            ],
            [
              -46.5205382,
              -23.7010088
            ],
            [
              -46.52061,
              -23.7010559
            ],
            [
              -46.5206777,
              -23.7011233
            ],
            [
              -46.5209385,
              -23.7014562
            ],
            [
              -46.5212348,
              -23.7018006
            ],
            [
              -46.5213007,
              -23.7018897
            ],
            [
              -46.5213597,
              -23.7020972
            ],
            [
              -46.5213924,
              -23.7021629
            ],
            [
              -46.5214777,
              -23.7022286
            ],
            [
              -46.5216722,
              -23.7023035
            ],
            [
              -46.5221515,
              -23.7024644
            ],
            [
              -46.5224111,
              -23.7024742
            ],
            [
              -46.5226284,
              -23.7024459
            ],
            [
              -46.522918,
              -23.7023673
            ],
            [
              -46.5230736,
              -23.7022298
            ],
            [
              -46.5232252,
              -23.702015
            ],
            [
              -46.5234654,
              -23.7017087
            ],
            [
              -46.5235819,
              -23.7014488
            ],
            [
              -46.5236493,
              -23.7013538
            ],
            [
              -46.5237006,
              -23.7013193
            ],
            [
              -46.5237549,
              -23.7013223
            ],
            [
              -46.5238293,
              -23.7013635
            ],
            [
              -46.5238756,
              -23.7014181
            ],
            [
              -46.5239587,
              -23.7016085
            ],
            [
              -46.5241689,
              -23.7019123
            ],
            [
              -46.5244247,
              -23.7020867
            ],
            [
              -46.5245247,
              -23.702134
            ],
            [
              -46.5246526,
              -23.7021385
            ],
            [
              -46.5248211,
              -23.7020996
            ],
            [
              -46.5249699,
              -23.7020112
            ],
            [
              -46.5251876,
              -23.7017895
            ],
            [
              -46.5253575,
              -23.7017607
            ],
            [
              -46.5256878,
              -23.7017546
            ],
            [
              -46.5259082,
              -23.7018002
            ],
            [
              -46.5261799,
              -23.7019384
            ],
            [
              -46.5266555,
              -23.7023317
            ],
            [
              -46.5282128,
              -23.7033083
            ],
            [
              -46.5287939,
              -23.7034997
            ],
            [
              -46.5289396,
              -23.7034725
            ],
            [
              -46.5290563,
              -23.7033939
            ],
            [
              -46.529261,
              -23.703182
            ],
            [
              -46.5294517,
              -23.7027014
            ],
            [
              -46.5296239,
              -23.7022917
            ],
            [
              -46.5298124,
              -23.7019222
            ],
            [
              -46.5299082,
              -23.7017929
            ],
            [
              -46.5299792,
              -23.7017105
            ],
            [
              -46.5300587,
              -23.7016394
            ],
            [
              -46.5302271,
              -23.7015512
            ],
            [
              -46.5317418,
              -23.7010967
            ],
            [
              -46.5320621,
              -23.7009922
            ],
            [
              -46.5321558,
              -23.7009574
            ],
            [
              -46.5325024,
              -23.7007965
            ],
            [
              -46.5328687,
              -23.7006063
            ],
            [
              -46.5330192,
              -23.7004922
            ],
            [
              -46.5330868,
              -23.7004264
            ],
            [
              -46.5332324,
              -23.7002641
            ],
            [
              -46.5333183,
              -23.7001464
            ],
            [
              -46.5336821,
              -23.6995066
            ],
            [
              -46.5339283,
              -23.6988967
            ],
            [
              -46.5341762,
              -23.6984469
            ],
            [
              -46.5341869,
              -23.6982454
            ],
            [
              -46.5343083,
              -23.6978163
            ],
            [
              -46.5344218,
              -23.6976122
            ],
            [
              -46.5347098,
              -23.6973928
            ],
            [
              -46.5349831,
              -23.6972202
            ],
            [
              -46.5352763,
              -23.6970897
            ],
            [
              -46.5355563,
              -23.6969663
            ],
            [
              -46.5358436,
              -23.6967898
            ],
            [
              -46.5359268,
              -23.6967726
            ],
            [
              -46.536091,
              -23.6968192
            ],
            [
              -46.5361451,
              -23.6968491
            ],
            [
              -46.5362191,
              -23.696869
            ],
            [
              -46.5362741,
              -23.6968591
            ],
            [
              -46.5363465,
              -23.6968383
            ],
            [
              -46.5365075,
              -23.6966989
            ],
            [
              -46.5366147,
              -23.696581
            ],
            [
              -46.5366657,
              -23.6965491
            ],
            [
              -46.5367194,
              -23.6965466
            ],
            [
              -46.5367998,
              -23.6965687
            ],
            [
              -46.5368575,
              -23.6965405
            ],
            [
              -46.5370211,
              -23.6963084
            ],
            [
              -46.5370305,
              -23.6962703
            ],
            [
              -46.5370251,
              -23.6962335
            ],
            [
              -46.5370036,
              -23.6961647
            ],
            [
              -46.5369769,
              -23.6960665
            ],
            [
              -46.5370077,
              -23.6959498
            ],
            [
              -46.5370466,
              -23.695811
            ],
            [
              -46.5370345,
              -23.6956458
            ],
            [
              -46.5369447,
              -23.6954548
            ],
            [
              -46.536938,
              -23.6953701
            ],
            [
              -46.5370297,
              -23.6951004
            ],
            [
              -46.537039,
              -23.695073
            ],
            [
              -46.5368897,
              -23.6947217
            ],
            [
              -46.5368629,
              -23.6945522
            ],
            [
              -46.5368932,
              -23.694281
            ],
            [
              -46.5369595,
              -23.6939726
            ],
            [
              -46.5370292,
              -23.6936115
            ],
            [
              -46.5370766,
              -23.6930759
            ],
            [
              -46.5370882,
              -23.6929533
            ],
            [
              -46.5372025,
              -23.6924868
            ],
            [
              -46.537217,
              -23.6924277
            ],
            [
              -46.5373953,
              -23.6918868
            ],
            [
              -46.5374016,
              -23.6918398
            ],
            [
              -46.5374177,
              -23.6916604
            ],
            [
              -46.5374474,
              -23.6913312
            ],
            [
              -46.5374619,
              -23.6911652
            ],
            [
              -46.5375335,
              -23.6909491
            ],
            [
              -46.5378077,
              -23.690265
            ],
            [
              -46.5378772,
              -23.6901605
            ],
            [
              -46.5380208,
              -23.6899344
            ],
            [
              -46.5380833,
              -23.6898168
            ],
            [
              -46.5381745,
              -23.6896891
            ],
            [
              -46.5383811,
              -23.6894508
            ],
            [
              -46.5389171,
              -23.6890711
            ],
            [
              -46.5390033,
              -23.6889841
            ],
            [
              -46.5392501,
              -23.6887975
            ],
            [
              -46.539304,
              -23.6887549
            ],
            [
              -46.539329,
              -23.6887356
            ],
            [
              -46.5393469,
              -23.6886863
            ],
            [
              -46.5393429,
              -23.6886497
            ],
            [
              -46.5393027,
              -23.6886083
            ],
            [
              -46.5392904,
              -23.6885924
            ],
            [
              -46.539207,
              -23.688513
            ],
            [
              -46.5392206,
              -23.6884253
            ],
            [
              -46.5392454,
              -23.6882613
            ],
            [
              -46.5392711,
              -23.6881555
            ],
            [
              -46.5393757,
              -23.6877947
            ],
            [
              -46.5394084,
              -23.6876835
            ],
            [
              -46.5394435,
              -23.6875986
            ],
            [
              -46.5394676,
              -23.6875603
            ],
            [
              -46.539552,
              -23.6874549
            ],
            [
              -46.5395773,
              -23.6874269
            ],
            [
              -46.540044,
              -23.6870535
            ],
            [
              -46.5403487,
              -23.6867997
            ],
            [
              -46.5406414,
              -23.68651
            ],
            [
              -46.5407427,
              -23.686399
            ],
            [
              -46.5409693,
              -23.6861816
            ],
            [
              -46.5410565,
              -23.6860981
            ],
            [
              -46.5415273,
              -23.6857432
            ],
            [
              -46.5416706,
              -23.6856465
            ],
            [
              -46.5417902,
              -23.6855657
            ],
            [
              -46.5419564,
              -23.6854533
            ],
            [
              -46.5421455,
              -23.6853254
            ],
            [
              -46.5422488,
              -23.6852457
            ],
            [
              -46.5424755,
              -23.6850642
            ],
            [
              -46.5425837,
              -23.6849947
            ],
            [
              -46.542742,
              -23.6848873
            ],
            [
              -46.5428934,
              -23.6847968
            ],
            [
              -46.5431867,
              -23.6846347
            ],
            [
              -46.5436071,
              -23.6844024
            ],
            [
              -46.5436811,
              -23.6843615
            ],
            [
              -46.5447249,
              -23.683835
            ],
            [
              -46.5448291,
              -23.6838161
            ],
            [
              -46.5451435,
              -23.683816
            ],
            [
              -46.5452688,
              -23.6838359
            ],
            [
              -46.5457331,
              -23.6839622
            ],
            [
              -46.5459469,
              -23.6839967
            ],
            [
              -46.5462797,
              -23.6840848
            ],
            [
              -46.5465563,
              -23.6841522
            ],
            [
              -46.5467032,
              -23.6841788
            ],
            [
              -46.5469715,
              -23.6842616
            ],
            [
              -46.5470448,
              -23.6843704
            ],
            [
              -46.547105,
              -23.6844612
            ],
            [
              -46.547152,
              -23.6845419
            ],
            [
              -46.5472033,
              -23.6846296
            ],
            [
              -46.5472629,
              -23.6847518
            ],
            [
              -46.5472843,
              -23.6848072
            ],
            [
              -46.5473932,
              -23.6850808
            ],
            [
              -46.5474899,
              -23.6853926
            ],
            [
              -46.5475246,
              -23.6855725
            ],
            [
              -46.547552,
              -23.6857799
            ],
            [
              -46.5475603,
              -23.6859673
            ],
            [
              -46.5475582,
              -23.6861583
            ],
            [
              -46.5475433,
              -23.6863261
            ],
            [
              -46.5475067,
              -23.6866106
            ],
            [
              -46.5474992,
              -23.6866827
            ],
            [
              -46.5474951,
              -23.6867674
            ],
            [
              -46.5474997,
              -23.6868769
            ],
            [
              -46.5475148,
              -23.686977
            ],
            [
              -46.5475886,
              -23.6873506
            ],
            [
              -46.5476121,
              -23.6874711
            ],
            [
              -46.5476378,
              -23.6876038
            ],
            [
              -46.5476499,
              -23.6876663
            ],
            [
              -46.5476587,
              -23.6877113
            ],
            [
              -46.5476695,
              -23.6877668
            ],
            [
              -46.5478143,
              -23.6885285
            ],
            [
              -46.5480231,
              -23.6896282
            ],
            [
              -46.5482738,
              -23.6910484
            ],
            [
              -46.5483033,
              -23.6912174
            ],
            [
              -46.548331,
              -23.6913511
            ],
            [
              -46.5483688,
              -23.6915077
            ],
            [
              -46.5483937,
              -23.6916111
            ],
            [
              -46.5484899,
              -23.6920418
            ],
            [
              -46.5485272,
              -23.6921953
            ],
            [
              -46.5485546,
              -23.6923012
            ],
            [
              -46.5485893,
              -23.6924017
            ],
            [
              -46.5486403,
              -23.6925382
            ],
            [
              -46.5487017,
              -23.6926723
            ],
            [
              -46.5487551,
              -23.6927877
            ],
            [
              -46.5488137,
              -23.6929019
            ],
            [
              -46.5488991,
              -23.6930394
            ],
            [
              -46.5489579,
              -23.6931313
            ],
            [
              -46.548999,
              -23.6931914
            ],
            [
              -46.5494902,
              -23.6938669
            ],
            [
              -46.5469325,
              -23.6952205
            ],
            [
              -46.5431269,
              -23.6971967
            ],
            [
              -46.5431413,
              -23.6972834
            ],
            [
              -46.5431742,
              -23.6973814
            ],
            [
              -46.5432875,
              -23.6974983
            ],
            [
              -46.5437631,
              -23.6978641
            ],
            [
              -46.5440597,
              -23.6979678
            ],
            [
              -46.5442553,
              -23.6980866
            ],
            [
              -46.544455,
              -23.6982224
            ],
            [
              -46.5445498,
              -23.6983846
            ],
            [
              -46.5449945,
              -23.6982507
            ],
            [
              -46.5452917,
              -23.6981861
            ],
            [
              -46.5453867,
              -23.6986858
            ],
            [
              -46.5456535,
              -23.6995819
            ],
            [
              -46.5463618,
              -23.6994951
            ],
            [
              -46.5471567,
              -23.6994046
            ],
            [
              -46.5471499,
              -23.6999786
            ],
            [
              -46.5472678,
              -23.7000826
            ],
            [
              -46.5475093,
              -23.7002436
            ],
            [
              -46.5447933,
              -23.7015728
            ],
            [
              -46.5398595,
              -23.7035639
            ],
            [
              -46.536627,
              -23.7052864
            ],
            [
              -46.534542,
              -23.7062463
            ],
            [
              -46.5332781,
              -23.7070249
            ],
            [
              -46.5332165,
              -23.7069453
            ],
            [
              -46.5327796,
              -23.7063806
            ],
            [
              -46.5324891,
              -23.7065072
            ],
            [
              -46.5321811,
              -23.7066232
            ],
            [
              -46.5321233,
              -23.706683
            ],
            [
              -46.5318776,
              -23.7067735
            ],
            [
              -46.5318186,
              -23.7068232
            ],
            [
              -46.5317523,
              -23.7068512
            ],
            [
              -46.5313009,
              -23.707069
            ],
            [
              -46.5300818,
              -23.7075102
            ],
            [
              -46.5297952,
              -23.7075312
            ],
            [
              -46.5294534,
              -23.7075312
            ],
            [
              -46.5275079,
              -23.7075477
            ],
            [
              -46.5264406,
              -23.7076783
            ],
            [
              -46.5258353,
              -23.707913
            ],
            [
              -46.5257728,
              -23.7079372
            ],
            [
              -46.5256766,
              -23.7080519
            ],
            [
              -46.5254831,
              -23.7082742
            ],
            [
              -46.5250793,
              -23.7093911
            ],
            [
              -46.524903,
              -23.709855
            ],
            [
              -46.5244733,
              -23.7104955
            ],
            [
              -46.5244425,
              -23.7105161
            ],
            [
              -46.5240389,
              -23.7110169
            ],
            [
              -46.5204413,
              -23.7101305
            ],
            [
              -46.5195107,
              -23.7096277
            ],
            [
              -46.5176621,
              -23.7090502
            ],
            [
              -46.5175772,
              -23.7090428
            ]
          ]
        ]
      },
      "id": "relation/4573218"
    },
    {
      "type": "Feature",
      "properties": {
        "@id": "relation/4573219",
        "admin_level": "10",
        "boundary": "administrative",
        "name": "Bairro dos Casa",
        "place": "suburb",
        "type": "boundary"
      },
      "geometry": {
        "type": "Polygon",
        "coordinates": [
          [
            [
              -46.581602,
              -23.7354829
            ],
            [
              -46.5815949,
              -23.7355375
            ],
            [
              -46.5815735,
              -23.7356927
            ],
            [
              -46.581539,
              -23.7359466
            ],
            [
              -46.5815201,
              -23.7360853
            ],
            [
              -46.5814895,
              -23.7362657
            ],
            [
              -46.5804871,
              -23.7395668
            ],
            [
              -46.5804467,
              -23.7399023
            ],
            [
              -46.5802604,
              -23.7401698
            ],
            [
              -46.5802677,
              -23.7403069
            ],
            [
              -46.5806641,
              -23.7404908
            ],
            [
              -46.5807342,
              -23.7405451
            ],
            [
              -46.5802593,
              -23.741127
            ],
            [
              -46.5795725,
              -23.7414613
            ],
            [
              -46.5789661,
              -23.7424846
            ],
            [
              -46.5770081,
              -23.7447996
            ],
            [
              -46.5750357,
              -23.7474454
            ],
            [
              -46.5739227,
              -23.7467575
            ],
            [
              -46.572685,
              -23.7457791
            ],
            [
              -46.5715973,
              -23.7446033
            ],
            [
              -46.5708941,
              -23.743788
            ],
            [
              -46.5703503,
              -23.7430069
            ],
            [
              -46.5701037,
              -23.742565
            ],
            [
              -46.5696257,
              -23.7420768
            ],
            [
              -46.5686517,
              -23.7408057
            ],
            [
              -46.5674303,
              -23.739471
            ],
            [
              -46.567074,
              -23.7389067
            ],
            [
              -46.5669568,
              -23.7386985
            ],
            [
              -46.5672005,
              -23.7385569
            ],
            [
              -46.5667599,
              -23.7382694
            ],
            [
              -46.566638,
              -23.7380848
            ],
            [
              -46.5665583,
              -23.7376771
            ],
            [
              -46.5665515,
              -23.7364387
            ],
            [
              -46.5666061,
              -23.736369
            ],
            [
              -46.5666427,
              -23.7362352
            ],
            [
              -46.5667459,
              -23.7348299
            ],
            [
              -46.5668785,
              -23.7346023
            ],
            [
              -46.566842,
              -23.7343383
            ],
            [
              -46.566053,
              -23.7338285
            ],
            [
              -46.5652773,
              -23.7337071
            ],
            [
              -46.564117,
              -23.7337132
            ],
            [
              -46.5638912,
              -23.7336215
            ],
            [
              -46.5635817,
              -23.7336558
            ],
            [
              -46.5633004,
              -23.7338275
            ],
            [
              -46.5631035,
              -23.733673
            ],
            [
              -46.5628423,
              -23.7336812
            ],
            [
              -46.5628316,
              -23.7336815
            ],
            [
              -46.562616,
              -23.7338103
            ],
            [
              -46.5620721,
              -23.733776
            ],
            [
              -46.5618435,
              -23.7335631
            ],
            [
              -46.5617747,
              -23.7334902
            ],
            [
              -46.5615592,
              -23.7333931
            ],
            [
              -46.5614564,
              -23.7334595
            ],
            [
              -46.5598042,
              -23.7334694
            ],
            [
              -46.5596325,
              -23.7334669
            ],
            [
              -46.559426,
              -23.7334448
            ],
            [
              -46.5592892,
              -23.7334423
            ],
            [
              -46.5592436,
              -23.7333901
            ],
            [
              -46.5587218,
              -23.7326373
            ],
            [
              -46.5586233,
              -23.7325343
            ],
            [
              -46.5583983,
              -23.7325128
            ],
            [
              -46.5582436,
              -23.7322596
            ],
            [
              -46.558056,
              -23.7321695
            ],
            [
              -46.5579623,
              -23.7320622
            ],
            [
              -46.5584756,
              -23.7319098
            ],
            [
              -46.5590359,
              -23.7318261
            ],
            [
              -46.5593148,
              -23.7317746
            ],
            [
              -46.5595539,
              -23.7315793
            ],
            [
              -46.5597649,
              -23.7313733
            ],
            [
              -46.5598891,
              -23.7311716
            ],
            [
              -46.5598981,
              -23.7308439
            ],
            [
              -46.5598994,
              -23.729126
            ],
            [
              -46.5594837,
              -23.7291135
            ],
            [
              -46.5604542,
              -23.7281704
            ],
            [
              -46.5605129,
              -23.7280713
            ],
            [
              -46.5605534,
              -23.7279019
            ],
            [
              -46.5606256,
              -23.7263609
            ],
            [
              -46.560628,
              -23.7263254
            ],
            [
              -46.5620393,
              -23.7263942
            ],
            [
              -46.5630232,
              -23.7264775
            ],
            [
              -46.5655183,
              -23.7265066
            ],
            [
              -46.5657162,
              -23.7266101
            ],
            [
              -46.5671759,
              -23.7266231
            ],
            [
              -46.5693944,
              -23.7266866
            ],
            [
              -46.570183,
              -23.7266856
            ],
            [
              -46.57024,
              -23.7278105
            ],
            [
              -46.5702884,
              -23.7288959
            ],
            [
              -46.574072,
              -23.7282374
            ],
            [
              -46.5750724,
              -23.728067
            ],
            [
              -46.5753217,
              -23.7280245
            ],
            [
              -46.5755196,
              -23.7280359
            ],
            [
              -46.5756945,
              -23.7280795
            ],
            [
              -46.5759826,
              -23.7280811
            ],
            [
              -46.5762671,
              -23.728031
            ],
            [
              -46.5765321,
              -23.7280003
            ],
            [
              -46.5768573,
              -23.7280003
            ],
            [
              -46.5772675,
              -23.7281271
            ],
            [
              -46.5778248,
              -23.7286738
            ],
            [
              -46.5779789,
              -23.7290161
            ],
            [
              -46.5780513,
              -23.7293755
            ],
            [
              -46.5781288,
              -23.7299146
            ],
            [
              -46.5782967,
              -23.7305129
            ],
            [
              -46.5786015,
              -23.7314942
            ],
            [
              -46.5789476,
              -23.7316834
            ],
            [
              -46.5798323,
              -23.732074
            ],
            [
              -46.5803218,
              -23.7323928
            ],
            [
              -46.580492,
              -23.7325108
            ],
            [
              -46.5806819,
              -23.7326425
            ],
            [
              -46.5817734,
              -23.7335893
            ],
            [
              -46.5821971,
              -23.7343601
            ],
            [
              -46.5818716,
              -23.7347054
            ],
            [
              -46.5815255,
              -23.7349134
            ],
            [
              -46.5815948,
              -23.7352568
            ],
            [
              -46.5815966,
              -23.7352683
            ],
            [
              -46.5816015,
              -23.7352925
            ],
            [
              -46.5816018,
              -23.7353965
            ],
            [
              -46.581602,
              -23.7354829
            ]
          ]
        ]
      },
      "id": "relation/4573219"
    },
    {
      "type": "Feature",
      "properties": {
        "@id": "relation/4573220",
        "admin_level": "10",
        "boundary": "administrative",
        "name": "Bairro dos Finco",
        "place": "suburb",
        "population": "10153",
        "type": "boundary"
      },
      "geometry": {
        "type": "Polygon",
        "coordinates": [
          [
            [
              -46.5322092,
              -23.7991009
            ],
            [
              -46.5322132,
              -23.7989512
            ],
            [
              -46.5321797,
              -23.7988592
            ],
            [
              -46.532114,
              -23.7988224
            ],
            [
              -46.5319531,
              -23.7988175
            ],
            [
              -46.5317854,
              -23.7987905
            ],
            [
              -46.531662,
              -23.7987512
            ],
            [
              -46.5315507,
              -23.7986899
            ],
            [
              -46.5314864,
              -23.7986175
            ],
            [
              -46.5314502,
              -23.7984837
            ],
            [
              -46.5314287,
              -23.7983586
            ],
            [
              -46.5314354,
              -23.7981696
            ],
            [
              -46.5314864,
              -23.7979561
            ],
            [
              -46.5317144,
              -23.7974014
            ],
            [
              -46.5317385,
              -23.797302
            ],
            [
              -46.5317248,
              -23.7972162
            ],
            [
              -46.5317526,
              -23.7969904
            ],
            [
              -46.5316499,
              -23.7964876
            ],
            [
              -46.531538,
              -23.7959502
            ],
            [
              -46.5289735,
              -23.796757
            ],
            [
              -46.5289274,
              -23.7962983
            ],
            [
              -46.5284606,
              -23.7957868
            ],
            [
              -46.5281264,
              -23.7952964
            ],
            [
              -46.5279996,
              -23.7951276
            ],
            [
              -46.5276826,
              -23.7948165
            ],
            [
              -46.5275904,
              -23.7945687
            ],
            [
              -46.5278498,
              -23.794458
            ],
            [
              -46.5285759,
              -23.7941732
            ],
            [
              -46.5293424,
              -23.7938094
            ],
            [
              -46.5294346,
              -23.7935932
            ],
            [
              -46.5296302,
              -23.7934347
            ],
            [
              -46.530162,
              -23.7930395
            ],
            [
              -46.5304492,
              -23.7931196
            ],
            [
              -46.5308853,
              -23.7929705
            ],
            [
              -46.5314456,
              -23.792812
            ],
            [
              -46.5321383,
              -23.7927971
            ],
            [
              -46.5329942,
              -23.7921004
            ],
            [
              -46.5290719,
              -23.7878896
            ],
            [
              -46.5298268,
              -23.7872621
            ],
            [
              -46.5318201,
              -23.7855692
            ],
            [
              -46.5323251,
              -23.7851492
            ],
            [
              -46.5326349,
              -23.7850049
            ],
            [
              -46.5331044,
              -23.784922
            ],
            [
              -46.5334866,
              -23.7850968
            ],
            [
              -46.533706,
              -23.7856177
            ],
            [
              -46.5338103,
              -23.7861879
            ],
            [
              -46.5339853,
              -23.786697
            ],
            [
              -46.5338879,
              -23.785946
            ],
            [
              -46.5338846,
              -23.7855545
            ],
            [
              -46.5342929,
              -23.7849605
            ],
            [
              -46.5346783,
              -23.7845308
            ],
            [
              -46.5347495,
              -23.7840626
            ],
            [
              -46.5352158,
              -23.7838285
            ],
            [
              -46.5358812,
              -23.7835752
            ],
            [
              -46.5365866,
              -23.7833837
            ],
            [
              -46.5368307,
              -23.7832831
            ],
            [
              -46.5370184,
              -23.7831849
            ],
            [
              -46.5371928,
              -23.783099
            ],
            [
              -46.5373349,
              -23.7830229
            ],
            [
              -46.5374288,
              -23.7829567
            ],
            [
              -46.5375575,
              -23.7828732
            ],
            [
              -46.5376943,
              -23.7827161
            ],
            [
              -46.5378043,
              -23.7825811
            ],
            [
              -46.5379196,
              -23.7824044
            ],
            [
              -46.5381289,
              -23.7822203
            ],
            [
              -46.5383807,
              -23.7820873
            ],
            [
              -46.539137,
              -23.7816209
            ],
            [
              -46.5404999,
              -23.7809121
            ],
            [
              -46.5407789,
              -23.780917
            ],
            [
              -46.5410364,
              -23.7810692
            ],
            [
              -46.5413851,
              -23.7816583
            ],
            [
              -46.5416426,
              -23.7821148
            ],
            [
              -46.5419564,
              -23.7824535
            ],
            [
              -46.5421066,
              -23.7826597
            ],
            [
              -46.5421039,
              -23.7828118
            ],
            [
              -46.5420207,
              -23.7829468
            ],
            [
              -46.5417418,
              -23.7831628
            ],
            [
              -46.5416533,
              -23.7834549
            ],
            [
              -46.5417552,
              -23.7836464
            ],
            [
              -46.5419778,
              -23.7837494
            ],
            [
              -46.5423882,
              -23.7838034
            ],
            [
              -46.5427691,
              -23.7839188
            ],
            [
              -46.5431044,
              -23.7841839
            ],
            [
              -46.5432599,
              -23.7844833
            ],
            [
              -46.5434343,
              -23.7854822
            ],
            [
              -46.5434316,
              -23.7857301
            ],
            [
              -46.5430775,
              -23.7861155
            ],
            [
              -46.5423372,
              -23.7865106
            ],
            [
              -46.5421039,
              -23.7866898
            ],
            [
              -46.5420502,
              -23.7868862
            ],
            [
              -46.5421388,
              -23.7874727
            ],
            [
              -46.5421361,
              -23.7882385
            ],
            [
              -46.5417016,
              -23.7886705
            ],
            [
              -46.5400332,
              -23.7892178
            ],
            [
              -46.5392594,
              -23.7893614
            ],
            [
              -46.5390475,
              -23.7893282
            ],
            [
              -46.5387002,
              -23.7893699
            ],
            [
              -46.5384212,
              -23.7895712
            ],
            [
              -46.5383059,
              -23.7897283
            ],
            [
              -46.5381879,
              -23.7899958
            ],
            [
              -46.5381625,
              -23.7901516
            ],
            [
              -46.5381937,
              -23.7902535
            ],
            [
              -46.5384293,
              -23.7905505
            ],
            [
              -46.5385205,
              -23.7906143
            ],
            [
              -46.5387028,
              -23.790629
            ],
            [
              -46.5392058,
              -23.7904952
            ],
            [
              -46.5394448,
              -23.7904061
            ],
            [
              -46.5400398,
              -23.7902234
            ],
            [
              -46.5404528,
              -23.7901793
            ],
            [
              -46.5407789,
              -23.7901406
            ],
            [
              -46.5411973,
              -23.7901259
            ],
            [
              -46.5415996,
              -23.7901946
            ],
            [
              -46.5418679,
              -23.7903639
            ],
            [
              -46.5421361,
              -23.790899
            ],
            [
              -46.5422558,
              -23.791362
            ],
            [
              -46.5422982,
              -23.7917696
            ],
            [
              -46.542266,
              -23.7925403
            ],
            [
              -46.5422432,
              -23.7928664
            ],
            [
              -46.5421694,
              -23.7932987
            ],
            [
              -46.5421029,
              -23.7936169
            ],
            [
              -46.5421163,
              -23.7939212
            ],
            [
              -46.5421297,
              -23.7941053
            ],
            [
              -46.5420734,
              -23.7942869
            ],
            [
              -46.5419581,
              -23.7944906
            ],
            [
              -46.5418585,
              -23.7947166
            ],
            [
              -46.5418451,
              -23.794811
            ],
            [
              -46.5418571,
              -23.7948736
            ],
            [
              -46.5419175,
              -23.7948957
            ],
            [
              -46.5419698,
              -23.7948969
            ],
            [
              -46.5420449,
              -23.7948564
            ],
            [
              -46.5421466,
              -23.7947169
            ],
            [
              -46.5421404,
              -23.7946477
            ],
            [
              -46.5421726,
              -23.7944832
            ],
            [
              -46.542229,
              -23.7943483
            ],
            [
              -46.542288,
              -23.7942722
            ],
            [
              -46.5423652,
              -23.7942604
            ],
            [
              -46.5425007,
              -23.7941929
            ],
            [
              -46.5425503,
              -23.7941389
            ],
            [
              -46.5427032,
              -23.7940616
            ],
            [
              -46.5427542,
              -23.794003
            ],
            [
              -46.5427542,
              -23.7939343
            ],
            [
              -46.5427208,
              -23.7937042
            ],
            [
              -46.5427488,
              -23.7934533
            ],
            [
              -46.5427815,
              -23.7930506
            ],
            [
              -46.5428682,
              -23.7929425
            ],
            [
              -46.5428802,
              -23.7928112
            ],
            [
              -46.5429661,
              -23.7925768
            ],
            [
              -46.5430023,
              -23.7925191
            ],
            [
              -46.5430184,
              -23.792459
            ],
            [
              -46.5430438,
              -23.79234
            ],
            [
              -46.5430438,
              -23.7922087
            ],
            [
              -46.543072,
              -23.7920859
            ],
            [
              -46.5432733,
              -23.7916524
            ],
            [
              -46.5434825,
              -23.791461
            ],
            [
              -46.5437454,
              -23.7914168
            ],
            [
              -46.5442067,
              -23.7914954
            ],
            [
              -46.5444428,
              -23.7914365
            ],
            [
              -46.544475,
              -23.7912745
            ],
            [
              -46.5444106,
              -23.7910879
            ],
            [
              -46.5440351,
              -23.7905529
            ],
            [
              -46.5439439,
              -23.7900915
            ],
            [
              -46.5439975,
              -23.7897774
            ],
            [
              -46.5440726,
              -23.7895614
            ],
            [
              -46.5442389,
              -23.7892374
            ],
            [
              -46.5444267,
              -23.7889429
            ],
            [
              -46.5447378,
              -23.7885747
            ],
            [
              -46.5449309,
              -23.7880888
            ],
            [
              -46.5450329,
              -23.7875586
            ],
            [
              -46.545158,
              -23.7871024
            ],
            [
              -46.5451968,
              -23.7867146
            ],
            [
              -46.5451921,
              -23.7865051
            ],
            [
              -46.5452923,
              -23.7862139
            ],
            [
              -46.5455318,
              -23.7858223
            ],
            [
              -46.5456682,
              -23.7857928
            ],
            [
              -46.5459686,
              -23.7855864
            ],
            [
              -46.5462203,
              -23.7853799
            ],
            [
              -46.5464296,
              -23.7853227
            ],
            [
              -46.5466016,
              -23.7854131
            ],
            [
              -46.5467238,
              -23.7855059
            ],
            [
              -46.5468456,
              -23.7856493
            ],
            [
              -46.5468694,
              -23.7858057
            ],
            [
              -46.5468308,
              -23.7859913
            ],
            [
              -46.5465782,
              -23.7864524
            ],
            [
              -46.5462274,
              -23.786962
            ],
            [
              -46.5459928,
              -23.7872489
            ],
            [
              -46.5458988,
              -23.7874793
            ],
            [
              -46.5458911,
              -23.7878072
            ],
            [
              -46.5459625,
              -23.7879678
            ],
            [
              -46.546096,
              -23.7879955
            ],
            [
              -46.5462962,
              -23.7878873
            ],
            [
              -46.5464948,
              -23.7876107
            ],
            [
              -46.546905,
              -23.7872788
            ],
            [
              -46.5471196,
              -23.7871856
            ],
            [
              -46.547511,
              -23.7872079
            ],
            [
              -46.547876,
              -23.7873034
            ],
            [
              -46.5481764,
              -23.7873279
            ],
            [
              -46.548332,
              -23.7872003
            ],
            [
              -46.5483588,
              -23.7869843
            ],
            [
              -46.5482247,
              -23.7865278
            ],
            [
              -46.5481174,
              -23.7862186
            ],
            [
              -46.548112,
              -23.78587
            ],
            [
              -46.5482301,
              -23.7855951
            ],
            [
              -46.5484353,
              -23.785336
            ],
            [
              -46.5487469,
              -23.7852422
            ],
            [
              -46.5490322,
              -23.7851788
            ],
            [
              -46.5494109,
              -23.7852372
            ],
            [
              -46.5497804,
              -23.7853399
            ],
            [
              -46.5501559,
              -23.7854773
            ],
            [
              -46.5503007,
              -23.7856442
            ],
            [
              -46.5504348,
              -23.7859731
            ],
            [
              -46.5504187,
              -23.7862578
            ],
            [
              -46.5503272,
              -23.7865023
            ],
            [
              -46.550172,
              -23.7866726
            ],
            [
              -46.5501452,
              -23.7869009
            ],
            [
              -46.5502363,
              -23.7870359
            ],
            [
              -46.5503731,
              -23.7872003
            ],
            [
              -46.5504295,
              -23.7873451
            ],
            [
              -46.5504348,
              -23.7875194
            ],
            [
              -46.5503545,
              -23.7877208
            ],
            [
              -46.5502795,
              -23.7880453
            ],
            [
              -46.5502203,
              -23.7881722
            ],
            [
              -46.5501773,
              -23.7883416
            ],
            [
              -46.5501076,
              -23.7887171
            ],
            [
              -46.5500754,
              -23.7890116
            ],
            [
              -46.5500915,
              -23.7891343
            ],
            [
              -46.5501693,
              -23.7892251
            ],
            [
              -46.5502739,
              -23.7891834
            ],
            [
              -46.5504563,
              -23.7889772
            ],
            [
              -46.5506245,
              -23.7888309
            ],
            [
              -46.550724,
              -23.7886805
            ],
            [
              -46.5507674,
              -23.7885551
            ],
            [
              -46.5507782,
              -23.7883538
            ],
            [
              -46.5509835,
              -23.7877677
            ],
            [
              -46.5510597,
              -23.7874971
            ],
            [
              -46.551161,
              -23.7873163
            ],
            [
              -46.5512351,
              -23.7870059
            ],
            [
              -46.5514465,
              -23.7864524
            ],
            [
              -46.5516657,
              -23.7860754
            ],
            [
              -46.5518923,
              -23.7858723
            ],
            [
              -46.5521589,
              -23.785729
            ],
            [
              -46.5525162,
              -23.7856442
            ],
            [
              -46.5528247,
              -23.785632
            ],
            [
              -46.5531144,
              -23.7856737
            ],
            [
              -46.5534121,
              -23.7858504
            ],
            [
              -46.553565,
              -23.7860664
            ],
            [
              -46.5535516,
              -23.7862578
            ],
            [
              -46.5534148,
              -23.786599
            ],
            [
              -46.553286,
              -23.7868469
            ],
            [
              -46.5532002,
              -23.787058
            ],
            [
              -46.5531331,
              -23.7872519
            ],
            [
              -46.5530714,
              -23.7875145
            ],
            [
              -46.5531653,
              -23.7876126
            ],
            [
              -46.5532967,
              -23.7876495
            ],
            [
              -46.5535355,
              -23.7876298
            ],
            [
              -46.553742,
              -23.7876568
            ],
            [
              -46.553919,
              -23.787728
            ],
            [
              -46.5540907,
              -23.7879538
            ],
            [
              -46.554139,
              -23.7880642
            ],
            [
              -46.5541591,
              -23.7882017
            ],
            [
              -46.5541738,
              -23.7883612
            ],
            [
              -46.5541551,
              -23.7885293
            ],
            [
              -46.5541095,
              -23.7889822
            ],
            [
              -46.553967,
              -23.7893638
            ],
            [
              -46.5537698,
              -23.7897441
            ],
            [
              -46.5537001,
              -23.7899134
            ],
            [
              -46.5536079,
              -23.7901725
            ],
            [
              -46.553514,
              -23.7903099
            ],
            [
              -46.5534228,
              -23.7904007
            ],
            [
              -46.5532994,
              -23.7905725
            ],
            [
              -46.5531653,
              -23.790791
            ],
            [
              -46.5531385,
              -23.7909947
            ],
            [
              -46.5531063,
              -23.791164
            ],
            [
              -46.5530044,
              -23.7914536
            ],
            [
              -46.5529829,
              -23.79165
            ],
            [
              -46.5529642,
              -23.7918144
            ],
            [
              -46.5529642,
              -23.7920083
            ],
            [
              -46.552991,
              -23.7923004
            ],
            [
              -46.5531573,
              -23.7924255
            ],
            [
              -46.5533263,
              -23.7924034
            ],
            [
              -46.5534738,
              -23.7923053
            ],
            [
              -46.5536005,
              -23.7921127
            ],
            [
              -46.5538654,
              -23.791785
            ],
            [
              -46.5540639,
              -23.7915346
            ],
            [
              -46.5542087,
              -23.7913236
            ],
            [
              -46.5544394,
              -23.7909947
            ],
            [
              -46.5546432,
              -23.7908082
            ],
            [
              -46.5549034,
              -23.7906683
            ],
            [
              -46.5550536,
              -23.7906045
            ],
            [
              -46.5551193,
              -23.7905161
            ],
            [
              -46.555181,
              -23.7903836
            ],
            [
              -46.5552507,
              -23.7902265
            ],
            [
              -46.5553138,
              -23.7900768
            ],
            [
              -46.555354,
              -23.7899074
            ],
            [
              -46.5554157,
              -23.7897553
            ],
            [
              -46.5555283,
              -23.7895736
            ],
            [
              -46.5556195,
              -23.7895197
            ],
            [
              -46.5558172,
              -23.7894721
            ],
            [
              -46.5560782,
              -23.7895319
            ],
            [
              -46.556384,
              -23.7896694
            ],
            [
              -46.5565851,
              -23.7898019
            ],
            [
              -46.5567863,
              -23.7899393
            ],
            [
              -46.5568882,
              -23.7899173
            ],
            [
              -46.5569231,
              -23.7898363
            ],
            [
              -46.5569097,
              -23.7896301
            ],
            [
              -46.5568319,
              -23.7894509
            ],
            [
              -46.5567622,
              -23.7893896
            ],
            [
              -46.5566173,
              -23.7892914
            ],
            [
              -46.5564188,
              -23.7891171
            ],
            [
              -46.5562096,
              -23.7888987
            ],
            [
              -46.556038,
              -23.7886729
            ],
            [
              -46.5558878,
              -23.7885134
            ],
            [
              -46.5557805,
              -23.7883563
            ],
            [
              -46.555759,
              -23.7882041
            ],
            [
              -46.5557717,
              -23.7880177
            ],
            [
              -46.5558684,
              -23.7878754
            ],
            [
              -46.5560327,
              -23.7877147
            ],
            [
              -46.5562055,
              -23.7876375
            ],
            [
              -46.5564148,
              -23.7876208
            ],
            [
              -46.5566307,
              -23.7876568
            ],
            [
              -46.5568373,
              -23.7877746
            ],
            [
              -46.5570143,
              -23.7879219
            ],
            [
              -46.5572181,
              -23.7880569
            ],
            [
              -46.5573093,
              -23.7880863
            ],
            [
              -46.5573978,
              -23.7880618
            ],
            [
              -46.5574193,
              -23.7879072
            ],
            [
              -46.5573522,
              -23.7876077
            ],
            [
              -46.5572476,
              -23.7873009
            ],
            [
              -46.5572155,
              -23.7871561
            ],
            [
              -46.5571591,
              -23.7869892
            ],
            [
              -46.5570599,
              -23.7868052
            ],
            [
              -46.5569714,
              -23.7866603
            ],
            [
              -46.5568641,
              -23.7865033
            ],
            [
              -46.5568131,
              -23.78641
            ],
            [
              -46.5568239,
              -23.7863167
            ],
            [
              -46.5568829,
              -23.7862431
            ],
            [
              -46.5570653,
              -23.7861351
            ],
            [
              -46.5572458,
              -23.7860777
            ],
            [
              -46.5573898,
              -23.7860639
            ],
            [
              -46.5576071,
              -23.7860566
            ],
            [
              -46.5578887,
              -23.7860541
            ],
            [
              -46.5581328,
              -23.7861106
            ],
            [
              -46.5583903,
              -23.786221
            ],
            [
              -46.5586156,
              -23.7863781
            ],
            [
              -46.5588163,
              -23.7864624
            ],
            [
              -46.5590367,
              -23.7864223
            ],
            [
              -46.5591574,
              -23.786275
            ],
            [
              -46.5592083,
              -23.7860566
            ],
            [
              -46.5592513,
              -23.7856811
            ],
            [
              -46.5593076,
              -23.7854086
            ],
            [
              -46.5594363,
              -23.7852761
            ],
            [
              -46.5597555,
              -23.7851313
            ],
            [
              -46.5604824,
              -23.7850895
            ],
            [
              -46.5608418,
              -23.7851313
            ],
            [
              -46.5610537,
              -23.7852663
            ],
            [
              -46.5612817,
              -23.7855068
            ],
            [
              -46.5614426,
              -23.7856025
            ],
            [
              -46.5615982,
              -23.7855927
            ],
            [
              -46.5618128,
              -23.7854381
            ],
            [
              -46.5619898,
              -23.7852614
            ],
            [
              -46.5621829,
              -23.7850846
            ],
            [
              -46.5629648,
              -23.7847639
            ],
            [
              -46.563482,
              -23.7847232
            ],
            [
              -46.5638672,
              -23.784676
            ],
            [
              -46.5642109,
              -23.784633
            ],
            [
              -46.5645519,
              -23.7847331
            ],
            [
              -46.5649986,
              -23.7849175
            ],
            [
              -46.5653116,
              -23.7851906
            ],
            [
              -46.5654024,
              -23.7854847
            ],
            [
              -46.565408,
              -23.7857113
            ],
            [
              -46.5654141,
              -23.7858861
            ],
            [
              -46.5655069,
              -23.7861525
            ],
            [
              -46.565356,
              -23.7865622
            ],
            [
              -46.5651575,
              -23.7872838
            ],
            [
              -46.5651548,
              -23.787512
            ],
            [
              -46.5652084,
              -23.7875832
            ],
            [
              -46.5653479,
              -23.7875562
            ],
            [
              -46.5655115,
              -23.787431
            ],
            [
              -46.5661365,
              -23.7866309
            ],
            [
              -46.5664127,
              -23.7863094
            ],
            [
              -46.5666152,
              -23.7860749
            ],
            [
              -46.5667972,
              -23.7857751
            ],
            [
              -46.5669712,
              -23.7854397
            ],
            [
              -46.5671218,
              -23.7853727
            ],
            [
              -46.5673139,
              -23.7852365
            ],
            [
              -46.5677309,
              -23.7851653
            ],
            [
              -46.5681336,
              -23.7852354
            ],
            [
              -46.5684594,
              -23.7853338
            ],
            [
              -46.5686596,
              -23.7854476
            ],
            [
              -46.5688094,
              -23.7855931
            ],
            [
              -46.5689103,
              -23.7857798
            ],
            [
              -46.5688987,
              -23.7859893
            ],
            [
              -46.568881,
              -23.7862303
            ],
            [
              -46.5688203,
              -23.7862692
            ],
            [
              -46.5686899,
              -23.786518
            ],
            [
              -46.5685076,
              -23.7867168
            ],
            [
              -46.5683949,
              -23.7868825
            ],
            [
              -46.5683828,
              -23.7869586
            ],
            [
              -46.5684727,
              -23.7870248
            ],
            [
              -46.5686518,
              -23.7870788
            ],
            [
              -46.5687638,
              -23.7871803
            ],
            [
              -46.5688901,
              -23.7874099
            ],
            [
              -46.5689099,
              -23.7876102
            ],
            [
              -46.5688536,
              -23.7877022
            ],
            [
              -46.5688053,
              -23.7877574
            ],
            [
              -46.5687673,
              -23.7878082
            ],
            [
              -46.5687627,
              -23.7878679
            ],
            [
              -46.5687855,
              -23.7879247
            ],
            [
              -46.5688308,
              -23.7880201
            ],
            [
              -46.5688567,
              -23.7881315
            ],
            [
              -46.568879,
              -23.7882324
            ],
            [
              -46.568916,
              -23.7883511
            ],
            [
              -46.568855,
              -23.7885063
            ],
            [
              -46.568808,
              -23.7885404
            ],
            [
              -46.5687536,
              -23.7885756
            ],
            [
              -46.5687005,
              -23.7886214
            ],
            [
              -46.568649,
              -23.7886256
            ],
            [
              -46.5685959,
              -23.7886672
            ],
            [
              -46.5685451,
              -23.7887048
            ],
            [
              -46.5684606,
              -23.7887208
            ],
            [
              -46.5683734,
              -23.7887269
            ],
            [
              -46.5682621,
              -23.788733
            ],
            [
              -46.5680811,
              -23.7888054
            ],
            [
              -46.5680382,
              -23.788884
            ],
            [
              -46.568069,
              -23.788965
            ],
            [
              -46.5681428,
              -23.7890288
            ],
            [
              -46.5682796,
              -23.7891159
            ],
            [
              -46.5684231,
              -23.7891736
            ],
            [
              -46.5685263,
              -23.7892607
            ],
            [
              -46.5685813,
              -23.7893405
            ],
            [
              -46.5686283,
              -23.7894129
            ],
            [
              -46.5686752,
              -23.789543
            ],
            [
              -46.5687034,
              -23.7897062
            ],
            [
              -46.568696,
              -23.789819
            ],
            [
              -46.5686202,
              -23.7899111
            ],
            [
              -46.568407,
              -23.7900154
            ],
            [
              -46.5682581,
              -23.7900719
            ],
            [
              -46.5681092,
              -23.7901504
            ],
            [
              -46.56801,
              -23.7902093
            ],
            [
              -46.5679067,
              -23.7902424
            ],
            [
              -46.5677981,
              -23.7902584
            ],
            [
              -46.567664,
              -23.7902621
            ],
            [
              -46.567554,
              -23.7902915
            ],
            [
              -46.5674392,
              -23.7903529
            ],
            [
              -46.5673462,
              -23.7904213
            ],
            [
              -46.5671852,
              -23.7905112
            ],
            [
              -46.5669559,
              -23.7906462
            ],
            [
              -46.5665093,
              -23.790791
            ],
            [
              -46.5662491,
              -23.7908474
            ],
            [
              -46.5661365,
              -23.7908204
            ],
            [
              -46.566024,
              -23.7907376
            ],
            [
              -46.5658951,
              -23.7906167
            ],
            [
              -46.5658119,
              -23.7905652
            ],
            [
              -46.5657523,
              -23.7905278
            ],
            [
              -46.5657,
              -23.7904836
            ],
            [
              -46.5656711,
              -23.7904462
            ],
            [
              -46.5656396,
              -23.7903688
            ],
            [
              -46.5656041,
              -23.7902964
            ],
            [
              -46.5655598,
              -23.7902498
            ],
            [
              -46.5654894,
              -23.7902136
            ],
            [
              -46.5654156,
              -23.7901977
            ],
            [
              -46.5653479,
              -23.7902167
            ],
            [
              -46.5652882,
              -23.7902756
            ],
            [
              -46.5652353,
              -23.7904302
            ],
            [
              -46.5652326,
              -23.7906756
            ],
            [
              -46.5652554,
              -23.790802
            ],
            [
              -46.5653,
              -23.7909877
            ],
            [
              -46.5653063,
              -23.7910843
            ],
            [
              -46.5652916,
              -23.7911775
            ],
            [
              -46.565246,
              -23.7912315
            ],
            [
              -46.5650918,
              -23.7912745
            ],
            [
              -46.5649711,
              -23.7912782
            ],
            [
              -46.5648155,
              -23.7912671
            ],
            [
              -46.5646639,
              -23.7912389
            ],
            [
              -46.5644091,
              -23.791153
            ],
            [
              -46.5642174,
              -23.7911297
            ],
            [
              -46.5638647,
              -23.7912671
            ],
            [
              -46.5636098,
              -23.7914021
            ],
            [
              -46.5631297,
              -23.7918021
            ],
            [
              -46.5627435,
              -23.7919445
            ],
            [
              -46.562537,
              -23.7919273
            ],
            [
              -46.5623814,
              -23.791812
            ],
            [
              -46.5623143,
              -23.7917064
            ],
            [
              -46.5623009,
              -23.7915837
            ],
            [
              -46.5622929,
              -23.7914561
            ],
            [
              -46.5622875,
              -23.7913567
            ],
            [
              -46.5622486,
              -23.7912229
            ],
            [
              -46.5621574,
              -23.7911383
            ],
            [
              -46.5619831,
              -23.7911002
            ],
            [
              -46.56179,
              -23.7910487
            ],
            [
              -46.561684,
              -23.7910475
            ],
            [
              -46.5615392,
              -23.7910597
            ],
            [
              -46.5613796,
              -23.7910978
            ],
            [
              -46.561279,
              -23.7911689
            ],
            [
              -46.5611709,
              -23.7913263
            ],
            [
              -46.5611556,
              -23.791488
            ],
            [
              -46.5611972,
              -23.7916524
            ],
            [
              -46.5612455,
              -23.7917739
            ],
            [
              -46.5612983,
              -23.7918647
            ],
            [
              -46.5615043,
              -23.7920991
            ],
            [
              -46.5617552,
              -23.7924092
            ],
            [
              -46.561908,
              -23.7926157
            ],
            [
              -46.5619375,
              -23.7927249
            ],
            [
              -46.5619133,
              -23.7928366
            ],
            [
              -46.5615928,
              -23.7930587
            ],
            [
              -46.561228,
              -23.7931569
            ],
            [
              -46.5610416,
              -23.7931385
            ],
            [
              -46.5609464,
              -23.7930624
            ],
            [
              -46.5608995,
              -23.7929348
            ],
            [
              -46.5608405,
              -23.792801
            ],
            [
              -46.5607815,
              -23.7927556
            ],
            [
              -46.5607131,
              -23.7927329
            ],
            [
              -46.5606748,
              -23.7927151
            ],
            [
              -46.5606044,
              -23.7926335
            ],
            [
              -46.560524,
              -23.7925403
            ],
            [
              -46.5604582,
              -23.7925176
            ],
            [
              -46.5603731,
              -23.7925538
            ],
            [
              -46.5603469,
              -23.7926341
            ],
            [
              -46.560308,
              -23.7927286
            ],
            [
              -46.5602871,
              -23.7927917
            ],
            [
              -46.5602665,
              -23.7928771
            ],
            [
              -46.5602611,
              -23.7929593
            ],
            [
              -46.5602571,
              -23.7930391
            ],
            [
              -46.5602598,
              -23.793098
            ],
            [
              -46.5602557,
              -23.7932305
            ],
            [
              -46.5602437,
              -23.7933815
            ],
            [
              -46.5602209,
              -23.7935029
            ],
            [
              -46.5602142,
              -23.7935649
            ],
            [
              -46.5601753,
              -23.7936882
            ],
            [
              -46.5600975,
              -23.7937631
            ],
            [
              -46.5599902,
              -23.7937705
            ],
            [
              -46.559891,
              -23.7937508
            ],
            [
              -46.5598078,
              -23.7937128
            ],
            [
              -46.5597421,
              -23.7936318
            ],
            [
              -46.5596294,
              -23.793552
            ],
            [
              -46.5595356,
              -23.7935569
            ],
            [
              -46.5595114,
              -23.793633
            ],
            [
              -46.5594444,
              -23.7939398
            ],
            [
              -46.5593103,
              -23.7941165
            ],
            [
              -46.5591708,
              -23.7941558
            ],
            [
              -46.5590072,
              -23.7940944
            ],
            [
              -46.5588704,
              -23.793957
            ],
            [
              -46.5586585,
              -23.7935937
            ],
            [
              -46.5585431,
              -23.7935128
            ],
            [
              -46.5584359,
              -23.793552
            ],
            [
              -46.558342,
              -23.7937066
            ],
            [
              -46.5583071,
              -23.7940036
            ],
            [
              -46.5582159,
              -23.7942196
            ],
            [
              -46.5580952,
              -23.7943546
            ],
            [
              -46.557819,
              -23.7944773
            ],
            [
              -46.5575266,
              -23.7945607
            ],
            [
              -46.5572664,
              -23.7945779
            ],
            [
              -46.5570465,
              -23.7944527
            ],
            [
              -46.5569258,
              -23.7942441
            ],
            [
              -46.5566629,
              -23.7939398
            ],
            [
              -46.5565395,
              -23.7939103
            ],
            [
              -46.5564027,
              -23.7939594
            ],
            [
              -46.5563022,
              -23.7940944
            ],
            [
              -46.5561922,
              -23.7942147
            ],
            [
              -46.5560071,
              -23.794222
            ],
            [
              -46.5557054,
              -23.794119
            ],
            [
              -46.5555069,
              -23.7941165
            ],
            [
              -46.5552346,
              -23.7942625
            ],
            [
              -46.5548162,
              -23.7944613
            ],
            [
              -46.5545976,
              -23.7946908
            ],
            [
              -46.5546057,
              -23.7948086
            ],
            [
              -46.5546888,
              -23.7948724
            ],
            [
              -46.5551394,
              -23.794838
            ],
            [
              -46.5555069,
              -23.7948429
            ],
            [
              -46.5558314,
              -23.7949215
            ],
            [
              -46.5564483,
              -23.7952013
            ],
            [
              -46.55673,
              -23.7955399
            ],
            [
              -46.5567595,
              -23.7957878
            ],
            [
              -46.5567085,
              -23.7964431
            ],
            [
              -46.5568453,
              -23.7965756
            ],
            [
              -46.5571404,
              -23.7965241
            ],
            [
              -46.5573362,
              -23.7963989
            ],
            [
              -46.5577707,
              -23.7958467
            ],
            [
              -46.5580013,
              -23.795643
            ],
            [
              -46.5582454,
              -23.7955154
            ],
            [
              -46.558916,
              -23.7954565
            ],
            [
              -46.5594035,
              -23.7954642
            ],
            [
              -46.5596724,
              -23.7955301
            ],
            [
              -46.5598132,
              -23.7956307
            ],
            [
              -46.5598038,
              -23.7957412
            ],
            [
              -46.5592942,
              -23.7961633
            ],
            [
              -46.5588489,
              -23.7965093
            ],
            [
              -46.5582722,
              -23.7970198
            ],
            [
              -46.5577278,
              -23.7977045
            ],
            [
              -46.5573174,
              -23.7982052
            ],
            [
              -46.5570357,
              -23.798453
            ],
            [
              -46.5566817,
              -23.7988457
            ],
            [
              -46.5566039,
              -23.7991304
            ],
            [
              -46.5567139,
              -23.7992261
            ],
            [
              -46.5568346,
              -23.7992703
            ],
            [
              -46.5570545,
              -23.7992408
            ],
            [
              -46.5572503,
              -23.7991132
            ],
            [
              -46.5573978,
              -23.7990322
            ],
            [
              -46.5576312,
              -23.7990052
            ],
            [
              -46.5580387,
              -23.7991003
            ],
            [
              -46.5582535,
              -23.7993513
            ],
            [
              -46.5582696,
              -23.7995918
            ],
            [
              -46.5580389,
              -23.8000458
            ],
            [
              -46.5578619,
              -23.8003452
            ],
            [
              -46.5576044,
              -23.8006986
            ],
            [
              -46.5573576,
              -23.8010397
            ],
            [
              -46.5573522,
              -23.8012556
            ],
            [
              -46.5573522,
              -23.8014201
            ],
            [
              -46.5571189,
              -23.8017317
            ],
            [
              -46.5567407,
              -23.8019158
            ],
            [
              -46.5561667,
              -23.801987
            ],
            [
              -46.5554854,
              -23.8017735
            ],
            [
              -46.5549946,
              -23.8017121
            ],
            [
              -46.5539324,
              -23.8025416
            ],
            [
              -46.553809,
              -23.8031256
            ],
            [
              -46.5537702,
              -23.8032913
            ],
            [
              -46.5536495,
              -23.8033931
            ],
            [
              -46.5535529,
              -23.8033306
            ],
            [
              -46.5534993,
              -23.803149
            ],
            [
              -46.5534952,
              -23.802917
            ],
            [
              -46.553911,
              -23.8016507
            ],
            [
              -46.5541202,
              -23.8009243
            ],
            [
              -46.5542355,
              -23.8006102
            ],
            [
              -46.5543965,
              -23.7998912
            ],
            [
              -46.5545011,
              -23.7990518
            ],
            [
              -46.5545936,
              -23.7985254
            ],
            [
              -46.554544,
              -23.7984592
            ],
            [
              -46.5544474,
              -23.7984911
            ],
            [
              -46.5542007,
              -23.7989316
            ],
            [
              -46.5538225,
              -23.7997464
            ],
            [
              -46.5534577,
              -23.800463
            ],
            [
              -46.5532082,
              -23.8011035
            ],
            [
              -46.5529212,
              -23.8015305
            ],
            [
              -46.5526262,
              -23.8016728
            ],
            [
              -46.5523446,
              -23.8016507
            ],
            [
              -46.5521005,
              -23.8014225
            ],
            [
              -46.5519959,
              -23.800674
            ],
            [
              -46.5519261,
              -23.8003574
            ],
            [
              -46.5517089,
              -23.7999304
            ],
            [
              -46.5516177,
              -23.7997243
            ],
            [
              -46.5516499,
              -23.7995034
            ],
            [
              -46.5517786,
              -23.7991279
            ],
            [
              -46.5517357,
              -23.7990273
            ],
            [
              -46.5515801,
              -23.7990249
            ],
            [
              -46.551387,
              -23.7990985
            ],
            [
              -46.55099,
              -23.7994568
            ],
            [
              -46.5507916,
              -23.7995709
            ],
            [
              -46.5504187,
              -23.7996212
            ],
            [
              -46.5501679,
              -23.7997451
            ],
            [
              -46.5500928,
              -23.7998568
            ],
            [
              -46.5500942,
              -23.7999832
            ],
            [
              -46.5502001,
              -23.8000752
            ],
            [
              -46.5503235,
              -23.8000949
            ],
            [
              -46.550518,
              -23.8001636
            ],
            [
              -46.550758,
              -23.8003341
            ],
            [
              -46.5509713,
              -23.8006667
            ],
            [
              -46.5509981,
              -23.8011256
            ],
            [
              -46.5508425,
              -23.8016017
            ],
            [
              -46.550585,
              -23.8019354
            ],
            [
              -46.5501881,
              -23.8020679
            ],
            [
              -46.5498072,
              -23.8021661
            ],
            [
              -46.5494022,
              -23.8024189
            ],
            [
              -46.5492439,
              -23.8025465
            ],
            [
              -46.5489945,
              -23.8026054
            ],
            [
              -46.5487692,
              -23.8025882
            ],
            [
              -46.5485224,
              -23.802463
            ],
            [
              -46.5483856,
              -23.8024532
            ],
            [
              -46.5482381,
              -23.8025784
            ],
            [
              -46.5477419,
              -23.8027453
            ],
            [
              -46.5474093,
              -23.8027158
            ],
            [
              -46.5470284,
              -23.8023035
            ],
            [
              -46.5467227,
              -23.8018176
            ],
            [
              -46.5465403,
              -23.8014201
            ],
            [
              -46.5464115,
              -23.8010716
            ],
            [
              -46.5463486,
              -23.800828
            ],
            [
              -46.5463337,
              -23.8005292
            ],
            [
              -46.546433,
              -23.8002544
            ],
            [
              -46.5465429,
              -23.7998298
            ],
            [
              -46.5464544,
              -23.7996237
            ],
            [
              -46.5463042,
              -23.7995844
            ],
            [
              -46.5461433,
              -23.7996605
            ],
            [
              -46.545808,
              -23.8001488
            ],
            [
              -46.5455639,
              -23.8005734
            ],
            [
              -46.5453574,
              -23.8009611
            ],
            [
              -46.5452662,
              -23.8012679
            ],
            [
              -46.5453145,
              -23.8015747
            ],
            [
              -46.5454969,
              -23.8017563
            ],
            [
              -46.5457302,
              -23.8022201
            ],
            [
              -46.5458483,
              -23.8026078
            ],
            [
              -46.5459366,
              -23.8029798
            ],
            [
              -46.5462027,
              -23.8032939
            ],
            [
              -46.54737,
              -23.8043148
            ],
            [
              -46.5478249,
              -23.8045189
            ],
            [
              -46.548297,
              -23.8046524
            ],
            [
              -46.5486918,
              -23.8048802
            ],
            [
              -46.5489922,
              -23.8052493
            ],
            [
              -46.5489891,
              -23.8055208
            ],
            [
              -46.5488631,
              -23.8056533
            ],
            [
              -46.5483561,
              -23.8056459
            ],
            [
              -46.5477017,
              -23.8054791
            ],
            [
              -46.5473235,
              -23.8052778
            ],
            [
              -46.5468729,
              -23.8046692
            ],
            [
              -46.5466744,
              -23.804306
            ],
            [
              -46.546492,
              -23.804122
            ],
            [
              -46.5463015,
              -23.8040263
            ],
            [
              -46.5460387,
              -23.8039919
            ],
            [
              -46.5458134,
              -23.8039527
            ],
            [
              -46.5456471,
              -23.8039306
            ],
            [
              -46.5454459,
              -23.8038496
            ],
            [
              -46.545285,
              -23.8037318
            ],
            [
              -46.5451214,
              -23.803587
            ],
            [
              -46.5447995,
              -23.8032189
            ],
            [
              -46.5447164,
              -23.8030717
            ],
            [
              -46.5446627,
              -23.802944
            ],
            [
              -46.5445796,
              -23.8027943
            ],
            [
              -46.5444106,
              -23.8027207
            ],
            [
              -46.5436542,
              -23.8026054
            ],
            [
              -46.543453,
              -23.8026299
            ],
            [
              -46.5433833,
              -23.802706
            ],
            [
              -46.5433753,
              -23.8028459
            ],
            [
              -46.5434396,
              -23.8029833
            ],
            [
              -46.5434799,
              -23.8033195
            ],
            [
              -46.5433913,
              -23.8036901
            ],
            [
              -46.5430668,
              -23.8042152
            ],
            [
              -46.5429488,
              -23.8044459
            ],
            [
              -46.5429515,
              -23.8046447
            ],
            [
              -46.5429917,
              -23.8048459
            ],
            [
              -46.5430151,
              -23.8049609
            ],
            [
              -46.5429269,
              -23.8049777
            ],
            [
              -46.5428779,
              -23.804987
            ],
            [
              -46.542808,
              -23.8048925
            ],
            [
              -46.542757,
              -23.8048766
            ],
            [
              -46.5426993,
              -23.8048754
            ],
            [
              -46.5424244,
              -23.8049539
            ],
            [
              -46.5420999,
              -23.8050189
            ],
            [
              -46.5417767,
              -23.8049735
            ],
            [
              -46.5415996,
              -23.8048925
            ],
            [
              -46.5412161,
              -23.8046251
            ],
            [
              -46.5409933,
              -23.8044041
            ],
            [
              -46.5407735,
              -23.8042152
            ],
            [
              -46.5402693,
              -23.8039257
            ],
            [
              -46.5400225,
              -23.8036385
            ],
            [
              -46.5398616,
              -23.803241
            ],
            [
              -46.5398589,
              -23.8028287
            ],
            [
              -46.5399393,
              -23.8024508
            ],
            [
              -46.5399903,
              -23.8022937
            ],
            [
              -46.5401164,
              -23.8019231
            ],
            [
              -46.5402961,
              -23.8011182
            ],
            [
              -46.5402907,
              -23.8009022
            ],
            [
              -46.5402558,
              -23.8007722
            ],
            [
              -46.5401579,
              -23.8006777
            ],
            [
              -46.5400359,
              -23.8006532
            ],
            [
              -46.5398146,
              -23.8007231
            ],
            [
              -46.5396483,
              -23.8009145
            ],
            [
              -46.5392715,
              -23.8014741
            ],
            [
              -46.5391159,
              -23.8018814
            ],
            [
              -46.5388906,
              -23.8024459
            ],
            [
              -46.5387538,
              -23.8028434
            ],
            [
              -46.5386868,
              -23.8032115
            ],
            [
              -46.5387538,
              -23.8036606
            ],
            [
              -46.5388101,
              -23.8042398
            ],
            [
              -46.538794,
              -23.8050079
            ],
            [
              -46.5387109,
              -23.805349
            ],
            [
              -46.5385956,
              -23.8055797
            ],
            [
              -46.5382093,
              -23.8058545
            ],
            [
              -46.537697,
              -23.8059625
            ],
            [
              -46.5374288,
              -23.8058791
            ],
            [
              -46.5371472,
              -23.805695
            ],
            [
              -46.5369996,
              -23.8054398
            ],
            [
              -46.5369836,
              -23.8049048
            ],
            [
              -46.5370131,
              -23.80436
            ],
            [
              -46.5371203,
              -23.8037858
            ],
            [
              -46.5372571,
              -23.8034079
            ],
            [
              -46.5375012,
              -23.8028748
            ],
            [
              -46.5376085,
              -23.8025416
            ],
            [
              -46.5376166,
              -23.802252
            ],
            [
              -46.5375441,
              -23.8017415
            ],
            [
              -46.5375119,
              -23.8013489
            ],
            [
              -46.5374771,
              -23.801198
            ],
            [
              -46.5374047,
              -23.8011354
            ],
            [
              -46.5372907,
              -23.8011673
            ],
            [
              -46.5369715,
              -23.8014569
            ],
            [
              -46.5367019,
              -23.8017366
            ],
            [
              -46.5365598,
              -23.8019943
            ],
            [
              -46.5364954,
              -23.8024115
            ],
            [
              -46.5362768,
              -23.8032029
            ],
            [
              -46.5360434,
              -23.8038827
            ],
            [
              -46.5359294,
              -23.8041441
            ],
            [
              -46.5358329,
              -23.8044852
            ],
            [
              -46.5357712,
              -23.8051183
            ],
            [
              -46.5356907,
              -23.8054496
            ],
            [
              -46.535511,
              -23.8057834
            ],
            [
              -46.5352938,
              -23.8059404
            ],
            [
              -46.5349397,
              -23.805987
            ],
            [
              -46.5342879,
              -23.805911
            ],
            [
              -46.5337515,
              -23.8058545
            ],
            [
              -46.5334886,
              -23.8058054
            ],
            [
              -46.5333572,
              -23.8056607
            ],
            [
              -46.5332875,
              -23.8054815
            ],
            [
              -46.5333116,
              -23.8052459
            ],
            [
              -46.5334283,
              -23.8049895
            ],
            [
              -46.533553,
              -23.8048177
            ],
            [
              -46.5337005,
              -23.8047183
            ],
            [
              -46.534009,
              -23.8046079
            ],
            [
              -46.5341699,
              -23.8045318
            ],
            [
              -46.5342128,
              -23.8044287
            ],
            [
              -46.534186,
              -23.8043085
            ],
            [
              -46.534076,
              -23.8041195
            ],
            [
              -46.5337595,
              -23.8037244
            ],
            [
              -46.5336871,
              -23.8035845
            ],
            [
              -46.5337113,
              -23.8034398
            ],
            [
              -46.5338534,
              -23.8030753
            ],
            [
              -46.5339325,
              -23.8029404
            ],
            [
              -46.5340653,
              -23.8027747
            ],
            [
              -46.534182,
              -23.8026925
            ],
            [
              -46.5343107,
              -23.802571
            ],
            [
              -46.5343925,
              -23.8024324
            ],
            [
              -46.5345213,
              -23.8021035
            ],
            [
              -46.5346473,
              -23.801795
            ],
            [
              -46.534768,
              -23.8016238
            ],
            [
              -46.5347855,
              -23.8015035
            ],
            [
              -46.5347908,
              -23.8013833
            ],
            [
              -46.5347452,
              -23.8012311
            ],
            [
              -46.5346567,
              -23.8011354
            ],
            [
              -46.5344945,
              -23.8010483
            ],
            [
              -46.5343443,
              -23.8010434
            ],
            [
              -46.5342665,
              -23.8010888
            ],
            [
              -46.5341511,
              -23.8012814
            ],
            [
              -46.534005,
              -23.8015968
            ],
            [
              -46.5339004,
              -23.8017146
            ],
            [
              -46.5333948,
              -23.8020225
            ],
            [
              -46.5330555,
              -23.8021661
            ],
            [
              -46.5328985,
              -23.8021833
            ],
            [
              -46.5327229,
              -23.8021354
            ],
            [
              -46.5325834,
              -23.8019759
            ],
            [
              -46.5324104,
              -23.8016176
            ],
            [
              -46.5320952,
              -23.8011403
            ],
            [
              -46.5319946,
              -23.8009477
            ],
            [
              -46.5319303,
              -23.8006667
            ],
            [
              -46.5319866,
              -23.8002863
            ],
            [
              -46.5320483,
              -23.7999501
            ],
            [
              -46.5321207,
              -23.7995697
            ],
            [
              -46.5322092,
              -23.7991009
            ]
          ]
        ]
      },
      "id": "relation/4573220"
    },
    {
      "type": "Feature",
      "properties": {
        "@id": "relation/4573221",
        "admin_level": "10",
        "boundary": "administrative",
        "name": "Botujuru",
        "place": "suburb",
        "type": "boundary"
      },
      "geometry": {
        "type": "Polygon",
        "coordinates": [
          [
            [
              -46.5620906,
              -23.7566002
            ],
            [
              -46.5620818,
              -23.7574042
            ],
            [
              -46.5620007,
              -23.7582966
            ],
            [
              -46.562117,
              -23.7588248
            ],
            [
              -46.5619917,
              -23.7593374
            ],
            [
              -46.5617506,
              -23.7600895
            ],
            [
              -46.5615865,
              -23.760347
            ],
            [
              -46.5612762,
              -23.7603695
            ],
            [
              -46.5609738,
              -23.7602651
            ],
            [
              -46.5597131,
              -23.7594506
            ],
            [
              -46.5593822,
              -23.7598265
            ],
            [
              -46.5610366,
              -23.761137
            ],
            [
              -46.5608312,
              -23.7613615
            ],
            [
              -46.5608198,
              -23.7617009
            ],
            [
              -46.5609111,
              -23.7618575
            ],
            [
              -46.5608141,
              -23.7621081
            ],
            [
              -46.5608084,
              -23.7624684
            ],
            [
              -46.5609054,
              -23.7626146
            ],
            [
              -46.5608997,
              -23.7628182
            ],
            [
              -46.5605688,
              -23.7631733
            ],
            [
              -46.5603349,
              -23.7631837
            ],
            [
              -46.559696,
              -23.7628756
            ],
            [
              -46.5587718,
              -23.7620507
            ],
            [
              -46.5586006,
              -23.7620559
            ],
            [
              -46.5583896,
              -23.7622543
            ],
            [
              -46.5585151,
              -23.7625206
            ],
            [
              -46.5588745,
              -23.762954
            ],
            [
              -46.5589772,
              -23.7632516
            ],
            [
              -46.55896,
              -23.7637789
            ],
            [
              -46.5587889,
              -23.7640817
            ],
            [
              -46.5584865,
              -23.7644629
            ],
            [
              -46.5586178,
              -23.7645516
            ],
            [
              -46.5589144,
              -23.7644733
            ],
            [
              -46.5594506,
              -23.7641235
            ],
            [
              -46.5600382,
              -23.764113
            ],
            [
              -46.5602949,
              -23.7643323
            ],
            [
              -46.5609852,
              -23.7647448
            ],
            [
              -46.561145,
              -23.7649641
            ],
            [
              -46.5611393,
              -23.7651677
            ],
            [
              -46.5613332,
              -23.7654496
            ],
            [
              -46.5614359,
              -23.765695
            ],
            [
              -46.5616185,
              -23.7659143
            ],
            [
              -46.5617154,
              -23.7660814
            ],
            [
              -46.5617211,
              -23.7664312
            ],
            [
              -46.5614872,
              -23.7665513
            ],
            [
              -46.5605574,
              -23.7666139
            ],
            [
              -46.5605174,
              -23.7666818
            ],
            [
              -46.5607114,
              -23.7667966
            ],
            [
              -46.5615728,
              -23.7671465
            ],
            [
              -46.5616299,
              -23.7673344
            ],
            [
              -46.5617725,
              -23.7677208
            ],
            [
              -46.5619037,
              -23.7679922
            ],
            [
              -46.5619094,
              -23.768436
            ],
            [
              -46.5611164,
              -23.769193
            ],
            [
              -46.5611849,
              -23.7696368
            ],
            [
              -46.5618466,
              -23.769642
            ],
            [
              -46.5623087,
              -23.769924
            ],
            [
              -46.5625027,
              -23.7702529
            ],
            [
              -46.5625198,
              -23.7704774
            ],
            [
              -46.5624456,
              -23.7706444
            ],
            [
              -46.5624342,
              -23.7708585
            ],
            [
              -46.562845,
              -23.7711978
            ],
            [
              -46.5630104,
              -23.7714693
            ],
            [
              -46.563096,
              -23.7719288
            ],
            [
              -46.5629134,
              -23.772101
            ],
            [
              -46.5625711,
              -23.7723882
            ],
            [
              -46.5623886,
              -23.7724195
            ],
            [
              -46.562206,
              -23.7726597
            ],
            [
              -46.5623144,
              -23.7729416
            ],
            [
              -46.5625883,
              -23.7730773
            ],
            [
              -46.5636551,
              -23.7728006
            ],
            [
              -46.5638034,
              -23.7729207
            ],
            [
              -46.5638148,
              -23.7732966
            ],
            [
              -46.5633755,
              -23.7736464
            ],
            [
              -46.5626852,
              -23.7740066
            ],
            [
              -46.5626225,
              -23.7741945
            ],
            [
              -46.5628507,
              -23.7742833
            ],
            [
              -46.5635752,
              -23.7743512
            ],
            [
              -46.5635124,
              -23.7745965
            ],
            [
              -46.5629933,
              -23.7750559
            ],
            [
              -46.5625711,
              -23.7752439
            ],
            [
              -46.5613332,
              -23.7752543
            ],
            [
              -46.5603121,
              -23.775364
            ],
            [
              -46.5597416,
              -23.775082
            ],
            [
              -46.5593879,
              -23.7743146
            ],
            [
              -46.5595248,
              -23.7738656
            ],
            [
              -46.5596275,
              -23.7732653
            ],
            [
              -46.5594963,
              -23.773046
            ],
            [
              -46.5595933,
              -23.7724926
            ],
            [
              -46.5596446,
              -23.7718609
            ],
            [
              -46.5594792,
              -23.7717565
            ],
            [
              -46.5590057,
              -23.7720123
            ],
            [
              -46.5587775,
              -23.7722994
            ],
            [
              -46.5585607,
              -23.773093
            ],
            [
              -46.5586577,
              -23.7735263
            ],
            [
              -46.5581956,
              -23.7741737
            ],
            [
              -46.5577677,
              -23.7745234
            ],
            [
              -46.5569291,
              -23.7744086
            ],
            [
              -46.5554288,
              -23.7735733
            ],
            [
              -46.5537915,
              -23.772242
            ],
            [
              -46.5531868,
              -23.7712135
            ],
            [
              -46.55297,
              -23.7705557
            ],
            [
              -46.5532724,
              -23.7701119
            ],
            [
              -46.5536375,
              -23.7699083
            ],
            [
              -46.5534721,
              -23.7696629
            ],
            [
              -46.5530442,
              -23.769381
            ],
            [
              -46.5530157,
              -23.7686396
            ],
            [
              -46.553261,
              -23.7680131
            ],
            [
              -46.5538543,
              -23.7675119
            ],
            [
              -46.5541167,
              -23.76723
            ],
            [
              -46.5544647,
              -23.7670838
            ],
            [
              -46.5542308,
              -23.7669585
            ],
            [
              -46.553666,
              -23.7669115
            ],
            [
              -46.5533351,
              -23.7666505
            ],
            [
              -46.5533066,
              -23.7661231
            ],
            [
              -46.553221,
              -23.7656219
            ],
            [
              -46.5531241,
              -23.7651364
            ],
            [
              -46.5531184,
              -23.7645777
            ],
            [
              -46.5529986,
              -23.7638154
            ],
            [
              -46.5527418,
              -23.7637893
            ],
            [
              -46.5526049,
              -23.7640191
            ],
            [
              -46.5525536,
              -23.7648962
            ],
            [
              -46.5525992,
              -23.7655227
            ],
            [
              -46.552468,
              -23.765977
            ],
            [
              -46.5521714,
              -23.7664051
            ],
            [
              -46.5518177,
              -23.7664938
            ],
            [
              -46.5518291,
              -23.7669533
            ],
            [
              -46.5518405,
              -23.7676216
            ],
            [
              -46.5518861,
              -23.7682115
            ],
            [
              -46.5517834,
              -23.7685457
            ],
            [
              -46.5515267,
              -23.7693236
            ],
            [
              -46.55131,
              -23.7696734
            ],
            [
              -46.550825,
              -23.76983
            ],
            [
              -46.5501804,
              -23.7697256
            ],
            [
              -46.5494274,
              -23.7693862
            ],
            [
              -46.5488455,
              -23.7689633
            ],
            [
              -46.5482294,
              -23.768436
            ],
            [
              -46.5476646,
              -23.7678304
            ],
            [
              -46.5472253,
              -23.7672248
            ],
            [
              -46.5470656,
              -23.7670473
            ],
            [
              -46.547328,
              -23.7664051
            ],
            [
              -46.5468374,
              -23.7665983
            ],
            [
              -46.5463126,
              -23.7664312
            ],
            [
              -46.5457193,
              -23.7658464
            ],
            [
              -46.5452743,
              -23.7657368
            ],
            [
              -46.5448465,
              -23.7657577
            ],
            [
              -46.5448122,
              -23.7654235
            ],
            [
              -46.5453028,
              -23.7644837
            ],
            [
              -46.5446753,
              -23.7643898
            ],
            [
              -46.5443273,
              -23.7644629
            ],
            [
              -46.5443501,
              -23.7652251
            ],
            [
              -46.5441105,
              -23.7653348
            ],
            [
              -46.5435857,
              -23.7649432
            ],
            [
              -46.5432834,
              -23.7647448
            ],
            [
              -46.5424162,
              -23.7645307
            ],
            [
              -46.5420226,
              -23.7645046
            ],
            [
              -46.5416821,
              -23.7651371
            ],
            [
              -46.5408826,
              -23.764977
            ],
            [
              -46.5386719,
              -23.7649282
            ],
            [
              -46.5382074,
              -23.765583
            ],
            [
              -46.5377482,
              -23.7658958
            ],
            [
              -46.5376521,
              -23.7657932
            ],
            [
              -46.5368297,
              -23.7658176
            ],
            [
              -46.5367496,
              -23.7658958
            ],
            [
              -46.5355749,
              -23.7658909
            ],
            [
              -46.5344802,
              -23.7649477
            ],
            [
              -46.5341011,
              -23.7647132
            ],
            [
              -46.5338695,
              -23.7628898
            ],
            [
              -46.5337909,
              -23.7622695
            ],
            [
              -46.5337687,
              -23.7618893
            ],
            [
              -46.5337667,
              -23.7612838
            ],
            [
              -46.5338756,
              -23.7608002
            ],
            [
              -46.5343053,
              -23.7591139
            ],
            [
              -46.5344393,
              -23.75858
            ],
            [
              -46.5344807,
              -23.7583294
            ],
            [
              -46.5345049,
              -23.7579926
            ],
            [
              -46.5344545,
              -23.7574923
            ],
            [
              -46.5343496,
              -23.7571287
            ],
            [
              -46.534154,
              -23.7566044
            ],
            [
              -46.5339987,
              -23.7562056
            ],
            [
              -46.5338999,
              -23.75589
            ],
            [
              -46.5338494,
              -23.7555798
            ],
            [
              -46.5338353,
              -23.7553952
            ],
            [
              -46.533853,
              -23.7550066
            ],
            [
              -46.5339457,
              -23.7545838
            ],
            [
              -46.5341091,
              -23.7541518
            ],
            [
              -46.5347243,
              -23.7532657
            ],
            [
              -46.5357166,
              -23.751907
            ],
            [
              -46.5374603,
              -23.7495022
            ],
            [
              -46.5386127,
              -23.7478887
            ],
            [
              -46.539013,
              -23.7473014
            ],
            [
              -46.5395207,
              -23.7463615
            ],
            [
              -46.539863,
              -23.7453903
            ],
            [
              -46.5402281,
              -23.7441945
            ],
            [
              -46.5406367,
              -23.7427048
            ],
            [
              -46.5415526,
              -23.7445517
            ],
            [
              -46.5429361,
              -23.74524
            ],
            [
              -46.544633,
              -23.745759
            ],
            [
              -46.5464559,
              -23.7458229
            ],
            [
              -46.5480358,
              -23.7458701
            ],
            [
              -46.5512307,
              -23.7459715
            ],
            [
              -46.55252,
              -23.746023
            ],
            [
              -46.5536311,
              -23.7462891
            ],
            [
              -46.5542788,
              -23.7465326
            ],
            [
              -46.5552063,
              -23.7470014
            ],
            [
              -46.5558814,
              -23.7473104
            ],
            [
              -46.5588444,
              -23.7490097
            ],
            [
              -46.5595007,
              -23.7492243
            ],
            [
              -46.5600734,
              -23.7493589
            ],
            [
              -46.5599261,
              -23.7496113
            ],
            [
              -46.5596352,
              -23.7501178
            ],
            [
              -46.5600801,
              -23.7511151
            ],
            [
              -46.5604281,
              -23.7518618
            ],
            [
              -46.5606107,
              -23.7523996
            ],
            [
              -46.5607419,
              -23.7533656
            ],
            [
              -46.5610157,
              -23.7542794
            ],
            [
              -46.5612154,
              -23.7550991
            ],
            [
              -46.5617459,
              -23.7554803
            ],
            [
              -46.5618144,
              -23.75618
            ],
            [
              -46.5620906,
              -23.7566002
            ]
          ]
        ]
      },
      "id": "relation/4573221"
    },
    {
      "type": "Feature",
      "properties": {
        "@id": "relation/4573222",
        "admin_level": "10",
        "boundary": "administrative",
        "name": "Capivari",
        "place": "suburb",
        "type": "boundary"
      },
      "geometry": {
        "type": "Polygon",
        "coordinates": [
          [
            [
              -46.5571281,
              -23.8784573
            ],
            [
              -46.5573174,
              -23.8785917
            ],
            [
              -46.5574402,
              -23.8786253
            ],
            [
              -46.5616867,
              -23.8784333
            ],
            [
              -46.5617457,
              -23.8783868
            ],
            [
              -46.5617852,
              -23.8782763
            ],
            [
              -46.5618476,
              -23.8782193
            ],
            [
              -46.561975,
              -23.8781734
            ],
            [
              -46.5621266,
              -23.8781685
            ],
            [
              -46.562405,
              -23.8782479
            ],
            [
              -46.5626174,
              -23.8782593
            ],
            [
              -46.5630573,
              -23.8783132
            ],
            [
              -46.5634821,
              -23.8784074
            ],
            [
              -46.563752,
              -23.8783217
            ],
            [
              -46.563794,
              -23.8780992
            ],
            [
              -46.5635589,
              -23.877781
            ],
            [
              -46.563127,
              -23.8775873
            ],
            [
              -46.5626161,
              -23.8773494
            ],
            [
              -46.5622151,
              -23.8770089
            ],
            [
              -46.5620427,
              -23.8767481
            ],
            [
              -46.561952,
              -23.8765595
            ],
            [
              -46.5619396,
              -23.8764728
            ],
            [
              -46.5619316,
              -23.8763197
            ],
            [
              -46.5619548,
              -23.8762168
            ],
            [
              -46.5620427,
              -23.8761175
            ],
            [
              -46.5622226,
              -23.8760824
            ],
            [
              -46.5624501,
              -23.8760795
            ],
            [
              -46.56285,
              -23.8761521
            ],
            [
              -46.5632504,
              -23.8762138
            ],
            [
              -46.5635133,
              -23.8762285
            ],
            [
              -46.5645054,
              -23.8761902
            ],
            [
              -46.5649759,
              -23.8761607
            ],
            [
              -46.5650582,
              -23.8760764
            ],
            [
              -46.5649992,
              -23.8759454
            ],
            [
              -46.5643609,
              -23.8755908
            ],
            [
              -46.5639156,
              -23.8753504
            ],
            [
              -46.5635347,
              -23.8752376
            ],
            [
              -46.5632504,
              -23.8751346
            ],
            [
              -46.5627462,
              -23.8749433
            ],
            [
              -46.5622634,
              -23.8748795
            ],
            [
              -46.5618986,
              -23.8747274
            ],
            [
              -46.561271,
              -23.8741192
            ],
            [
              -46.5613192,
              -23.8739082
            ],
            [
              -46.561507,
              -23.8738298
            ],
            [
              -46.5620917,
              -23.8739671
            ],
            [
              -46.562258,
              -23.8739279
            ],
            [
              -46.5622687,
              -23.8737709
            ],
            [
              -46.561972,
              -23.8734324
            ],
            [
              -46.5616733,
              -23.8730792
            ],
            [
              -46.5615982,
              -23.8729124
            ],
            [
              -46.5616733,
              -23.8727113
            ],
            [
              -46.5618246,
              -23.8726254
            ],
            [
              -46.5620327,
              -23.872623
            ],
            [
              -46.5622553,
              -23.8722919
            ],
            [
              -46.5624994,
              -23.8719657
            ],
            [
              -46.5624726,
              -23.8715266
            ],
            [
              -46.5623009,
              -23.8710827
            ],
            [
              -46.5621466,
              -23.870997
            ],
            [
              -46.5619911,
              -23.8709405
            ],
            [
              -46.5617752,
              -23.8707908
            ],
            [
              -46.5617216,
              -23.8704989
            ],
            [
              -46.5618238,
              -23.8702285
            ],
            [
              -46.5620059,
              -23.8700378
            ],
            [
              -46.5622205,
              -23.8698857
            ],
            [
              -46.5625316,
              -23.8699152
            ],
            [
              -46.5628856,
              -23.869817
            ],
            [
              -46.563068,
              -23.8698514
            ],
            [
              -46.5632397,
              -23.8700427
            ],
            [
              -46.5632612,
              -23.8702046
            ],
            [
              -46.5631807,
              -23.8703518
            ],
            [
              -46.5632665,
              -23.8704106
            ],
            [
              -46.5635669,
              -23.8703812
            ],
            [
              -46.5637256,
              -23.8703851
            ],
            [
              -46.5638727,
              -23.8704695
            ],
            [
              -46.5639691,
              -23.8706484
            ],
            [
              -46.5639961,
              -23.8708129
            ],
            [
              -46.5639961,
              -23.8709914
            ],
            [
              -46.563929,
              -23.8711514
            ],
            [
              -46.563921,
              -23.8713059
            ],
            [
              -46.5641785,
              -23.871507
            ],
            [
              -46.5644896,
              -23.8716419
            ],
            [
              -46.5648919,
              -23.8709895
            ],
            [
              -46.5649536,
              -23.8708031
            ],
            [
              -46.5656215,
              -23.870028
            ],
            [
              -46.5657449,
              -23.8700231
            ],
            [
              -46.5660185,
              -23.8701212
            ],
            [
              -46.5661365,
              -23.8701163
            ],
            [
              -46.5664522,
              -23.869982
            ],
            [
              -46.5669904,
              -23.8694945
            ],
            [
              -46.5680268,
              -23.8685558
            ],
            [
              -46.5680489,
              -23.8685109
            ],
            [
              -46.5680328,
              -23.868289
            ],
            [
              -46.5679577,
              -23.8682105
            ],
            [
              -46.5678968,
              -23.8681035
            ],
            [
              -46.5677857,
              -23.8678236
            ],
            [
              -46.567764,
              -23.8675289
            ],
            [
              -46.5675956,
              -23.8673127
            ],
            [
              -46.567381,
              -23.8672048
            ],
            [
              -46.5672084,
              -23.8672292
            ],
            [
              -46.5671117,
              -23.8672816
            ],
            [
              -46.5669666,
              -23.8672711
            ],
            [
              -46.5668981,
              -23.8672384
            ],
            [
              -46.566873,
              -23.8671524
            ],
            [
              -46.5668951,
              -23.8670585
            ],
            [
              -46.5670513,
              -23.8668322
            ],
            [
              -46.5670109,
              -23.8663193
            ],
            [
              -46.5670195,
              -23.8659597
            ],
            [
              -46.5669251,
              -23.8655638
            ],
            [
              -46.5668285,
              -23.8648108
            ],
            [
              -46.5668059,
              -23.8645828
            ],
            [
              -46.5667293,
              -23.8645385
            ],
            [
              -46.5666273,
              -23.8645876
            ],
            [
              -46.5664423,
              -23.8648059
            ],
            [
              -46.5662974,
              -23.8650414
            ],
            [
              -46.5661389,
              -23.8652217
            ],
            [
              -46.5660292,
              -23.8653799
            ],
            [
              -46.5659219,
              -23.8654682
            ],
            [
              -46.5657878,
              -23.8656252
            ],
            [
              -46.5656807,
              -23.8658234
            ],
            [
              -46.5655574,
              -23.8659812
            ],
            [
              -46.5653406,
              -23.8664994
            ],
            [
              -46.5651777,
              -23.8666587
            ],
            [
              -46.5649498,
              -23.8667636
            ],
            [
              -46.5645775,
              -23.8667636
            ],
            [
              -46.5642113,
              -23.8665444
            ],
            [
              -46.5639923,
              -23.8663027
            ],
            [
              -46.564013,
              -23.8660392
            ],
            [
              -46.5640175,
              -23.8657748
            ],
            [
              -46.5640521,
              -23.8655447
            ],
            [
              -46.5640926,
              -23.8652082
            ],
            [
              -46.5641164,
              -23.8647748
            ],
            [
              -46.5641264,
              -23.8645702
            ],
            [
              -46.5640229,
              -23.8644012
            ],
            [
              -46.5637494,
              -23.8643019
            ],
            [
              -46.5634757,
              -23.864357
            ],
            [
              -46.5631646,
              -23.8643963
            ],
            [
              -46.5629661,
              -23.8643766
            ],
            [
              -46.5627804,
              -23.8642668
            ],
            [
              -46.5625316,
              -23.8642049
            ],
            [
              -46.5623117,
              -23.8642834
            ],
            [
              -46.5622526,
              -23.8644846
            ],
            [
              -46.5621883,
              -23.8648917
            ],
            [
              -46.5621197,
              -23.8652799
            ],
            [
              -46.5620703,
              -23.8653848
            ],
            [
              -46.5620032,
              -23.8654608
            ],
            [
              -46.5618852,
              -23.8654412
            ],
            [
              -46.5616921,
              -23.8652106
            ],
            [
              -46.5615419,
              -23.8651002
            ],
            [
              -46.5613595,
              -23.8650487
            ],
            [
              -46.5610671,
              -23.8651199
            ],
            [
              -46.5608445,
              -23.8651689
            ],
            [
              -46.5607399,
              -23.8651272
            ],
            [
              -46.5605575,
              -23.8650659
            ],
            [
              -46.5603644,
              -23.8650536
            ],
            [
              -46.5601069,
              -23.8649972
            ],
            [
              -46.5599015,
              -23.8648787
            ],
            [
              -46.5599178,
              -23.8647078
            ],
            [
              -46.5600273,
              -23.8645214
            ],
            [
              -46.5602582,
              -23.8643817
            ],
            [
              -46.5606651,
              -23.8642796
            ],
            [
              -46.5608681,
              -23.8642353
            ],
            [
              -46.5609495,
              -23.8641216
            ],
            [
              -46.5609531,
              -23.864005
            ],
            [
              -46.5609196,
              -23.8638186
            ],
            [
              -46.5608762,
              -23.8633044
            ],
            [
              -46.5609558,
              -23.8628669
            ],
            [
              -46.5609384,
              -23.8627761
            ],
            [
              -46.5608941,
              -23.8627381
            ],
            [
              -46.5608136,
              -23.8627712
            ],
            [
              -46.5607399,
              -23.8628583
            ],
            [
              -46.5605753,
              -23.8633463
            ],
            [
              -46.5604934,
              -23.8634957
            ],
            [
              -46.5603399,
              -23.8635957
            ],
            [
              -46.560116,
              -23.8636262
            ],
            [
              -46.5598601,
              -23.8635978
            ],
            [
              -46.5597341,
              -23.8635571
            ],
            [
              -46.5596278,
              -23.8635604
            ],
            [
              -46.5595034,
              -23.8635868
            ],
            [
              -46.5593921,
              -23.863631
            ],
            [
              -46.5592499,
              -23.8636346
            ],
            [
              -46.5591842,
              -23.8636077
            ],
            [
              -46.559152,
              -23.8635108
            ],
            [
              -46.5591356,
              -23.8633712
            ],
            [
              -46.5590622,
              -23.8632986
            ],
            [
              -46.5589978,
              -23.8632508
            ],
            [
              -46.5588543,
              -23.8632017
            ],
            [
              -46.5587792,
              -23.8631539
            ],
            [
              -46.5586987,
              -23.8630864
            ],
            [
              -46.5585861,
              -23.8630214
            ],
            [
              -46.5584318,
              -23.8630361
            ],
            [
              -46.5582843,
              -23.8630876
            ],
            [
              -46.5581006,
              -23.8631293
            ],
            [
              -46.557992,
              -23.8631134
            ],
            [
              -46.5579169,
              -23.8630545
            ],
            [
              -46.5578724,
              -23.8627977
            ],
            [
              -46.5579503,
              -23.8624885
            ],
            [
              -46.5580473,
              -23.8622476
            ],
            [
              -46.5581752,
              -23.8621381
            ],
            [
              -46.5584383,
              -23.8613934
            ],
            [
              -46.5585096,
              -23.8611461
            ],
            [
              -46.5585163,
              -23.8610137
            ],
            [
              -46.5584399,
              -23.8609499
            ],
            [
              -46.5583581,
              -23.8609474
            ],
            [
              -46.5581717,
              -23.8610063
            ],
            [
              -46.5579839,
              -23.8610934
            ],
            [
              -46.5578699,
              -23.8612062
            ],
            [
              -46.5577345,
              -23.8613914
            ],
            [
              -46.5577023,
              -23.8615202
            ],
            [
              -46.5576377,
              -23.8617647
            ],
            [
              -46.5575114,
              -23.861828
            ],
            [
              -46.5574262,
              -23.8619434
            ],
            [
              -46.5572807,
              -23.8622411
            ],
            [
              -46.5571589,
              -23.8623413
            ],
            [
              -46.556939,
              -23.8622544
            ],
            [
              -46.5567513,
              -23.8619671
            ],
            [
              -46.5565784,
              -23.861925
            ],
            [
              -46.5564372,
              -23.8618549
            ],
            [
              -46.5563147,
              -23.8617395
            ],
            [
              -46.5561416,
              -23.8615091
            ],
            [
              -46.5559662,
              -23.8613331
            ],
            [
              -46.5558804,
              -23.8611608
            ],
            [
              -46.555862,
              -23.8609639
            ],
            [
              -46.555918,
              -23.8607418
            ],
            [
              -46.5559936,
              -23.8603275
            ],
            [
              -46.5560589,
              -23.8601758
            ],
            [
              -46.556127,
              -23.8600126
            ],
            [
              -46.556272,
              -23.8592661
            ],
            [
              -46.5566023,
              -23.8586221
            ],
            [
              -46.5569462,
              -23.8584686
            ],
            [
              -46.557255,
              -23.8584958
            ],
            [
              -46.5575275,
              -23.8586211
            ],
            [
              -46.5577756,
              -23.8588488
            ],
            [
              -46.557878,
              -23.8591322
            ],
            [
              -46.5579692,
              -23.8595468
            ],
            [
              -46.5580282,
              -23.8596228
            ],
            [
              -46.558173,
              -23.8596547
            ],
            [
              -46.558348,
              -23.8595613
            ],
            [
              -46.5584243,
              -23.8594371
            ],
            [
              -46.5586013,
              -23.8589908
            ],
            [
              -46.5587243,
              -23.8588089
            ],
            [
              -46.558855,
              -23.8587397
            ],
            [
              -46.5596085,
              -23.8586902
            ],
            [
              -46.5599676,
              -23.8588279
            ],
            [
              -46.5603523,
              -23.8591316
            ],
            [
              -46.560575,
              -23.8593778
            ],
            [
              -46.5609872,
              -23.8598437
            ],
            [
              -46.5615526,
              -23.8603465
            ],
            [
              -46.561794,
              -23.8604887
            ],
            [
              -46.5620166,
              -23.8605035
            ],
            [
              -46.5621695,
              -23.8603563
            ],
            [
              -46.5623554,
              -23.8601456
            ],
            [
              -46.5628586,
              -23.8599906
            ],
            [
              -46.5630942,
              -23.8600426
            ],
            [
              -46.5634345,
              -23.8602574
            ],
            [
              -46.5636661,
              -23.8605349
            ],
            [
              -46.5639108,
              -23.8605255
            ],
            [
              -46.5641078,
              -23.8603797
            ],
            [
              -46.5644045,
              -23.8602826
            ],
            [
              -46.5647502,
              -23.860318
            ],
            [
              -46.565223,
              -23.86041
            ],
            [
              -46.565593,
              -23.8605885
            ],
            [
              -46.5657701,
              -23.860637
            ],
            [
              -46.5658829,
              -23.8606332
            ],
            [
              -46.5659613,
              -23.8606246
            ],
            [
              -46.5660304,
              -23.8606234
            ],
            [
              -46.5661591,
              -23.8604997
            ],
            [
              -46.5661862,
              -23.8603414
            ],
            [
              -46.5661537,
              -23.8601847
            ],
            [
              -46.566175,
              -23.8600071
            ],
            [
              -46.5659392,
              -23.8594695
            ],
            [
              -46.5659821,
              -23.8586796
            ],
            [
              -46.5656388,
              -23.8588072
            ],
            [
              -46.5654027,
              -23.8591162
            ],
            [
              -46.5651721,
              -23.8597197
            ],
            [
              -46.5645176,
              -23.8594204
            ],
            [
              -46.5639919,
              -23.8588709
            ],
            [
              -46.5636997,
              -23.8586665
            ],
            [
              -46.5634769,
              -23.8577965
            ],
            [
              -46.5628843,
              -23.8583918
            ],
            [
              -46.5623693,
              -23.8581877
            ],
            [
              -46.5618372,
              -23.8579287
            ],
            [
              -46.561511,
              -23.8574498
            ],
            [
              -46.5611162,
              -23.8570966
            ],
            [
              -46.5606098,
              -23.8570338
            ],
            [
              -46.560009,
              -23.8570338
            ],
            [
              -46.5594168,
              -23.8569396
            ],
            [
              -46.5589361,
              -23.8566413
            ],
            [
              -46.5588903,
              -23.8563836
            ],
            [
              -46.5589279,
              -23.8561064
            ],
            [
              -46.5589654,
              -23.8560058
            ],
            [
              -46.5589815,
              -23.8558807
            ],
            [
              -46.5589815,
              -23.8557409
            ],
            [
              -46.5589447,
              -23.8556287
            ],
            [
              -46.5590459,
              -23.8554023
            ],
            [
              -46.5590477,
              -23.8551812
            ],
            [
              -46.5589118,
              -23.855005
            ],
            [
              -46.558952,
              -23.85487
            ],
            [
              -46.5588716,
              -23.8547915
            ],
            [
              -46.5586516,
              -23.855292
            ],
            [
              -46.5582922,
              -23.8560181
            ],
            [
              -46.5581098,
              -23.8564253
            ],
            [
              -46.557973,
              -23.8566436
            ],
            [
              -46.5577531,
              -23.8567074
            ],
            [
              -46.5572968,
              -23.8567198
            ],
            [
              -46.5568009,
              -23.8564204
            ],
            [
              -46.5566319,
              -23.8559935
            ],
            [
              -46.5563717,
              -23.8559077
            ],
            [
              -46.5562805,
              -23.8558439
            ],
            [
              -46.5562564,
              -23.8557262
            ],
            [
              -46.5562108,
              -23.8556526
            ],
            [
              -46.5561813,
              -23.8555741
            ],
            [
              -46.5560874,
              -23.8554244
            ],
            [
              -46.5558916,
              -23.8551104
            ],
            [
              -46.5557682,
              -23.8554588
            ],
            [
              -46.5556931,
              -23.8556256
            ],
            [
              -46.5556475,
              -23.8557212
            ],
            [
              -46.555559,
              -23.8557433
            ],
            [
              -46.5552672,
              -23.8556539
            ],
            [
              -46.5551038,
              -23.8554684
            ],
            [
              -46.5550287,
              -23.8552699
            ],
            [
              -46.5546306,
              -23.8549909
            ],
            [
              -46.5545785,
              -23.8548324
            ],
            [
              -46.5541055,
              -23.8544241
            ],
            [
              -46.5538652,
              -23.8543022
            ],
            [
              -46.5536232,
              -23.8540744
            ],
            [
              -46.5533228,
              -23.8531324
            ],
            [
              -46.5533211,
              -23.8527636
            ],
            [
              -46.5534497,
              -23.8525712
            ],
            [
              -46.5542485,
              -23.8523135
            ],
            [
              -46.5549192,
              -23.8523082
            ],
            [
              -46.5553312,
              -23.8525123
            ],
            [
              -46.5554943,
              -23.8528891
            ],
            [
              -46.5554787,
              -23.8532553
            ],
            [
              -46.5554895,
              -23.8534172
            ],
            [
              -46.5556129,
              -23.8535104
            ],
            [
              -46.5558006,
              -23.8535055
            ],
            [
              -46.5558274,
              -23.8533632
            ],
            [
              -46.5559401,
              -23.8531964
            ],
            [
              -46.5559347,
              -23.8530541
            ],
            [
              -46.5560093,
              -23.8525437
            ],
            [
              -46.5561638,
              -23.8522375
            ],
            [
              -46.5565844,
              -23.8520334
            ],
            [
              -46.5571364,
              -23.8520827
            ],
            [
              -46.557367,
              -23.8521612
            ],
            [
              -46.5575709,
              -23.8521023
            ],
            [
              -46.5576084,
              -23.8518668
            ],
            [
              -46.5574856,
              -23.8516488
            ],
            [
              -46.5575371,
              -23.8513269
            ],
            [
              -46.5581722,
              -23.8511464
            ],
            [
              -46.5585155,
              -23.8510836
            ],
            [
              -46.5592537,
              -23.8509501
            ],
            [
              -46.5596485,
              -23.8509344
            ],
            [
              -46.5600421,
              -23.8510701
            ],
            [
              -46.5604725,
              -23.8512249
            ],
            [
              -46.5609188,
              -23.850958
            ],
            [
              -46.5612621,
              -23.850801
            ],
            [
              -46.5611935,
              -23.8504713
            ],
            [
              -46.560833,
              -23.85033
            ],
            [
              -46.560215,
              -23.8501573
            ],
            [
              -46.5595541,
              -23.8499924
            ],
            [
              -46.559185,
              -23.849647
            ],
            [
              -46.558979,
              -23.8492859
            ],
            [
              -46.5584726,
              -23.849121
            ],
            [
              -46.5581293,
              -23.8492231
            ],
            [
              -46.5579577,
              -23.8494978
            ],
            [
              -46.5576229,
              -23.8494978
            ],
            [
              -46.5572624,
              -23.849333
            ],
            [
              -46.5568419,
              -23.8494664
            ],
            [
              -46.5566616,
              -23.8496549
            ],
            [
              -46.5561466,
              -23.849702
            ],
            [
              -46.5557598,
              -23.8499617
            ],
            [
              -46.5555098,
              -23.8499058
            ],
            [
              -46.5552577,
              -23.8499616
            ],
            [
              -46.5551129,
              -23.8499359
            ],
            [
              -46.5547215,
              -23.8502245
            ],
            [
              -46.5546784,
              -23.8504401
            ],
            [
              -46.5545659,
              -23.8505958
            ],
            [
              -46.5542108,
              -23.8507734
            ],
            [
              -46.5540563,
              -23.8507537
            ],
            [
              -46.5539812,
              -23.8505987
            ],
            [
              -46.5540094,
              -23.8502515
            ],
            [
              -46.553984,
              -23.8498647
            ],
            [
              -46.5538091,
              -23.8499242
            ],
            [
              -46.5537404,
              -23.8501424
            ],
            [
              -46.5535219,
              -23.8505354
            ],
            [
              -46.5533271,
              -23.8506664
            ],
            [
              -46.5530763,
              -23.8506753
            ],
            [
              -46.5526521,
              -23.8504679
            ],
            [
              -46.5524731,
              -23.8501102
            ],
            [
              -46.552121,
              -23.8497757
            ],
            [
              -46.5520815,
              -23.8494832
            ],
            [
              -46.5519592,
              -23.8494569
            ],
            [
              -46.55181,
              -23.849625
            ],
            [
              -46.5515074,
              -23.8496842
            ],
            [
              -46.5511427,
              -23.8495999
            ],
            [
              -46.5507908,
              -23.8492074
            ],
            [
              -46.5506964,
              -23.8488306
            ],
            [
              -46.550911,
              -23.8482261
            ],
            [
              -46.5510139,
              -23.8478101
            ],
            [
              -46.5508251,
              -23.8472998
            ],
            [
              -46.5505848,
              -23.8472919
            ],
            [
              -46.5503187,
              -23.8476452
            ],
            [
              -46.5496235,
              -23.847708
            ],
            [
              -46.5490248,
              -23.8474669
            ],
            [
              -46.5489424,
              -23.8472612
            ],
            [
              -46.5493145,
              -23.8464755
            ],
            [
              -46.5490227,
              -23.8460123
            ],
            [
              -46.5490913,
              -23.8457925
            ],
            [
              -46.549263,
              -23.8457297
            ],
            [
              -46.5494604,
              -23.8458004
            ],
            [
              -46.549572,
              -23.8462243
            ],
            [
              -46.5497437,
              -23.8462478
            ],
            [
              -46.5501556,
              -23.8458318
            ],
            [
              -46.5504818,
              -23.8457611
            ],
            [
              -46.5510139,
              -23.8459181
            ],
            [
              -46.5521297,
              -23.8465619
            ],
            [
              -46.5532799,
              -23.8469465
            ],
            [
              -46.553443,
              -23.8467346
            ],
            [
              -46.5528078,
              -23.8462164
            ],
            [
              -46.5523443,
              -23.8457611
            ],
            [
              -46.5516342,
              -23.8450412
            ],
            [
              -46.5516144,
              -23.8447047
            ],
            [
              -46.5519299,
              -23.8442065
            ],
            [
              -46.5522185,
              -23.8439953
            ],
            [
              -46.5524335,
              -23.8437851
            ],
            [
              -46.5526067,
              -23.8435123
            ],
            [
              -46.5528944,
              -23.8434139
            ],
            [
              -46.5528685,
              -23.8429719
            ],
            [
              -46.5526787,
              -23.8428641
            ],
            [
              -46.5523615,
              -23.842874
            ],
            [
              -46.5510751,
              -23.8436803
            ],
            [
              -46.551018,
              -23.8439467
            ],
            [
              -46.5507908,
              -23.8443559
            ],
            [
              -46.550456,
              -23.844505
            ],
            [
              -46.5503025,
              -23.844416
            ],
            [
              -46.5498467,
              -23.8442097
            ],
            [
              -46.5497809,
              -23.84409
            ],
            [
              -46.549879,
              -23.8437169
            ],
            [
              -46.5499392,
              -23.8436362
            ],
            [
              -46.549935,
              -23.8433662
            ],
            [
              -46.5498719,
              -23.8432676
            ],
            [
              -46.549876,
              -23.8431299
            ],
            [
              -46.5498231,
              -23.8430499
            ],
            [
              -46.5497255,
              -23.8429774
            ],
            [
              -46.5496421,
              -23.8429737
            ],
            [
              -46.549575,
              -23.8430332
            ],
            [
              -46.5495018,
              -23.8430388
            ],
            [
              -46.5493533,
              -23.8429737
            ],
            [
              -46.5493045,
              -23.8429997
            ],
            [
              -46.5491905,
              -23.8433501
            ],
            [
              -46.5488057,
              -23.8436836
            ],
            [
              -46.5484258,
              -23.8436795
            ],
            [
              -46.5474434,
              -23.8435316
            ],
            [
              -46.5467997,
              -23.8436022
            ],
            [
              -46.5464563,
              -23.8432804
            ],
            [
              -46.5463276,
              -23.8427387
            ],
            [
              -46.5463705,
              -23.8422598
            ],
            [
              -46.5465937,
              -23.8419222
            ],
            [
              -46.5470657,
              -23.8416945
            ],
            [
              -46.5474863,
              -23.8414747
            ],
            [
              -46.5474187,
              -23.8412001
            ],
            [
              -46.5474231,
              -23.8406478
            ],
            [
              -46.5477853,
              -23.8398909
            ],
            [
              -46.5480528,
              -23.8395592
            ],
            [
              -46.5480099,
              -23.8393393
            ],
            [
              -46.547452,
              -23.8400145
            ],
            [
              -46.5468769,
              -23.8406112
            ],
            [
              -46.5461388,
              -23.8409095
            ],
            [
              -46.5459757,
              -23.8412078
            ],
            [
              -46.5455894,
              -23.8414355
            ],
            [
              -46.5449629,
              -23.8411686
            ],
            [
              -46.5442762,
              -23.8410508
            ],
            [
              -46.5436668,
              -23.8408231
            ],
            [
              -46.5433407,
              -23.8405169
            ],
            [
              -46.5435982,
              -23.8401872
            ],
            [
              -46.543993,
              -23.8401794
            ],
            [
              -46.5448856,
              -23.8401951
            ],
            [
              -46.5449371,
              -23.8399831
            ],
            [
              -46.5444307,
              -23.839355
            ],
            [
              -46.5438814,
              -23.8389782
            ],
            [
              -46.5433321,
              -23.8385464
            ],
            [
              -46.5431433,
              -23.8381774
            ],
            [
              -46.5432892,
              -23.8378006
            ],
            [
              -46.5437441,
              -23.8373295
            ],
            [
              -46.5442419,
              -23.837251
            ],
            [
              -46.5441303,
              -23.8363953
            ],
            [
              -46.5441475,
              -23.8358614
            ],
            [
              -46.5444994,
              -23.8355474
            ],
            [
              -46.5442591,
              -23.8353668
            ],
            [
              -46.5440102,
              -23.8348251
            ],
            [
              -46.5437161,
              -23.834456
            ],
            [
              -46.5435896,
              -23.8343226
            ],
            [
              -46.5433321,
              -23.8344168
            ],
            [
              -46.5429802,
              -23.8342598
            ],
            [
              -46.5429201,
              -23.8340321
            ],
            [
              -46.542551,
              -23.8340635
            ],
            [
              -46.5423708,
              -23.8338515
            ],
            [
              -46.5423322,
              -23.8335135
            ],
            [
              -46.5425081,
              -23.8331135
            ],
            [
              -46.5424738,
              -23.8328466
            ],
            [
              -46.5422935,
              -23.8328858
            ],
            [
              -46.5422764,
              -23.83309
            ],
            [
              -46.5420446,
              -23.8336081
            ],
            [
              -46.5416584,
              -23.8338751
            ],
            [
              -46.5412464,
              -23.83393
            ],
            [
              -46.541049,
              -23.8337259
            ],
            [
              -46.5407658,
              -23.8335061
            ],
            [
              -46.5407143,
              -23.8331763
            ],
            [
              -46.5404053,
              -23.8328073
            ],
            [
              -46.5404654,
              -23.8324462
            ],
            [
              -46.5407958,
              -23.8321832
            ],
            [
              -46.5401392,
              -23.8320929
            ],
            [
              -46.5396757,
              -23.8315276
            ],
            [
              -46.5392294,
              -23.8312606
            ],
            [
              -46.5390835,
              -23.8307896
            ],
            [
              -46.5388689,
              -23.8305148
            ],
            [
              -46.5390234,
              -23.8302478
            ],
            [
              -46.5392294,
              -23.830185
            ],
            [
              -46.539547,
              -23.8301693
            ],
            [
              -46.5395556,
              -23.8300201
            ],
            [
              -46.5391693,
              -23.829816
            ],
            [
              -46.5389547,
              -23.8295569
            ],
            [
              -46.539135,
              -23.8289602
            ],
            [
              -46.5389977,
              -23.8285519
            ],
            [
              -46.5388002,
              -23.8285284
            ],
            [
              -46.5382681,
              -23.8287246
            ],
            [
              -46.5378218,
              -23.8293056
            ],
            [
              -46.5375042,
              -23.8292899
            ],
            [
              -46.537075,
              -23.8289523
            ],
            [
              -46.5369377,
              -23.8283792
            ],
            [
              -46.5373472,
              -23.8278038
            ],
            [
              -46.5379564,
              -23.8276416
            ],
            [
              -46.5384199,
              -23.8272962
            ],
            [
              -46.5391666,
              -23.8274218
            ],
            [
              -46.5391323,
              -23.8278772
            ],
            [
              -46.5393812,
              -23.8278929
            ],
            [
              -46.5398618,
              -23.827673
            ],
            [
              -46.5401537,
              -23.8274218
            ],
            [
              -46.5406257,
              -23.827359
            ],
            [
              -46.5417501,
              -23.8278772
            ],
            [
              -46.5433466,
              -23.8287408
            ],
            [
              -46.5442306,
              -23.829314
            ],
            [
              -46.5451748,
              -23.8305467
            ],
            [
              -46.5455867,
              -23.8308293
            ],
            [
              -46.5458271,
              -23.8315124
            ],
            [
              -46.5463249,
              -23.8324702
            ],
            [
              -46.546591,
              -23.8332239
            ],
            [
              -46.5469257,
              -23.833271
            ],
            [
              -46.5479728,
              -23.8344173
            ],
            [
              -46.5484878,
              -23.8353045
            ],
            [
              -46.5489052,
              -23.8361717
            ],
            [
              -46.5489084,
              -23.8366627
            ],
            [
              -46.5487882,
              -23.8375812
            ],
            [
              -46.5490286,
              -23.8376205
            ],
            [
              -46.5492431,
              -23.8374007
            ],
            [
              -46.5493976,
              -23.8368354
            ],
            [
              -46.5497753,
              -23.8363094
            ],
            [
              -46.5502216,
              -23.8354301
            ],
            [
              -46.5505478,
              -23.8352103
            ],
            [
              -46.5499984,
              -23.8348413
            ],
            [
              -46.5497152,
              -23.8342995
            ],
            [
              -46.549389,
              -23.8337814
            ],
            [
              -46.5485994,
              -23.8334202
            ],
            [
              -46.5483848,
              -23.8325644
            ],
            [
              -46.5484363,
              -23.8321483
            ],
            [
              -46.5482132,
              -23.8321954
            ],
            [
              -46.5479557,
              -23.8319913
            ],
            [
              -46.5474407,
              -23.8312611
            ],
            [
              -46.5472261,
              -23.8307272
            ],
            [
              -46.5471231,
              -23.8301384
            ],
            [
              -46.5473205,
              -23.8298793
            ],
            [
              -46.5477068,
              -23.8297694
            ],
            [
              -46.5477754,
              -23.8292355
            ],
            [
              -46.547784,
              -23.8289528
            ],
            [
              -46.5476209,
              -23.8288272
            ],
            [
              -46.5474664,
              -23.8291884
            ],
            [
              -46.5469,
              -23.8291648
            ],
            [
              -46.5463249,
              -23.8291962
            ],
            [
              -46.5460588,
              -23.8289764
            ],
            [
              -46.5458099,
              -23.8282462
            ],
            [
              -46.5454666,
              -23.8280264
            ],
            [
              -46.5453035,
              -23.8277123
            ],
            [
              -46.5454838,
              -23.8273825
            ],
            [
              -46.5461961,
              -23.8269115
            ],
            [
              -46.5467189,
              -23.8267341
            ],
            [
              -46.5466854,
              -23.8263461
            ],
            [
              -46.5458099,
              -23.8263304
            ],
            [
              -46.545252,
              -23.8264404
            ],
            [
              -46.5443594,
              -23.8268329
            ],
            [
              -46.5438101,
              -23.8268565
            ],
            [
              -46.5436041,
              -23.8266602
            ],
            [
              -46.5435783,
              -23.8261263
            ],
            [
              -46.5434152,
              -23.8258593
            ],
            [
              -46.543338,
              -23.8260792
            ],
            [
              -46.5429346,
              -23.8262598
            ],
            [
              -46.5425569,
              -23.8261813
            ],
            [
              -46.5422565,
              -23.8258672
            ],
            [
              -46.5423938,
              -23.8255217
            ],
            [
              -46.5427372,
              -23.8253882
            ],
            [
              -46.5435011,
              -23.8252077
            ],
            [
              -46.5438787,
              -23.8249878
            ],
            [
              -46.5441705,
              -23.8249564
            ],
            [
              -46.5447349,
              -23.8245442
            ],
            [
              -46.544368,
              -23.824448
            ],
            [
              -46.5439446,
              -23.8245143
            ],
            [
              -46.5434728,
              -23.8245761
            ],
            [
              -46.5429947,
              -23.8245403
            ],
            [
              -46.5426342,
              -23.8243597
            ],
            [
              -46.5425054,
              -23.8241712
            ],
            [
              -46.5419904,
              -23.8243832
            ],
            [
              -46.5416042,
              -23.8243361
            ],
            [
              -46.5414068,
              -23.8241477
            ],
            [
              -46.5413553,
              -23.8238415
            ],
            [
              -46.5415441,
              -23.8235981
            ],
            [
              -46.5419475,
              -23.8232761
            ],
            [
              -46.5422479,
              -23.8229228
            ],
            [
              -46.5425569,
              -23.8226087
            ],
            [
              -46.5427114,
              -23.8220905
            ],
            [
              -46.5429775,
              -23.8214074
            ],
            [
              -46.5429346,
              -23.8212268
            ],
            [
              -46.5430547,
              -23.8209206
            ],
            [
              -46.5426943,
              -23.8210619
            ],
            [
              -46.5422651,
              -23.8216508
            ],
            [
              -46.5413467,
              -23.8223889
            ],
            [
              -46.5407201,
              -23.8228364
            ],
            [
              -46.5403682,
              -23.8229621
            ],
            [
              -46.5401966,
              -23.8228286
            ],
            [
              -46.5403082,
              -23.8225616
            ],
            [
              -46.5406172,
              -23.8219178
            ],
            [
              -46.5407201,
              -23.8214074
            ],
            [
              -46.5411493,
              -23.8209756
            ],
            [
              -46.5414583,
              -23.8208264
            ],
            [
              -46.5418188,
              -23.8208735
            ],
            [
              -46.5418874,
              -23.8207479
            ],
            [
              -46.5413467,
              -23.8201982
            ],
            [
              -46.541218,
              -23.8198763
            ],
            [
              -46.5413124,
              -23.8195544
            ],
            [
              -46.5416128,
              -23.8193973
            ],
            [
              -46.5421364,
              -23.8192167
            ],
            [
              -46.5425398,
              -23.8189105
            ],
            [
              -46.5424883,
              -23.8188398
            ],
            [
              -46.5422479,
              -23.8188163
            ],
            [
              -46.5418703,
              -23.8187377
            ],
            [
              -46.54169,
              -23.8185493
            ],
            [
              -46.5417158,
              -23.8182823
            ],
            [
              -46.5420248,
              -23.8178976
            ],
            [
              -46.5423338,
              -23.8175678
            ],
            [
              -46.5427114,
              -23.8172223
            ],
            [
              -46.5427372,
              -23.8169553
            ],
            [
              -46.5421621,
              -23.8171673
            ],
            [
              -46.5411493,
              -23.8176385
            ],
            [
              -46.5408403,
              -23.8176385
            ],
            [
              -46.5406515,
              -23.8173322
            ],
            [
              -46.5406515,
              -23.817026
            ],
            [
              -46.540909,
              -23.8168768
            ],
            [
              -46.5410034,
              -23.8166962
            ],
            [
              -46.5407716,
              -23.8162643
            ],
            [
              -46.5408231,
              -23.8158325
            ],
            [
              -46.5410806,
              -23.8150237
            ],
            [
              -46.5413467,
              -23.8148431
            ],
            [
              -46.5414497,
              -23.814741
            ],
            [
              -46.5410892,
              -23.8144819
            ],
            [
              -46.540909,
              -23.8142228
            ],
            [
              -46.5407888,
              -23.8139087
            ],
            [
              -46.5409261,
              -23.8136731
            ],
            [
              -46.5411407,
              -23.8136417
            ],
            [
              -46.5414583,
              -23.8136417
            ],
            [
              -46.5416128,
              -23.8135082
            ],
            [
              -46.541484,
              -23.813304
            ],
            [
              -46.5414325,
              -23.8128643
            ],
            [
              -46.5414926,
              -23.8127072
            ],
            [
              -46.5424282,
              -23.8123382
            ],
            [
              -46.542514,
              -23.8121576
            ],
            [
              -46.5422908,
              -23.811977
            ],
            [
              -46.5417759,
              -23.8118121
            ],
            [
              -46.5411064,
              -23.8118513
            ],
            [
              -46.5407116,
              -23.8117728
            ],
            [
              -46.5404455,
              -23.8115372
            ],
            [
              -46.5404884,
              -23.8112545
            ],
            [
              -46.5408317,
              -23.810909
            ],
            [
              -46.5413124,
              -23.8108227
            ],
            [
              -46.5418703,
              -23.8106342
            ],
            [
              -46.5422908,
              -23.8104222
            ],
            [
              -46.5426342,
              -23.8101552
            ],
            [
              -46.543312,
              -23.8095249
            ],
            [
              -46.543481,
              -23.8093874
            ],
            [
              -46.5436849,
              -23.8093089
            ],
            [
              -46.543929,
              -23.8093153
            ],
            [
              -46.5440661,
              -23.8093162
            ],
            [
              -46.5441596,
              -23.8093776
            ],
            [
              -46.5444413,
              -23.8098046
            ],
            [
              -46.5446075,
              -23.8100009
            ],
            [
              -46.5447604,
              -23.8098267
            ],
            [
              -46.5455007,
              -23.8092697
            ],
            [
              -46.5456643,
              -23.8088795
            ],
            [
              -46.5458896,
              -23.8087322
            ],
            [
              -46.5462734,
              -23.8086239
            ],
            [
              -46.5470545,
              -23.8087574
            ],
            [
              -46.5475694,
              -23.8088281
            ],
            [
              -46.5479385,
              -23.8089852
            ],
            [
              -46.5479557,
              -23.8092522
            ],
            [
              -46.5475179,
              -23.8102102
            ],
            [
              -46.5471145,
              -23.810697
            ],
            [
              -46.5466682,
              -23.8117336
            ],
            [
              -46.5460846,
              -23.8128486
            ],
            [
              -46.5458943,
              -23.813075
            ],
            [
              -46.5461949,
              -23.8129683
            ],
            [
              -46.5465051,
              -23.8126601
            ],
            [
              -46.5468938,
              -23.8121525
            ],
            [
              -46.5474064,
              -23.8115765
            ],
            [
              -46.5479042,
              -23.8111054
            ],
            [
              -46.5480158,
              -23.8108148
            ],
            [
              -46.5484792,
              -23.8101002
            ],
            [
              -46.5490715,
              -23.8095427
            ],
            [
              -46.5496637,
              -23.8093621
            ],
            [
              -46.5502302,
              -23.8095663
            ],
            [
              -46.5506851,
              -23.8098882
            ],
            [
              -46.5510112,
              -23.8097861
            ],
            [
              -46.5514661,
              -23.8097704
            ],
            [
              -46.5520069,
              -23.8101002
            ],
            [
              -46.5525905,
              -23.8107441
            ],
            [
              -46.5527713,
              -23.8114363
            ],
            [
              -46.5525138,
              -23.811876
            ],
            [
              -46.5522305,
              -23.8121665
            ],
            [
              -46.5525138,
              -23.8122451
            ],
            [
              -46.5526597,
              -23.8127398
            ],
            [
              -46.552076,
              -23.8134936
            ],
            [
              -46.55181,
              -23.8138862
            ],
            [
              -46.5514838,
              -23.8138391
            ],
            [
              -46.5510976,
              -23.813792
            ],
            [
              -46.5508658,
              -23.8140747
            ],
            [
              -46.5509798,
              -23.8144713
            ],
            [
              -46.5504885,
              -23.8151082
            ],
            [
              -46.5504281,
              -23.8153703
            ],
            [
              -46.5500504,
              -23.8160534
            ],
            [
              -46.5498015,
              -23.8164932
            ],
            [
              -46.5494325,
              -23.816501
            ],
            [
              -46.549381,
              -23.8170899
            ],
            [
              -46.5494239,
              -23.8178045
            ],
            [
              -46.5498015,
              -23.8174354
            ],
            [
              -46.550368,
              -23.8171213
            ],
            [
              -46.5508401,
              -23.8164539
            ],
            [
              -46.5515096,
              -23.8157001
            ],
            [
              -46.552325,
              -23.8148834
            ],
            [
              -46.552797,
              -23.8144673
            ],
            [
              -46.5532176,
              -23.8140747
            ],
            [
              -46.5539386,
              -23.8138941
            ],
            [
              -46.5543935,
              -23.8140511
            ],
            [
              -46.5548484,
              -23.8143888
            ],
            [
              -46.5551145,
              -23.8148992
            ],
            [
              -46.5550372,
              -23.8155823
            ],
            [
              -46.5549085,
              -23.8161162
            ],
            [
              -46.5551316,
              -23.8165246
            ],
            [
              -46.5549342,
              -23.8168151
            ],
            [
              -46.5541102,
              -23.8170821
            ],
            [
              -46.5533034,
              -23.8174119
            ],
            [
              -46.5528743,
              -23.8178202
            ],
            [
              -46.5524451,
              -23.8184719
            ],
            [
              -46.5523936,
              -23.8190529
            ],
            [
              -46.5524795,
              -23.8195083
            ],
            [
              -46.5528228,
              -23.8191943
            ],
            [
              -46.5531918,
              -23.818519
            ],
            [
              -46.5535438,
              -23.8180793
            ],
            [
              -46.5541961,
              -23.8178123
            ],
            [
              -46.5547711,
              -23.8178359
            ],
            [
              -46.5550286,
              -23.8180793
            ],
            [
              -46.5554749,
              -23.8180165
            ],
            [
              -46.5559298,
              -23.8181892
            ],
            [
              -46.5561187,
              -23.8186289
            ],
            [
              -46.5561444,
              -23.8195869
            ],
            [
              -46.5559127,
              -23.8198381
            ],
            [
              -46.555844,
              -23.820482
            ],
            [
              -46.555432,
              -23.8210159
            ],
            [
              -46.5553119,
              -23.8214556
            ],
            [
              -46.5547454,
              -23.8221937
            ],
            [
              -46.5542279,
              -23.8224127
            ],
            [
              -46.5545566,
              -23.8226805
            ],
            [
              -46.5552463,
              -23.8226507
            ],
            [
              -46.555928,
              -23.8219139
            ],
            [
              -46.5563623,
              -23.8216731
            ],
            [
              -46.556612,
              -23.8216463
            ],
            [
              -46.5567605,
              -23.8217513
            ],
            [
              -46.556873,
              -23.8219612
            ],
            [
              -46.5567807,
              -23.8224984
            ],
            [
              -46.5563038,
              -23.8229121
            ],
            [
              -46.556099,
              -23.8234925
            ],
            [
              -46.5556738,
              -23.8238815
            ],
            [
              -46.555523,
              -23.8241491
            ],
            [
              -46.5555005,
              -23.8245443
            ],
            [
              -46.5554893,
              -23.8248221
            ],
            [
              -46.555721,
              -23.8250218
            ],
            [
              -46.555982,
              -23.8251782
            ],
            [
              -46.5561125,
              -23.825137
            ],
            [
              -46.5564388,
              -23.8249394
            ],
            [
              -46.5566412,
              -23.8245751
            ],
            [
              -46.5568932,
              -23.8240524
            ],
            [
              -46.5571745,
              -23.8236901
            ],
            [
              -46.5575975,
              -23.8232456
            ],
            [
              -46.5578022,
              -23.8230336
            ],
            [
              -46.5580677,
              -23.8229553
            ],
            [
              -46.5582949,
              -23.8229924
            ],
            [
              -46.5584997,
              -23.8231468
            ],
            [
              -46.5585942,
              -23.8234164
            ],
            [
              -46.5585132,
              -23.8247069
            ],
            [
              -46.5582972,
              -23.8249662
            ],
            [
              -46.5583129,
              -23.8252729
            ],
            [
              -46.5582499,
              -23.8256248
            ],
            [
              -46.5583422,
              -23.8257812
            ],
            [
              -46.5582679,
              -23.8260694
            ],
            [
              -46.5583039,
              -23.8262752
            ],
            [
              -46.5584794,
              -23.8265736
            ],
            [
              -46.5586459,
              -23.8270923
            ],
            [
              -46.5585492,
              -23.8279526
            ],
            [
              -46.5586909,
              -23.8281831
            ],
            [
              -46.5588641,
              -23.8287038
            ],
            [
              -46.5590036,
              -23.8292554
            ],
            [
              -46.5592466,
              -23.8295641
            ],
            [
              -46.5593681,
              -23.8299201
            ],
            [
              -46.5596291,
              -23.830163
            ],
            [
              -46.5598699,
              -23.83013
            ],
            [
              -46.5601696,
              -23.830652
            ],
            [
              -46.5602817,
              -23.830716
            ],
            [
              -46.5606996,
              -23.830986
            ],
            [
              -46.5609387,
              -23.8311217
            ],
            [
              -46.5612688,
              -23.8312942
            ],
            [
              -46.5620057,
              -23.8316997
            ],
            [
              -46.5621415,
              -23.8317921
            ],
            [
              -46.5623061,
              -23.8319105
            ],
            [
              -46.5623826,
              -23.8319634
            ],
            [
              -46.5632008,
              -23.832571
            ],
            [
              -46.5635602,
              -23.8329022
            ],
            [
              -46.5637493,
              -23.8331119
            ],
            [
              -46.5638417,
              -23.8332466
            ],
            [
              -46.5639785,
              -23.8334428
            ],
            [
              -46.5640777,
              -23.8336735
            ],
            [
              -46.5642601,
              -23.8342182
            ],
            [
              -46.5643106,
              -23.8343288
            ],
            [
              -46.5643674,
              -23.8344512
            ],
            [
              -46.5645298,
              -23.8346822
            ],
            [
              -46.5646331,
              -23.8348527
            ],
            [
              -46.5647256,
              -23.8350269
            ],
            [
              -46.5648116,
              -23.8351957
            ],
            [
              -46.5649476,
              -23.8353746
            ],
            [
              -46.5651661,
              -23.8356178
            ],
            [
              -46.5653142,
              -23.8357638
            ],
            [
              -46.5655682,
              -23.8359613
            ],
            [
              -46.5659043,
              -23.8362742
            ],
            [
              -46.5659903,
              -23.8363397
            ],
            [
              -46.5660989,
              -23.8364033
            ],
            [
              -46.5662491,
              -23.8364536
            ],
            [
              -46.5664449,
              -23.8364597
            ],
            [
              -46.5668902,
              -23.8363996
            ],
            [
              -46.5672791,
              -23.836337
            ],
            [
              -46.5676466,
              -23.8362708
            ],
            [
              -46.5680248,
              -23.8361604
            ],
            [
              -46.5685196,
              -23.8359261
            ],
            [
              -46.5688562,
              -23.835758
            ],
            [
              -46.5692559,
              -23.8355384
            ],
            [
              -46.5694812,
              -23.8354292
            ],
            [
              -46.5697306,
              -23.8353397
            ],
            [
              -46.5700082,
              -23.8352894
            ],
            [
              -46.5702926,
              -23.8352735
            ],
            [
              -46.5706895,
              -23.835309
            ],
            [
              -46.5710543,
              -23.8353912
            ],
            [
              -46.571698,
              -23.8356218
            ],
            [
              -46.5719461,
              -23.8357126
            ],
            [
              -46.5721513,
              -23.8357887
            ],
            [
              -46.5723914,
              -23.8359089
            ],
            [
              -46.5726355,
              -23.8360708
            ],
            [
              -46.572901,
              -23.8362757
            ],
            [
              -46.5731692,
              -23.8364879
            ],
            [
              -46.5735528,
              -23.8367332
            ],
            [
              -46.5738559,
              -23.8369025
            ],
            [
              -46.5741026,
              -23.8370215
            ],
            [
              -46.5743293,
              -23.8370792
            ],
            [
              -46.5745251,
              -23.8370694
            ],
            [
              -46.5746981,
              -23.8370178
            ],
            [
              -46.5749858,
              -23.836859
            ],
            [
              -46.5751916,
              -23.836759
            ],
            [
              -46.5754075,
              -23.8367418
            ],
            [
              -46.5755859,
              -23.8367762
            ],
            [
              -46.5757743,
              -23.8368596
            ],
            [
              -46.5760419,
              -23.8369945
            ],
            [
              -46.5762829,
              -23.8371694
            ],
            [
              -46.5769652,
              -23.8377835
            ],
            [
              -46.5770933,
              -23.837881
            ],
            [
              -46.5772258,
              -23.8379767
            ],
            [
              -46.5773793,
              -23.8380473
            ],
            [
              -46.577541,
              -23.8380934
            ],
            [
              -46.5783095,
              -23.8382442
            ],
            [
              -46.5786086,
              -23.8383117
            ],
            [
              -46.5788306,
              -23.8383792
            ],
            [
              -46.5795219,
              -23.8385791
            ],
            [
              -46.5796117,
              -23.8386111
            ],
            [
              -46.5796895,
              -23.8386565
            ],
            [
              -46.5797633,
              -23.8387091
            ],
            [
              -46.580112,
              -23.8390146
            ],
            [
              -46.580171,
              -23.83906
            ],
            [
              -46.580277,
              -23.8391287
            ],
            [
              -46.5803388,
              -23.8391572
            ],
            [
              -46.5804581,
              -23.8391781
            ],
            [
              -46.5806352,
              -23.8391744
            ],
            [
              -46.5808308,
              -23.8391496
            ],
            [
              -46.5810053,
              -23.8391057
            ],
            [
              -46.5811649,
              -23.8390689
            ],
            [
              -46.5813245,
              -23.8390174
            ],
            [
              -46.5814331,
              -23.8389585
            ],
            [
              -46.5815511,
              -23.83888
            ],
            [
              -46.5816571,
              -23.8387966
            ],
            [
              -46.5817563,
              -23.8387156
            ],
            [
              -46.5818569,
              -23.8386322
            ],
            [
              -46.5820002,
              -23.8385215
            ],
            [
              -46.5822255,
              -23.8383841
            ],
            [
              -46.5823464,
              -23.8383304
            ],
            [
              -46.5824616,
              -23.838286
            ],
            [
              -46.5827635,
              -23.8381611
            ],
            [
              -46.5834904,
              -23.8375089
            ],
            [
              -46.5845002,
              -23.8373242
            ],
            [
              -46.5859866,
              -23.8371078
            ],
            [
              -46.5860916,
              -23.8372931
            ],
            [
              -46.5867655,
              -23.8374612
            ],
            [
              -46.5873087,
              -23.8379431
            ],
            [
              -46.5874353,
              -23.8384362
            ],
            [
              -46.5874884,
              -23.8392357
            ],
            [
              -46.5873029,
              -23.8400639
            ],
            [
              -46.587212,
              -23.8403294
            ],
            [
              -46.587238,
              -23.8406279
            ],
            [
              -46.5868019,
              -23.8408471
            ],
            [
              -46.5869939,
              -23.8410664
            ],
            [
              -46.5872986,
              -23.8412843
            ],
            [
              -46.5874964,
              -23.8416184
            ],
            [
              -46.5874707,
              -23.8420146
            ],
            [
              -46.5873931,
              -23.8424592
            ],
            [
              -46.5872515,
              -23.8426883
            ],
            [
              -46.5869759,
              -23.8430376
            ],
            [
              -46.5864449,
              -23.8433122
            ],
            [
              -46.5857955,
              -23.8435045
            ],
            [
              -46.5854096,
              -23.8435531
            ],
            [
              -46.585136,
              -23.8438482
            ],
            [
              -46.5849726,
              -23.8441041
            ],
            [
              -46.5849762,
              -23.8442723
            ],
            [
              -46.5852534,
              -23.8443357
            ],
            [
              -46.5855596,
              -23.8441508
            ],
            [
              -46.5857733,
              -23.844209
            ],
            [
              -46.5862296,
              -23.844341
            ],
            [
              -46.5865357,
              -23.8441456
            ],
            [
              -46.5869804,
              -23.8437546
            ],
            [
              -46.5875869,
              -23.843406
            ],
            [
              -46.5881009,
              -23.8432739
            ],
            [
              -46.5884417,
              -23.8436543
            ],
            [
              -46.5886554,
              -23.8441561
            ],
            [
              -46.5889626,
              -23.8447223
            ],
            [
              -46.5891301,
              -23.845292
            ],
            [
              -46.5890811,
              -23.845673
            ],
            [
              -46.5891546,
              -23.8459233
            ],
            [
              -46.5891444,
              -23.8461474
            ],
            [
              -46.5890096,
              -23.8463267
            ],
            [
              -46.5889283,
              -23.8463036
            ],
            [
              -46.5886078,
              -23.8464965
            ],
            [
              -46.5885962,
              -23.8465836
            ],
            [
              -46.5888619,
              -23.846758
            ],
            [
              -46.5887521,
              -23.8468425
            ],
            [
              -46.5884893,
              -23.8468795
            ],
            [
              -46.5885269,
              -23.8470723
            ],
            [
              -46.5884403,
              -23.8471462
            ],
            [
              -46.5882265,
              -23.8471119
            ],
            [
              -46.5881717,
              -23.8471674
            ],
            [
              -46.5882208,
              -23.8474077
            ],
            [
              -46.5883218,
              -23.8474711
            ],
            [
              -46.5883334,
              -23.8476138
            ],
            [
              -46.588293,
              -23.8477802
            ],
            [
              -46.5880331,
              -23.8478171
            ],
            [
              -46.5880302,
              -23.8480337
            ],
            [
              -46.588111,
              -23.8481816
            ],
            [
              -46.5879897,
              -23.8483745
            ],
            [
              -46.58801,
              -23.8489106
            ],
            [
              -46.5876859,
              -23.8489943
            ],
            [
              -46.5877023,
              -23.8495396
            ],
            [
              -46.5877104,
              -23.8500775
            ],
            [
              -46.588078,
              -23.8505855
            ],
            [
              -46.5883884,
              -23.8506528
            ],
            [
              -46.5884864,
              -23.8511757
            ],
            [
              -46.5884864,
              -23.85137
            ],
            [
              -46.5882603,
              -23.8519287
            ],
            [
              -46.5880292,
              -23.8526049
            ],
            [
              -46.5876134,
              -23.8535558
            ],
            [
              -46.5870358,
              -23.8544221
            ],
            [
              -46.58662,
              -23.8553306
            ],
            [
              -46.5860655,
              -23.8562181
            ],
            [
              -46.5861348,
              -23.8572323
            ],
            [
              -46.5859731,
              -23.8575281
            ],
            [
              -46.5858113,
              -23.8583944
            ],
            [
              -46.5855341,
              -23.8594931
            ],
            [
              -46.5852569,
              -23.8602924
            ],
            [
              -46.5845176,
              -23.8609685
            ],
            [
              -46.5835472,
              -23.8616023
            ],
            [
              -46.5824845,
              -23.862363
            ],
            [
              -46.5814679,
              -23.86287
            ],
            [
              -46.5821954,
              -23.863747
            ],
            [
              -46.5825881,
              -23.8645499
            ],
            [
              -46.5823109,
              -23.8658598
            ],
            [
              -46.5821261,
              -23.875198
            ],
            [
              -46.5879019,
              -23.8771205
            ],
            [
              -46.5961728,
              -23.8838806
            ],
            [
              -46.604929,
              -23.8963437
            ],
            [
              -46.5945787,
              -23.9021523
            ],
            [
              -46.591968,
              -23.898118
            ],
            [
              -46.5825419,
              -23.9031028
            ],
            [
              -46.574377,
              -23.8909399
            ],
            [
              -46.542893,
              -23.8861729
            ],
            [
              -46.5414565,
              -23.8858995
            ],
            [
              -46.5395805,
              -23.8842382
            ],
            [
              -46.5398054,
              -23.8838005
            ],
            [
              -46.5401821,
              -23.8833463
            ],
            [
              -46.540889,
              -23.8830582
            ],
            [
              -46.5410417,
              -23.8827156
            ],
            [
              -46.5408248,
              -23.8823241
            ],
            [
              -46.5405294,
              -23.8821123
            ],
            [
              -46.54028,
              -23.8820829
            ],
            [
              -46.5402076,
              -23.8820289
            ],
            [
              -46.5401512,
              -23.8818842
            ],
            [
              -46.5401861,
              -23.8817763
            ],
            [
              -46.5404356,
              -23.8815311
            ],
            [
              -46.5404999,
              -23.8813741
            ],
            [
              -46.5405241,
              -23.881173
            ],
            [
              -46.5406019,
              -23.8810013
            ],
            [
              -46.5408066,
              -23.880845
            ],
            [
              -46.5409503,
              -23.8806735
            ],
            [
              -46.5410511,
              -23.8802866
            ],
            [
              -46.5412116,
              -23.880079
            ],
            [
              -46.5413511,
              -23.8799274
            ],
            [
              -46.5415944,
              -23.8798755
            ],
            [
              -46.541675,
              -23.8797925
            ],
            [
              -46.5417981,
              -23.879569
            ],
            [
              -46.5419671,
              -23.8794243
            ],
            [
              -46.5421173,
              -23.8793262
            ],
            [
              -46.5423453,
              -23.8792158
            ],
            [
              -46.5426323,
              -23.8790858
            ],
            [
              -46.5429461,
              -23.8789436
            ],
            [
              -46.5431891,
              -23.8788406
            ],
            [
              -46.5433702,
              -23.8787708
            ],
            [
              -46.5435178,
              -23.8787535
            ],
            [
              -46.5437918,
              -23.8788311
            ],
            [
              -46.5440219,
              -23.8790469
            ],
            [
              -46.5443604,
              -23.8793824
            ],
            [
              -46.5445286,
              -23.8796229
            ],
            [
              -46.5445957,
              -23.879878
            ],
            [
              -46.5445259,
              -23.8801551
            ],
            [
              -46.5446869,
              -23.8804029
            ],
            [
              -46.54466,
              -23.8807192
            ],
            [
              -46.5445367,
              -23.8810209
            ],
            [
              -46.544601,
              -23.8812491
            ],
            [
              -46.5450581,
              -23.8817392
            ],
            [
              -46.5452541,
              -23.8821588
            ],
            [
              -46.5453282,
              -23.8824831
            ],
            [
              -46.5452743,
              -23.8826347
            ],
            [
              -46.5451767,
              -23.8827353
            ],
            [
              -46.5450516,
              -23.8829977
            ],
            [
              -46.5449792,
              -23.8834637
            ],
            [
              -46.5449578,
              -23.8838315
            ],
            [
              -46.5449309,
              -23.8841847
            ],
            [
              -46.5448934,
              -23.8845084
            ],
            [
              -46.5448719,
              -23.8847586
            ],
            [
              -46.5448654,
              -23.8850551
            ],
            [
              -46.5451241,
              -23.8857298
            ],
            [
              -46.5454084,
              -23.8861124
            ],
            [
              -46.5456551,
              -23.8862154
            ],
            [
              -46.5459341,
              -23.8860388
            ],
            [
              -46.5462238,
              -23.8856023
            ],
            [
              -46.5464573,
              -23.8852305
            ],
            [
              -46.5466344,
              -23.8849503
            ],
            [
              -46.5468689,
              -23.8845854
            ],
            [
              -46.5469407,
              -23.8843479
            ],
            [
              -46.5468443,
              -23.8840559
            ],
            [
              -46.5467173,
              -23.8839382
            ],
            [
              -46.5466851,
              -23.8838732
            ],
            [
              -46.5466837,
              -23.8835629
            ],
            [
              -46.5468138,
              -23.8832969
            ],
            [
              -46.5470338,
              -23.8831399
            ],
            [
              -46.5473744,
              -23.883059
            ],
            [
              -46.5474361,
              -23.8829462
            ],
            [
              -46.5473771,
              -23.8827181
            ],
            [
              -46.5473396,
              -23.882566
            ],
            [
              -46.547243,
              -23.8821785
            ],
            [
              -46.5470821,
              -23.8818891
            ],
            [
              -46.546948,
              -23.8814084
            ],
            [
              -46.5470177,
              -23.8813201
            ],
            [
              -46.5473074,
              -23.8810602
            ],
            [
              -46.5472752,
              -23.8808394
            ],
            [
              -46.5472269,
              -23.8805696
            ],
            [
              -46.5471625,
              -23.8802459
            ],
            [
              -46.5470713,
              -23.8800791
            ],
            [
              -46.5468568,
              -23.8799516
            ],
            [
              -46.5464598,
              -23.8799467
            ],
            [
              -46.5462452,
              -23.8799369
            ],
            [
              -46.5461379,
              -23.8798241
            ],
            [
              -46.5461272,
              -23.8796769
            ],
            [
              -46.5462613,
              -23.879569
            ],
            [
              -46.5464759,
              -23.8794414
            ],
            [
              -46.5465802,
              -23.8793054
            ],
            [
              -46.5465939,
              -23.8790441
            ],
            [
              -46.5463418,
              -23.8786811
            ],
            [
              -46.5462291,
              -23.8785806
            ],
            [
              -46.5461701,
              -23.8783672
            ],
            [
              -46.5462023,
              -23.8781906
            ],
            [
              -46.5462935,
              -23.8780091
            ],
            [
              -46.546728,
              -23.877862
            ],
            [
              -46.5469694,
              -23.8775186
            ],
            [
              -46.5472376,
              -23.8774401
            ],
            [
              -46.5476614,
              -23.8775382
            ],
            [
              -46.5480369,
              -23.8775039
            ],
            [
              -46.5485439,
              -23.8770575
            ],
            [
              -46.5487558,
              -23.8769005
            ],
            [
              -46.5489623,
              -23.8766528
            ],
            [
              -46.5491259,
              -23.876383
            ],
            [
              -46.5492386,
              -23.8761917
            ],
            [
              -46.5493083,
              -23.8759391
            ],
            [
              -46.5492332,
              -23.8757183
            ],
            [
              -46.5490079,
              -23.8755368
            ],
            [
              -46.548745,
              -23.875375
            ],
            [
              -46.5484145,
              -23.8753767
            ],
            [
              -46.5481977,
              -23.8753656
            ],
            [
              -46.5480013,
              -23.8753097
            ],
            [
              -46.5478415,
              -23.8751175
            ],
            [
              -46.5476878,
              -23.8749689
            ],
            [
              -46.5475402,
              -23.8748321
            ],
            [
              -46.5475178,
              -23.8746919
            ],
            [
              -46.5475531,
              -23.8745677
            ],
            [
              -46.5476258,
              -23.8745043
            ],
            [
              -46.5478018,
              -23.8745179
            ],
            [
              -46.5480522,
              -23.8744893
            ],
            [
              -46.5483815,
              -23.87442
            ],
            [
              -46.5484265,
              -23.8743936
            ],
            [
              -46.5484802,
              -23.8743465
            ],
            [
              -46.5484434,
              -23.8743004
            ],
            [
              -46.5483294,
              -23.8742903
            ],
            [
              -46.5481822,
              -23.8742374
            ],
            [
              -46.5479871,
              -23.8741592
            ],
            [
              -46.5477735,
              -23.8740754
            ],
            [
              -46.5476031,
              -23.8739863
            ],
            [
              -46.5474935,
              -23.8738609
            ],
            [
              -46.5474518,
              -23.8737443
            ],
            [
              -46.5474983,
              -23.8736187
            ],
            [
              -46.547707,
              -23.8734422
            ],
            [
              -46.5479967,
              -23.8732902
            ],
            [
              -46.5483561,
              -23.8732117
            ],
            [
              -46.5486082,
              -23.8732411
            ],
            [
              -46.548906,
              -23.8733785
            ],
            [
              -46.5491179,
              -23.8735477
            ],
            [
              -46.5493055,
              -23.873669
            ],
            [
              -46.5495075,
              -23.8736208
            ],
            [
              -46.5497112,
              -23.8735842
            ],
            [
              -46.5498501,
              -23.8735135
            ],
            [
              -46.5499686,
              -23.8734072
            ],
            [
              -46.5501124,
              -23.8732853
            ],
            [
              -46.5501911,
              -23.8731816
            ],
            [
              -46.5500225,
              -23.8731564
            ],
            [
              -46.5498143,
              -23.8731574
            ],
            [
              -46.5495581,
              -23.8730672
            ],
            [
              -46.5493618,
              -23.8729357
            ],
            [
              -46.5492322,
              -23.8728236
            ],
            [
              -46.5490012,
              -23.872621
            ],
            [
              -46.5489365,
              -23.8724775
            ],
            [
              -46.5488747,
              -23.872256
            ],
            [
              -46.5489382,
              -23.8721006
            ],
            [
              -46.5490454,
              -23.872031
            ],
            [
              -46.5492474,
              -23.8720527
            ],
            [
              -46.5492988,
              -23.8720281
            ],
            [
              -46.5492653,
              -23.8719741
            ],
            [
              -46.5491201,
              -23.8719172
            ],
            [
              -46.5490012,
              -23.8718308
            ],
            [
              -46.5489194,
              -23.871762
            ],
            [
              -46.5488189,
              -23.8717294
            ],
            [
              -46.5486668,
              -23.8716574
            ],
            [
              -46.5486325,
              -23.8715164
            ],
            [
              -46.5486536,
              -23.8713105
            ],
            [
              -46.5487995,
              -23.8712384
            ],
            [
              -46.5488951,
              -23.8711693
            ],
            [
              -46.5491259,
              -23.8710533
            ],
            [
              -46.5493794,
              -23.8710532
            ],
            [
              -46.5498192,
              -23.8711366
            ],
            [
              -46.5501103,
              -23.8711758
            ],
            [
              -46.5496664,
              -23.8708558
            ],
            [
              -46.5496248,
              -23.8707577
            ],
            [
              -46.5496355,
              -23.8706301
            ],
            [
              -46.549653,
              -23.8705406
            ],
            [
              -46.5496462,
              -23.8704611
            ],
            [
              -46.5497241,
              -23.8704
            ],
            [
              -46.5497991,
              -23.8703562
            ],
            [
              -46.54992,
              -23.8703553
            ],
            [
              -46.5499856,
              -23.8703448
            ],
            [
              -46.5499649,
              -23.8702993
            ],
            [
              -46.5498729,
              -23.8701506
            ],
            [
              -46.5498334,
              -23.8699836
            ],
            [
              -46.5498738,
              -23.8697997
            ],
            [
              -46.5499931,
              -23.8696679
            ],
            [
              -46.5501048,
              -23.8695999
            ],
            [
              -46.550157,
              -23.8695223
            ],
            [
              -46.5503166,
              -23.8694363
            ],
            [
              -46.5504628,
              -23.8694164
            ],
            [
              -46.550666,
              -23.8694078
            ],
            [
              -46.5508036,
              -23.8694822
            ],
            [
              -46.5509149,
              -23.8695951
            ],
            [
              -46.5510517,
              -23.8697974
            ],
            [
              -46.5513119,
              -23.8705259
            ],
            [
              -46.5513971,
              -23.8711581
            ],
            [
              -46.5515399,
              -23.8716959
            ],
            [
              -46.5515549,
              -23.8718065
            ],
            [
              -46.5515126,
              -23.8718729
            ],
            [
              -46.5515209,
              -23.8719538
            ],
            [
              -46.5515529,
              -23.8720162
            ],
            [
              -46.5516008,
              -23.872085
            ],
            [
              -46.5516593,
              -23.872168
            ],
            [
              -46.5517022,
              -23.8723385
            ],
            [
              -46.5516807,
              -23.8725568
            ],
            [
              -46.5516458,
              -23.8727923
            ],
            [
              -46.5514836,
              -23.8733539
            ],
            [
              -46.5513951,
              -23.8736335
            ],
            [
              -46.5513843,
              -23.8737905
            ],
            [
              -46.5514246,
              -23.8739941
            ],
            [
              -46.551446,
              -23.8741879
            ],
            [
              -46.5514031,
              -23.8743681
            ],
            [
              -46.5513587,
              -23.8744772
            ],
            [
              -46.5512824,
              -23.8745607
            ],
            [
              -46.5512422,
              -23.8746808
            ],
            [
              -46.5512475,
              -23.874801
            ],
            [
              -46.5512529,
              -23.8749457
            ],
            [
              -46.5513656,
              -23.8750071
            ],
            [
              -46.5515357,
              -23.8750202
            ],
            [
              -46.5516215,
              -23.8750129
            ],
            [
              -46.5517556,
              -23.8750511
            ],
            [
              -46.5518388,
              -23.8751222
            ],
            [
              -46.5518602,
              -23.8751968
            ],
            [
              -46.5518522,
              -23.8753121
            ],
            [
              -46.5518376,
              -23.8754927
            ],
            [
              -46.5518859,
              -23.8756668
            ],
            [
              -46.5521702,
              -23.8760274
            ],
            [
              -46.5525001,
              -23.8763339
            ],
            [
              -46.5528622,
              -23.8767068
            ],
            [
              -46.553117,
              -23.8770232
            ],
            [
              -46.5535864,
              -23.8774327
            ],
            [
              -46.5538251,
              -23.8775505
            ],
            [
              -46.5539619,
              -23.8775701
            ],
            [
              -46.5539726,
              -23.8774597
            ],
            [
              -46.5538251,
              -23.8771679
            ],
            [
              -46.5537635,
              -23.8768417
            ],
            [
              -46.5537648,
              -23.8765927
            ],
            [
              -46.5535911,
              -23.8762843
            ],
            [
              -46.5533933,
              -23.8761402
            ],
            [
              -46.5533142,
              -23.8758876
            ],
            [
              -46.5532753,
              -23.8756423
            ],
            [
              -46.5533477,
              -23.8754951
            ],
            [
              -46.5532901,
              -23.8753468
            ],
            [
              -46.5532579,
              -23.875207
            ],
            [
              -46.5532806,
              -23.8751297
            ],
            [
              -46.5532566,
              -23.8750549
            ],
            [
              -46.553105,
              -23.8749973
            ],
            [
              -46.5530084,
              -23.8748752
            ],
            [
              -46.5528984,
              -23.8747624
            ],
            [
              -46.5528629,
              -23.8746747
            ],
            [
              -46.5528294,
              -23.8745938
            ],
            [
              -46.5528039,
              -23.8744497
            ],
            [
              -46.5527891,
              -23.87437
            ],
            [
              -46.5528059,
              -23.8742289
            ],
            [
              -46.5528312,
              -23.8741044
            ],
            [
              -46.5529251,
              -23.87387
            ],
            [
              -46.5530196,
              -23.873739
            ],
            [
              -46.5530404,
              -23.8735744
            ],
            [
              -46.5529412,
              -23.8734358
            ],
            [
              -46.5528205,
              -23.8733588
            ],
            [
              -46.552724,
              -23.8732984
            ],
            [
              -46.5525787,
              -23.8732295
            ],
            [
              -46.5524579,
              -23.8730602
            ],
            [
              -46.5524425,
              -23.8729347
            ],
            [
              -46.5524572,
              -23.8727886
            ],
            [
              -46.5525229,
              -23.8724403
            ],
            [
              -46.5527308,
              -23.8721227
            ],
            [
              -46.5527898,
              -23.8719951
            ],
            [
              -46.552712,
              -23.8716064
            ],
            [
              -46.5526946,
              -23.8714285
            ],
            [
              -46.5526859,
              -23.8707896
            ],
            [
              -46.5527053,
              -23.8706872
            ],
            [
              -46.5527952,
              -23.8705382
            ],
            [
              -46.5528095,
              -23.8704003
            ],
            [
              -46.5527509,
              -23.8702573
            ],
            [
              -46.5525967,
              -23.870169
            ],
            [
              -46.5525229,
              -23.8700304
            ],
            [
              -46.5525028,
              -23.8699066
            ],
            [
              -46.5525377,
              -23.8697668
            ],
            [
              -46.5526673,
              -23.8696069
            ],
            [
              -46.5527048,
              -23.8694735
            ],
            [
              -46.552653,
              -23.8692848
            ],
            [
              -46.5527496,
              -23.8689757
            ],
            [
              -46.5527992,
              -23.8687063
            ],
            [
              -46.5528829,
              -23.8685292
            ],
            [
              -46.5531465,
              -23.868262
            ],
            [
              -46.5533555,
              -23.8681465
            ],
            [
              -46.5536613,
              -23.8680322
            ],
            [
              -46.5538037,
              -23.8681246
            ],
            [
              -46.5538813,
              -23.8682868
            ],
            [
              -46.5538895,
              -23.8688261
            ],
            [
              -46.5538469,
              -23.8694382
            ],
            [
              -46.5537366,
              -23.8699078
            ],
            [
              -46.5537259,
              -23.8701825
            ],
            [
              -46.553719,
              -23.8703894
            ],
            [
              -46.5536627,
              -23.8706435
            ],
            [
              -46.553573,
              -23.8709061
            ],
            [
              -46.5534765,
              -23.8712691
            ],
            [
              -46.553455,
              -23.8719338
            ],
            [
              -46.5535489,
              -23.8720589
            ],
            [
              -46.5537205,
              -23.8721276
            ],
            [
              -46.5538788,
              -23.8720883
            ],
            [
              -46.5541363,
              -23.871821
            ],
            [
              -46.554603,
              -23.871583
            ],
            [
              -46.5549421,
              -23.8714588
            ],
            [
              -46.555087,
              -23.8710763
            ],
            [
              -46.555254,
              -23.8708456
            ],
            [
              -46.5555096,
              -23.870651
            ],
            [
              -46.555828,
              -23.8705376
            ],
            [
              -46.5559077,
              -23.8704141
            ],
            [
              -46.5557628,
              -23.870261
            ],
            [
              -46.555323,
              -23.870153
            ],
            [
              -46.5549743,
              -23.8698834
            ],
            [
              -46.5549083,
              -23.8696676
            ],
            [
              -46.5549597,
              -23.8693829
            ],
            [
              -46.5550777,
              -23.8692823
            ],
            [
              -46.5551153,
              -23.8691867
            ],
            [
              -46.5550509,
              -23.8690518
            ],
            [
              -46.554949,
              -23.8689046
            ],
            [
              -46.5548739,
              -23.8685588
            ],
            [
              -46.5549476,
              -23.868229
            ],
            [
              -46.5551837,
              -23.8679508
            ],
            [
              -46.5554237,
              -23.8672956
            ],
            [
              -46.5554713,
              -23.8671988
            ],
            [
              -46.5555813,
              -23.867058
            ],
            [
              -46.5557346,
              -23.8669045
            ],
            [
              -46.5558929,
              -23.8668397
            ],
            [
              -46.5560661,
              -23.8668259
            ],
            [
              -46.5562593,
              -23.8669103
            ],
            [
              -46.5563842,
              -23.8670879
            ],
            [
              -46.5564674,
              -23.8672581
            ],
            [
              -46.5566878,
              -23.8673511
            ],
            [
              -46.556947,
              -23.8673894
            ],
            [
              -46.5571538,
              -23.8673986
            ],
            [
              -46.557367,
              -23.8672964
            ],
            [
              -46.5575167,
              -23.8673254
            ],
            [
              -46.5576454,
              -23.8674
            ],
            [
              -46.557823,
              -23.867626
            ],
            [
              -46.5579464,
              -23.8677428
            ],
            [
              -46.5579584,
              -23.8679922
            ],
            [
              -46.5579094,
              -23.8681701
            ],
            [
              -46.5579844,
              -23.8682986
            ],
            [
              -46.5581811,
              -23.8684974
            ],
            [
              -46.5583429,
              -23.8687323
            ],
            [
              -46.558418,
              -23.8690993
            ],
            [
              -46.5583418,
              -23.8694485
            ],
            [
              -46.5581594,
              -23.8696339
            ],
            [
              -46.5580252,
              -23.8697928
            ],
            [
              -46.5579152,
              -23.8699631
            ],
            [
              -46.5577925,
              -23.870173
            ],
            [
              -46.5576945,
              -23.8703411
            ],
            [
              -46.5575204,
              -23.870485
            ],
            [
              -46.5572763,
              -23.8705449
            ],
            [
              -46.5569821,
              -23.8704646
            ],
            [
              -46.5567821,
              -23.8705023
            ],
            [
              -46.5565985,
              -23.870597
            ],
            [
              -46.5564388,
              -23.8707245
            ],
            [
              -46.5563047,
              -23.8709389
            ],
            [
              -46.5562713,
              -23.8712446
            ],
            [
              -46.5563744,
              -23.8715756
            ],
            [
              -46.5566254,
              -23.8717008
            ],
            [
              -46.5568958,
              -23.871567
            ],
            [
              -46.5571886,
              -23.8714898
            ],
            [
              -46.5574957,
              -23.8715046
            ],
            [
              -46.5577677,
              -23.8716491
            ],
            [
              -46.5580124,
              -23.8719798
            ],
            [
              -46.5581879,
              -23.8722822
            ],
            [
              -46.5581596,
              -23.8724342
            ],
            [
              -46.5579879,
              -23.8725077
            ],
            [
              -46.5574727,
              -23.8725861
            ],
            [
              -46.5570082,
              -23.8726234
            ],
            [
              -46.556789,
              -23.8727726
            ],
            [
              -46.5566951,
              -23.8728879
            ],
            [
              -46.5565851,
              -23.87304
            ],
            [
              -46.5564698,
              -23.873376
            ],
            [
              -46.5565342,
              -23.8737218
            ],
            [
              -46.5565342,
              -23.873972
            ],
            [
              -46.5563585,
              -23.8741991
            ],
            [
              -46.5561828,
              -23.874286
            ],
            [
              -46.556137,
              -23.8744257
            ],
            [
              -46.5561008,
              -23.8749175
            ],
            [
              -46.556015,
              -23.8751196
            ],
            [
              -46.5560257,
              -23.8753403
            ],
            [
              -46.5561062,
              -23.8755562
            ],
            [
              -46.5561801,
              -23.8757429
            ],
            [
              -46.5565074,
              -23.8760617
            ],
            [
              -46.5569955,
              -23.8761941
            ],
            [
              -46.5571833,
              -23.8764002
            ],
            [
              -46.557312,
              -23.8767975
            ],
            [
              -46.5572342,
              -23.8771237
            ],
            [
              -46.5571216,
              -23.8772684
            ],
            [
              -46.556884,
              -23.8773554
            ],
            [
              -46.5567568,
              -23.8774622
            ],
            [
              -46.5567367,
              -23.8776171
            ],
            [
              -46.5567487,
              -23.8777847
            ],
            [
              -46.5567206,
              -23.8779539
            ],
            [
              -46.5567501,
              -23.8781183
            ],
            [
              -46.556793,
              -23.8782041
            ],
            [
              -46.5571281,
              -23.8784573
            ]
          ]
        ]
      },
      "id": "relation/4573222"
    },
    {
      "type": "Feature",
      "properties": {
        "@id": "relation/4573223",
        "admin_level": "10",
        "boundary": "administrative",
        "name": "Cooperativa",
        "place": "suburb",
        "population": "25688",
        "type": "boundary"
      },
      "geometry": {
        "type": "Polygon",
        "coordinates": [
          [
            [
              -46.5854175,
              -23.7239387
            ],
            [
              -46.5856509,
              -23.7234107
            ],
            [
              -46.5863295,
              -23.7234365
            ],
            [
              -46.5865454,
              -23.7236698
            ],
            [
              -46.586823,
              -23.7238613
            ],
            [
              -46.5869343,
              -23.7239031
            ],
            [
              -46.5870524,
              -23.7236465
            ],
            [
              -46.5871087,
              -23.7230424
            ],
            [
              -46.5873688,
              -23.7223511
            ],
            [
              -46.5873823,
              -23.722291
            ],
            [
              -46.5873792,
              -23.7221418
            ],
            [
              -46.5873953,
              -23.7220021
            ],
            [
              -46.5874572,
              -23.7217705
            ],
            [
              -46.587577,
              -23.7214777
            ],
            [
              -46.5877543,
              -23.7210152
            ],
            [
              -46.5878081,
              -23.7208782
            ],
            [
              -46.5879165,
              -23.7207198
            ],
            [
              -46.5885595,
              -23.719799
            ],
            [
              -46.5888554,
              -23.7194724
            ],
            [
              -46.5891849,
              -23.7191087
            ],
            [
              -46.5899992,
              -23.7184168
            ],
            [
              -46.5905237,
              -23.7181004
            ],
            [
              -46.5906381,
              -23.7180503
            ],
            [
              -46.5907558,
              -23.7180172
            ],
            [
              -46.5909939,
              -23.7179749
            ],
            [
              -46.591232,
              -23.7179082
            ],
            [
              -46.5913533,
              -23.7178517
            ],
            [
              -46.5914459,
              -23.7178013
            ],
            [
              -46.5915583,
              -23.7177084
            ],
            [
              -46.5916708,
              -23.7175893
            ],
            [
              -46.5917435,
              -23.7174803
            ],
            [
              -46.5917943,
              -23.7173632
            ],
            [
              -46.5918626,
              -23.7170968
            ],
            [
              -46.5919949,
              -23.7164347
            ],
            [
              -46.5920434,
              -23.7162267
            ],
            [
              -46.5923102,
              -23.7151831
            ],
            [
              -46.59233,
              -23.7151064
            ],
            [
              -46.5924292,
              -23.7145149
            ],
            [
              -46.5924359,
              -23.7143797
            ],
            [
              -46.592477,
              -23.7127222
            ],
            [
              -46.592656,
              -23.7120184
            ],
            [
              -46.5927886,
              -23.7116081
            ],
            [
              -46.5928415,
              -23.7114203
            ],
            [
              -46.5928504,
              -23.7113275
            ],
            [
              -46.5928702,
              -23.7112346
            ],
            [
              -46.5929275,
              -23.711065
            ],
            [
              -46.5929981,
              -23.7108733
            ],
            [
              -46.593234,
              -23.7102596
            ],
            [
              -46.5932759,
              -23.710086
            ],
            [
              -46.5933002,
              -23.7098518
            ],
            [
              -46.5932979,
              -23.709662
            ],
            [
              -46.5932847,
              -23.7093976
            ],
            [
              -46.5932715,
              -23.7091897
            ],
            [
              -46.5932649,
              -23.7090322
            ],
            [
              -46.5933222,
              -23.7089434
            ],
            [
              -46.5933642,
              -23.7088898
            ],
            [
              -46.5934911,
              -23.7090641
            ],
            [
              -46.5935947,
              -23.7091589
            ],
            [
              -46.5937818,
              -23.7091987
            ],
            [
              -46.5942027,
              -23.7092966
            ],
            [
              -46.5947372,
              -23.7094832
            ],
            [
              -46.594941,
              -23.7095872
            ],
            [
              -46.5950446,
              -23.7097156
            ],
            [
              -46.5951114,
              -23.7098227
            ],
            [
              -46.5952551,
              -23.7099359
            ],
            [
              -46.5956393,
              -23.7101653
            ],
            [
              -46.5959533,
              -23.7103396
            ],
            [
              -46.596107,
              -23.71041
            ],
            [
              -46.5962218,
              -23.7104566
            ],
            [
              -46.5964778,
              -23.7105935
            ],
            [
              -46.5965947,
              -23.7106486
            ],
            [
              -46.597029,
              -23.7108443
            ],
            [
              -46.5971192,
              -23.7109239
            ],
            [
              -46.5972295,
              -23.7110493
            ],
            [
              -46.5973804,
              -23.7113173
            ],
            [
              -46.5975794,
              -23.7116324
            ],
            [
              -46.5977807,
              -23.7118874
            ],
            [
              -46.5979344,
              -23.7121137
            ],
            [
              -46.598038,
              -23.7122239
            ],
            [
              -46.5983086,
              -23.7124104
            ],
            [
              -46.5986794,
              -23.712594
            ],
            [
              -46.5988564,
              -23.7126735
            ],
            [
              -46.5989604,
              -23.7127016
            ],
            [
              -46.5991891,
              -23.7128038
            ],
            [
              -46.5993314,
              -23.7129528
            ],
            [
              -46.5996707,
              -23.7134735
            ],
            [
              -46.5998548,
              -23.714012
            ],
            [
              -46.5999217,
              -23.7141588
            ],
            [
              -46.6001328,
              -23.714565
            ],
            [
              -46.6001863,
              -23.7147901
            ],
            [
              -46.6003012,
              -23.7150617
            ],
            [
              -46.6004963,
              -23.7153602
            ],
            [
              -46.6005016,
              -23.7154875
            ],
            [
              -46.6003947,
              -23.715622
            ],
            [
              -46.600352,
              -23.7157297
            ],
            [
              -46.6003765,
              -23.7158529
            ],
            [
              -46.6004191,
              -23.7159737
            ],
            [
              -46.6004649,
              -23.7160982
            ],
            [
              -46.6005364,
              -23.7162289
            ],
            [
              -46.6006272,
              -23.7163219
            ],
            [
              -46.6007662,
              -23.7164418
            ],
            [
              -46.6009694,
              -23.7165672
            ],
            [
              -46.6011269,
              -23.7166529
            ],
            [
              -46.601259,
              -23.7167377
            ],
            [
              -46.6015633,
              -23.7169618
            ],
            [
              -46.6018136,
              -23.7172096
            ],
            [
              -46.6020049,
              -23.7173093
            ],
            [
              -46.6022287,
              -23.7174053
            ],
            [
              -46.6025298,
              -23.7174703
            ],
            [
              -46.6027037,
              -23.7175511
            ],
            [
              -46.6030974,
              -23.7178252
            ],
            [
              -46.6032776,
              -23.7178925
            ],
            [
              -46.6033273,
              -23.7178813
            ],
            [
              -46.6033792,
              -23.7178393
            ],
            [
              -46.6034975,
              -23.717675
            ],
            [
              -46.6035393,
              -23.7175938
            ],
            [
              -46.6035611,
              -23.7175767
            ],
            [
              -46.6036188,
              -23.7175609
            ],
            [
              -46.6036402,
              -23.7176392
            ],
            [
              -46.6036851,
              -23.7178467
            ],
            [
              -46.6037535,
              -23.7179739
            ],
            [
              -46.6038968,
              -23.7180189
            ],
            [
              -46.6040094,
              -23.71802
            ],
            [
              -46.6040756,
              -23.7180376
            ],
            [
              -46.6040927,
              -23.7180964
            ],
            [
              -46.6041462,
              -23.7181257
            ],
            [
              -46.604174,
              -23.7180494
            ],
            [
              -46.6041547,
              -23.7179241
            ],
            [
              -46.6041312,
              -23.7178615
            ],
            [
              -46.6041903,
              -23.7178165
            ],
            [
              -46.6042326,
              -23.7178281
            ],
            [
              -46.6043152,
              -23.7179206
            ],
            [
              -46.604407,
              -23.7179848
            ],
            [
              -46.6044626,
              -23.7180122
            ],
            [
              -46.6045375,
              -23.7180689
            ],
            [
              -46.6048945,
              -23.7183763
            ],
            [
              -46.6049523,
              -23.7184605
            ],
            [
              -46.6049523,
              -23.7185388
            ],
            [
              -46.6049972,
              -23.7186014
            ],
            [
              -46.6050827,
              -23.7189185
            ],
            [
              -46.6051019,
              -23.7191182
            ],
            [
              -46.6050613,
              -23.71931
            ],
            [
              -46.6051307,
              -23.7197713
            ],
            [
              -46.6052129,
              -23.7208243
            ],
            [
              -46.6053772,
              -23.7216642
            ],
            [
              -46.6058153,
              -23.7223661
            ],
            [
              -46.6061576,
              -23.7232311
            ],
            [
              -46.6060207,
              -23.7238077
            ],
            [
              -46.6061987,
              -23.7250738
            ],
            [
              -46.6063356,
              -23.7261643
            ],
            [
              -46.6061987,
              -23.7272925
            ],
            [
              -46.6058975,
              -23.7285961
            ],
            [
              -46.6053909,
              -23.7295237
            ],
            [
              -46.6047747,
              -23.729837
            ],
            [
              -46.6050486,
              -23.7304261
            ],
            [
              -46.6054782,
              -23.7310604
            ],
            [
              -46.6048003,
              -23.7322494
            ],
            [
              -46.603758,
              -23.7339657
            ],
            [
              -46.5993229,
              -23.7412542
            ],
            [
              -46.5990142,
              -23.7411487
            ],
            [
              -46.5987188,
              -23.74097
            ],
            [
              -46.5985963,
              -23.7408135
            ],
            [
              -46.5984997,
              -23.7405852
            ],
            [
              -46.5984345,
              -23.7401347
            ],
            [
              -46.5983514,
              -23.7397357
            ],
            [
              -46.5982308,
              -23.7394439
            ],
            [
              -46.5982201,
              -23.7394372
            ],
            [
              -46.5981787,
              -23.7394118
            ],
            [
              -46.5981151,
              -23.7393634
            ],
            [
              -46.5979626,
              -23.7393343
            ],
            [
              -46.5975971,
              -23.7394128
            ],
            [
              -46.5973715,
              -23.7394855
            ],
            [
              -46.5971618,
              -23.7395379
            ],
            [
              -46.5969203,
              -23.7395597
            ],
            [
              -46.596701,
              -23.7395452
            ],
            [
              -46.5963165,
              -23.7394797
            ],
            [
              -46.595913,
              -23.7394172
            ],
            [
              -46.5954983,
              -23.7393663
            ],
            [
              -46.5941336,
              -23.7392125
            ],
            [
              -46.5936842,
              -23.7392104
            ],
            [
              -46.5932595,
              -23.7392968
            ],
            [
              -46.5930753,
              -23.7393462
            ],
            [
              -46.5928371,
              -23.7393914
            ],
            [
              -46.5925967,
              -23.7393893
            ],
            [
              -46.5923193,
              -23.73935
            ],
            [
              -46.5920968,
              -23.739097
            ],
            [
              -46.5916587,
              -23.7383812
            ],
            [
              -46.5913441,
              -23.7377971
            ],
            [
              -46.5911891,
              -23.7373754
            ],
            [
              -46.5910745,
              -23.7369784
            ],
            [
              -46.5909836,
              -23.7367063
            ],
            [
              -46.5912569,
              -23.7363387
            ],
            [
              -46.5913987,
              -23.7361404
            ],
            [
              -46.5915005,
              -23.7359328
            ],
            [
              -46.5916031,
              -23.7355995
            ],
            [
              -46.5917425,
              -23.7351305
            ],
            [
              -46.5917649,
              -23.7348055
            ],
            [
              -46.5917537,
              -23.7344497
            ],
            [
              -46.5917588,
              -23.7343727
            ],
            [
              -46.5917694,
              -23.7342131
            ],
            [
              -46.591911,
              -23.7338367
            ],
            [
              -46.592084,
              -23.7334418
            ],
            [
              -46.5921694,
              -23.7330509
            ],
            [
              -46.5921918,
              -23.7326807
            ],
            [
              -46.5922581,
              -23.7325008
            ],
            [
              -46.5923244,
              -23.7323207
            ],
            [
              -46.5923963,
              -23.7321479
            ],
            [
              -46.5924368,
              -23.7320328
            ],
            [
              -46.5925626,
              -23.731572
            ],
            [
              -46.5923986,
              -23.7315267
            ],
            [
              -46.592075,
              -23.7316152
            ],
            [
              -46.5918818,
              -23.7317983
            ],
            [
              -46.5916099,
              -23.7322179
            ],
            [
              -46.5913335,
              -23.7326334
            ],
            [
              -46.5909268,
              -23.7332505
            ],
            [
              -46.5907538,
              -23.7335117
            ],
            [
              -46.5906729,
              -23.7337832
            ],
            [
              -46.5906841,
              -23.7341041
            ],
            [
              -46.5907291,
              -23.7344497
            ],
            [
              -46.590619,
              -23.73475
            ],
            [
              -46.5903673,
              -23.7351634
            ],
            [
              -46.5902145,
              -23.7354452
            ],
            [
              -46.5900258,
              -23.7357887
            ],
            [
              -46.5899269,
              -23.7359841
            ],
            [
              -46.5897112,
              -23.7358915
            ],
            [
              -46.5893764,
              -23.735836
            ],
            [
              -46.5882417,
              -23.7356715
            ],
            [
              -46.5872867,
              -23.7355275
            ],
            [
              -46.5870027,
              -23.7354802
            ],
            [
              -46.5866769,
              -23.7353609
            ],
            [
              -46.5862746,
              -23.735184
            ],
            [
              -46.5858972,
              -23.7349927
            ],
            [
              -46.5856185,
              -23.7348858
            ],
            [
              -46.5853826,
              -23.7348282
            ],
            [
              -46.5852429,
              -23.7348256
            ],
            [
              -46.5847431,
              -23.7344465
            ],
            [
              -46.5846068,
              -23.7343105
            ],
            [
              -46.5843907,
              -23.7339984
            ],
            [
              -46.5843134,
              -23.7337091
            ],
            [
              -46.5842655,
              -23.7335328
            ],
            [
              -46.5842353,
              -23.7333306
            ],
            [
              -46.5838833,
              -23.732809
            ],
            [
              -46.5835344,
              -23.7322568
            ],
            [
              -46.5834749,
              -23.731729
            ],
            [
              -46.5833381,
              -23.7314344
            ],
            [
              -46.5833536,
              -23.7311897
            ],
            [
              -46.583491,
              -23.7309948
            ],
            [
              -46.5835816,
              -23.7306028
            ],
            [
              -46.5839705,
              -23.7302419
            ],
            [
              -46.5844774,
              -23.7297238
            ],
            [
              -46.585089,
              -23.729078
            ],
            [
              -46.5852043,
              -23.7289405
            ],
            [
              -46.5854886,
              -23.7286999
            ],
            [
              -46.5856737,
              -23.7285059
            ],
            [
              -46.585781,
              -23.72828
            ],
            [
              -46.5858024,
              -23.7281597
            ],
            [
              -46.585789,
              -23.7273248
            ],
            [
              -46.5858266,
              -23.7271186
            ],
            [
              -46.5859929,
              -23.7265906
            ],
            [
              -46.5861324,
              -23.7264016
            ],
            [
              -46.586245,
              -23.7259694
            ],
            [
              -46.5860117,
              -23.7254144
            ],
            [
              -46.5859902,
              -23.7250559
            ],
            [
              -46.5859205,
              -23.7248497
            ],
            [
              -46.5856791,
              -23.724668
            ],
            [
              -46.585561,
              -23.7245697
            ],
            [
              -46.5854377,
              -23.7243254
            ],
            [
              -46.5854082,
              -23.7241609
            ],
            [
              -46.5854175,
              -23.7239387
            ]
          ]
        ]
      },
      "id": "relation/4573223"
    },
    {
      "type": "Feature",
      "properties": {
        "@id": "relation/4573224",
        "admin_level": "10",
        "boundary": "administrative",
        "name": "Curucutu",
        "place": "suburb",
        "type": "boundary"
      },
      "geometry": {
        "type": "Polygon",
        "coordinates": [
          [
            [
              -46.5915784,
              -23.8402354
            ],
            [
              -46.5916763,
              -23.8404084
            ],
            [
              -46.5917056,
              -23.8405206
            ],
            [
              -46.5917211,
              -23.8406078
            ],
            [
              -46.5917322,
              -23.8407918
            ],
            [
              -46.5917395,
              -23.8408474
            ],
            [
              -46.5917507,
              -23.840903
            ],
            [
              -46.5917773,
              -23.8409598
            ],
            [
              -46.5918193,
              -23.8410246
            ],
            [
              -46.591841,
              -23.841048
            ],
            [
              -46.5919824,
              -23.8411635
            ],
            [
              -46.5925951,
              -23.8416342
            ],
            [
              -46.5929028,
              -23.8418611
            ],
            [
              -46.5930527,
              -23.8419832
            ],
            [
              -46.5931193,
              -23.8420471
            ],
            [
              -46.5931814,
              -23.8421292
            ],
            [
              -46.5932376,
              -23.8421988
            ],
            [
              -46.5932674,
              -23.8422508
            ],
            [
              -46.5932962,
              -23.8423098
            ],
            [
              -46.5933692,
              -23.8424439
            ],
            [
              -46.5934034,
              -23.842499
            ],
            [
              -46.5934343,
              -23.8425294
            ],
            [
              -46.5939453,
              -23.8427649
            ],
            [
              -46.5950858,
              -23.8433794
            ],
            [
              -46.5972827,
              -23.8446118
            ],
            [
              -46.5976502,
              -23.8447567
            ],
            [
              -46.5980246,
              -23.8448261
            ],
            [
              -46.5981992,
              -23.8448482
            ],
            [
              -46.5983891,
              -23.8448539
            ],
            [
              -46.5987579,
              -23.8446144
            ],
            [
              -46.5991315,
              -23.8443326
            ],
            [
              -46.5994855,
              -23.8441662
            ],
            [
              -46.5998643,
              -23.8441054
            ],
            [
              -46.6000705,
              -23.8441018
            ],
            [
              -46.6003558,
              -23.8441465
            ],
            [
              -46.6005808,
              -23.8441815
            ],
            [
              -46.6007036,
              -23.8442041
            ],
            [
              -46.6007677,
              -23.8442253
            ],
            [
              -46.6008828,
              -23.8443182
            ],
            [
              -46.6010669,
              -23.8445159
            ],
            [
              -46.6011516,
              -23.8446337
            ],
            [
              -46.601192,
              -23.8446704
            ],
            [
              -46.6012379,
              -23.8447078
            ],
            [
              -46.6013006,
              -23.8447482
            ],
            [
              -46.6013955,
              -23.8447918
            ],
            [
              -46.6017309,
              -23.8449286
            ],
            [
              -46.6019397,
              -23.8450157
            ],
            [
              -46.6020407,
              -23.8450348
            ],
            [
              -46.6021131,
              -23.8450287
            ],
            [
              -46.6021739,
              -23.8450127
            ],
            [
              -46.6023406,
              -23.8449638
            ],
            [
              -46.6025259,
              -23.8448855
            ],
            [
              -46.6027214,
              -23.8447649
            ],
            [
              -46.6029344,
              -23.8446372
            ],
            [
              -46.6029973,
              -23.8446064
            ],
            [
              -46.6030487,
              -23.8445852
            ],
            [
              -46.6031768,
              -23.8445382
            ],
            [
              -46.6035396,
              -23.844423
            ],
            [
              -46.6037228,
              -23.8443525
            ],
            [
              -46.6039661,
              -23.8442635
            ],
            [
              -46.6042489,
              -23.8441193
            ],
            [
              -46.6045385,
              -23.8440091
            ],
            [
              -46.6048398,
              -23.843971
            ],
            [
              -46.6051549,
              -23.8440345
            ],
            [
              -46.6052708,
              -23.8440875
            ],
            [
              -46.6053763,
              -23.8440231
            ],
            [
              -46.6093898,
              -23.8277841
            ],
            [
              -46.6096662,
              -23.8277843
            ],
            [
              -46.6103529,
              -23.8275567
            ],
            [
              -46.6111082,
              -23.8269599
            ],
            [
              -46.6120695,
              -23.8263632
            ],
            [
              -46.6126188,
              -23.8261826
            ],
            [
              -46.612739,
              -23.826426
            ],
            [
              -46.6128591,
              -23.8272426
            ],
            [
              -46.613048,
              -23.8281377
            ],
            [
              -46.6129965,
              -23.8288443
            ],
            [
              -46.613211,
              -23.8283104
            ],
            [
              -46.613211,
              -23.8271013
            ],
            [
              -46.6131338,
              -23.8263475
            ],
            [
              -46.6137432,
              -23.8256095
            ],
            [
              -46.6142238,
              -23.8246908
            ],
            [
              -46.6143955,
              -23.8241569
            ],
            [
              -46.6148933,
              -23.8241334
            ],
            [
              -46.6156572,
              -23.824471
            ],
            [
              -46.6160091,
              -23.8250913
            ],
            [
              -46.6163353,
              -23.8258293
            ],
            [
              -46.6165584,
              -23.8266302
            ],
            [
              -46.616773,
              -23.8272897
            ],
            [
              -46.6168588,
              -23.8286088
            ],
            [
              -46.6173137,
              -23.8296608
            ],
            [
              -46.6175416,
              -23.8309004
            ],
            [
              -46.6175252,
              -23.8312653
            ],
            [
              -46.617644,
              -23.8313012
            ],
            [
              -46.6177257,
              -23.8305166
            ],
            [
              -46.6182579,
              -23.8296137
            ],
            [
              -46.6181206,
              -23.8288286
            ],
            [
              -46.6180261,
              -23.8280906
            ],
            [
              -46.617906,
              -23.827274
            ],
            [
              -46.6176485,
              -23.8266145
            ],
            [
              -46.6177343,
              -23.8260492
            ],
            [
              -46.617597,
              -23.8257979
            ],
            [
              -46.6175455,
              -23.825052
            ],
            [
              -46.6172365,
              -23.8240705
            ],
            [
              -46.6171593,
              -23.8235916
            ],
            [
              -46.6170477,
              -23.8226886
            ],
            [
              -46.6173052,
              -23.8216051
            ],
            [
              -46.617597,
              -23.8206707
            ],
            [
              -46.6182236,
              -23.8199012
            ],
            [
              -46.6188501,
              -23.8193359
            ],
            [
              -46.6193737,
              -23.8191788
            ],
            [
              -46.6199058,
              -23.8193359
            ],
            [
              -46.6203522,
              -23.8200269
            ],
            [
              -46.6204208,
              -23.8208199
            ],
            [
              -46.620335,
              -23.8219741
            ],
            [
              -46.6209444,
              -23.8228535
            ],
            [
              -46.6218284,
              -23.8236701
            ],
            [
              -46.6228241,
              -23.8242512
            ],
            [
              -46.6232103,
              -23.8245103
            ],
            [
              -46.6234249,
              -23.8254447
            ],
            [
              -46.6239399,
              -23.8261199
            ],
            [
              -46.6243175,
              -23.8267009
            ],
            [
              -46.624987,
              -23.8278316
            ],
            [
              -46.626326,
              -23.8281535
            ],
            [
              -46.6279965,
              -23.8283105
            ],
            [
              -46.6284221,
              -23.8284509
            ],
            [
              -46.6288879,
              -23.8286046
            ],
            [
              -46.62913,
              -23.8287465
            ],
            [
              -46.6293198,
              -23.828998
            ],
            [
              -46.6293659,
              -23.8292806
            ],
            [
              -46.6292399,
              -23.8294583
            ],
            [
              -46.629149,
              -23.8295865
            ],
            [
              -46.6290457,
              -23.8296993
            ],
            [
              -46.6288005,
              -23.8298789
            ],
            [
              -46.6285398,
              -23.8300784
            ],
            [
              -46.6282622,
              -23.8302096
            ],
            [
              -46.6279135,
              -23.830385
            ],
            [
              -46.6275764,
              -23.8304562
            ],
            [
              -46.6271129,
              -23.8304009
            ],
            [
              -46.6265835,
              -23.8303205
            ],
            [
              -46.6264185,
              -23.8303481
            ],
            [
              -46.6259741,
              -23.8304225
            ],
            [
              -46.625708,
              -23.8307209
            ],
            [
              -46.6251844,
              -23.8312155
            ],
            [
              -46.6249269,
              -23.8320085
            ],
            [
              -46.6252617,
              -23.8317729
            ],
            [
              -46.6259268,
              -23.8315806
            ],
            [
              -46.626635,
              -23.8315531
            ],
            [
              -46.6270727,
              -23.8314981
            ],
            [
              -46.627519,
              -23.8317258
            ],
            [
              -46.6278366,
              -23.831506
            ],
            [
              -46.6287206,
              -23.831349
            ],
            [
              -46.6294674,
              -23.8314432
            ],
            [
              -46.6297764,
              -23.8321027
            ],
            [
              -46.6297592,
              -23.832511
            ],
            [
              -46.629227,
              -23.8330134
            ],
            [
              -46.6290211,
              -23.8332568
            ],
            [
              -46.6290125,
              -23.8339556
            ],
            [
              -46.6291326,
              -23.8347878
            ],
            [
              -46.6291923,
              -23.835213
            ],
            [
              -46.6290121,
              -23.8355271
            ],
            [
              -46.628952,
              -23.8358804
            ],
            [
              -46.629158,
              -23.836218
            ],
            [
              -46.6293897,
              -23.8364849
            ],
            [
              -46.6293468,
              -23.8370266
            ],
            [
              -46.6290207,
              -23.8376861
            ],
            [
              -46.6284971,
              -23.8377646
            ],
            [
              -46.6278877,
              -23.837482
            ],
            [
              -46.6275959,
              -23.8373721
            ],
            [
              -46.6274242,
              -23.8375605
            ],
            [
              -46.627716,
              -23.8377646
            ],
            [
              -46.628128,
              -23.8382435
            ],
            [
              -46.6284113,
              -23.8382906
            ],
            [
              -46.6285743,
              -23.8385026
            ],
            [
              -46.6286773,
              -23.8391306
            ],
            [
              -46.6282997,
              -23.839688
            ],
            [
              -46.6278534,
              -23.8403554
            ],
            [
              -46.6274328,
              -23.8407086
            ],
            [
              -46.6265573,
              -23.8410776
            ],
            [
              -46.6262569,
              -23.8409599
            ],
            [
              -46.6258707,
              -23.8409991
            ],
            [
              -46.6253814,
              -23.8411326
            ],
            [
              -46.6251239,
              -23.8408735
            ],
            [
              -46.6248493,
              -23.8409834
            ],
            [
              -46.6243515,
              -23.8409913
            ],
            [
              -46.6238107,
              -23.8410384
            ],
            [
              -46.6242914,
              -23.8411561
            ],
            [
              -46.6250982,
              -23.8415094
            ],
            [
              -46.6255531,
              -23.8414466
            ],
            [
              -46.6260595,
              -23.841635
            ],
            [
              -46.6267118,
              -23.841949
            ],
            [
              -46.6272453,
              -23.8427538
            ],
            [
              -46.627233,
              -23.8432084
            ],
            [
              -46.6275015,
              -23.8423651
            ],
            [
              -46.6280765,
              -23.8419176
            ],
            [
              -46.6286859,
              -23.8417606
            ],
            [
              -46.6292696,
              -23.8415251
            ],
            [
              -46.6298275,
              -23.8416036
            ],
            [
              -46.630351,
              -23.8419412
            ],
            [
              -46.6308059,
              -23.8424907
            ],
            [
              -46.6309433,
              -23.8430481
            ],
            [
              -46.6309089,
              -23.8437076
            ],
            [
              -46.6307373,
              -23.8443356
            ],
            [
              -46.6308231,
              -23.8446261
            ],
            [
              -46.6312437,
              -23.8445554
            ],
            [
              -46.6315355,
              -23.8447124
            ],
            [
              -46.6316213,
              -23.8451599
            ],
            [
              -46.6314583,
              -23.8456609
            ],
            [
              -46.6305977,
              -23.846542
            ],
            [
              -46.6305464,
              -23.846779
            ],
            [
              -46.6309519,
              -23.8472938
            ],
            [
              -46.6311579,
              -23.8478669
            ],
            [
              -46.6312609,
              -23.8484871
            ],
            [
              -46.6314927,
              -23.8489502
            ],
            [
              -46.6314927,
              -23.8491229
            ],
            [
              -46.6312009,
              -23.8491151
            ],
            [
              -46.6308318,
              -23.8486912
            ],
            [
              -46.630291,
              -23.8484321
            ],
            [
              -46.6293383,
              -23.84844
            ],
            [
              -46.6287976,
              -23.8483693
            ],
            [
              -46.6294585,
              -23.8486755
            ],
            [
              -46.6305056,
              -23.8492721
            ],
            [
              -46.6306859,
              -23.8499393
            ],
            [
              -46.6304864,
              -23.8502759
            ],
            [
              -46.6305404,
              -23.8503781
            ],
            [
              -46.6304689,
              -23.8505676
            ],
            [
              -46.6299077,
              -23.8507044
            ],
            [
              -46.6295615,
              -23.8504025
            ],
            [
              -46.629054,
              -23.8502916
            ],
            [
              -46.6285804,
              -23.850089
            ],
            [
              -46.6283859,
              -23.8501587
            ],
            [
              -46.6289693,
              -23.8505516
            ],
            [
              -46.6292868,
              -23.850952
            ],
            [
              -46.6292253,
              -23.8512394
            ],
            [
              -46.6288148,
              -23.851478
            ],
            [
              -46.6288748,
              -23.8516507
            ],
            [
              -46.6292611,
              -23.8516507
            ],
            [
              -46.6293297,
              -23.8519961
            ],
            [
              -46.6296629,
              -23.8523975
            ],
            [
              -46.6294156,
              -23.8529616
            ],
            [
              -46.628789,
              -23.8531108
            ],
            [
              -46.6280852,
              -23.8532207
            ],
            [
              -46.6274071,
              -23.8530166
            ],
            [
              -46.6269351,
              -23.8530166
            ],
            [
              -46.6265832,
              -23.8527811
            ],
            [
              -46.6262055,
              -23.8524906
            ],
            [
              -46.6263257,
              -23.8521531
            ],
            [
              -46.6260682,
              -23.8522787
            ],
            [
              -46.6257249,
              -23.8521766
            ],
            [
              -46.6252013,
              -23.8519725
            ],
            [
              -46.6247807,
              -23.8516899
            ],
            [
              -46.6245404,
              -23.8513131
            ],
            [
              -46.6245232,
              -23.8506223
            ],
            [
              -46.6241456,
              -23.850269
            ],
            [
              -46.6242314,
              -23.8506301
            ],
            [
              -46.6240683,
              -23.8509206
            ],
            [
              -46.6230212,
              -23.8511247
            ],
            [
              -46.6223345,
              -23.850638
            ],
            [
              -46.6221457,
              -23.8506851
            ],
            [
              -46.6215192,
              -23.8505438
            ],
            [
              -46.6213217,
              -23.8501905
            ],
            [
              -46.6207209,
              -23.8500885
            ],
            [
              -46.6202317,
              -23.8501199
            ],
            [
              -46.6192275,
              -23.8495939
            ],
            [
              -46.6184931,
              -23.8494295
            ],
            [
              -46.6181219,
              -23.849706
            ],
            [
              -46.6181803,
              -23.8498844
            ],
            [
              -46.6188498,
              -23.85001
            ],
            [
              -46.6197253,
              -23.8504182
            ],
            [
              -46.6206577,
              -23.8507766
            ],
            [
              -46.6209387,
              -23.8513053
            ],
            [
              -46.6207913,
              -23.8517795
            ],
            [
              -46.6211844,
              -23.8514309
            ],
            [
              -46.6217766,
              -23.8513681
            ],
            [
              -46.6225577,
              -23.8516114
            ],
            [
              -46.6229783,
              -23.8517998
            ],
            [
              -46.6235791,
              -23.851949
            ],
            [
              -46.6236563,
              -23.8521923
            ],
            [
              -46.624446,
              -23.8527261
            ],
            [
              -46.6249524,
              -23.8529224
            ],
            [
              -46.6249867,
              -23.8532364
            ],
            [
              -46.6252356,
              -23.8534483
            ],
            [
              -46.6255103,
              -23.853464
            ],
            [
              -46.6257506,
              -23.8537073
            ],
            [
              -46.6256819,
              -23.8539585
            ],
            [
              -46.62527,
              -23.8542725
            ],
            [
              -46.6248802,
              -23.8544159
            ],
            [
              -46.6246863,
              -23.85472
            ],
            [
              -46.6242915,
              -23.8548848
            ],
            [
              -46.6237507,
              -23.8548769
            ],
            [
              -46.6233129,
              -23.8548062
            ],
            [
              -46.6228307,
              -23.8551961
            ],
            [
              -46.6226495,
              -23.8551978
            ],
            [
              -46.6224632,
              -23.8549318
            ],
            [
              -46.6221799,
              -23.8551202
            ],
            [
              -46.621459,
              -23.8551438
            ],
            [
              -46.6210985,
              -23.8553243
            ],
            [
              -46.6219825,
              -23.8553793
            ],
            [
              -46.6224902,
              -23.8555874
            ],
            [
              -46.6226808,
              -23.8558333
            ],
            [
              -46.6226479,
              -23.8560986
            ],
            [
              -46.6224443,
              -23.8561723
            ],
            [
              -46.6223297,
              -23.8564035
            ],
            [
              -46.6219589,
              -23.8565776
            ],
            [
              -46.6219621,
              -23.8567515
            ],
            [
              -46.6220519,
              -23.8568138
            ],
            [
              -46.6221135,
              -23.8569751
            ],
            [
              -46.6220255,
              -23.8570716
            ],
            [
              -46.6214933,
              -23.8572475
            ],
            [
              -46.621047,
              -23.8572868
            ],
            [
              -46.6209194,
              -23.8578067
            ],
            [
              -46.6204977,
              -23.8579304
            ],
            [
              -46.6204452,
              -23.85845
            ],
            [
              -46.6195278,
              -23.8589195
            ],
            [
              -46.6188498,
              -23.8590344
            ],
            [
              -46.6181202,
              -23.8587703
            ],
            [
              -46.6178729,
              -23.8585846
            ],
            [
              -46.6174593,
              -23.8577891
            ],
            [
              -46.6172533,
              -23.8577342
            ],
            [
              -46.6169736,
              -23.8577894
            ],
            [
              -46.6159744,
              -23.8576243
            ],
            [
              -46.6163126,
              -23.8577458
            ],
            [
              -46.6169015,
              -23.8580831
            ],
            [
              -46.617115,
              -23.8584054
            ],
            [
              -46.6171342,
              -23.8586664
            ],
            [
              -46.6166163,
              -23.8596107
            ],
            [
              -46.6150711,
              -23.8604002
            ],
            [
              -46.6135704,
              -23.860372
            ],
            [
              -46.6126595,
              -23.8602084
            ],
            [
              -46.6119146,
              -23.8596024
            ],
            [
              -46.6115112,
              -23.8590215
            ],
            [
              -46.6107473,
              -23.8594219
            ],
            [
              -46.6113395,
              -23.8601519
            ],
            [
              -46.6121893,
              -23.8608583
            ],
            [
              -46.6128985,
              -23.8613468
            ],
            [
              -46.6129667,
              -23.8618595
            ],
            [
              -46.6126275,
              -23.8624539
            ],
            [
              -46.6115838,
              -23.8631725
            ],
            [
              -46.6114371,
              -23.8633779
            ],
            [
              -46.610552,
              -23.863772
            ],
            [
              -46.6091787,
              -23.8638516
            ],
            [
              -46.6090994,
              -23.8641786
            ],
            [
              -46.6083355,
              -23.8645946
            ],
            [
              -46.6075424,
              -23.8646266
            ],
            [
              -46.6067755,
              -23.8639633
            ],
            [
              -46.6061983,
              -23.8630483
            ],
            [
              -46.6060009,
              -23.8633387
            ],
            [
              -46.606224,
              -23.8635271
            ],
            [
              -46.6062927,
              -23.8639039
            ],
            [
              -46.6066409,
              -23.8644264
            ],
            [
              -46.6068849,
              -23.8651048
            ],
            [
              -46.6067733,
              -23.8655915
            ],
            [
              -46.6063439,
              -23.8660933
            ],
            [
              -46.6057784,
              -23.8662183
            ],
            [
              -46.6054086,
              -23.8665805
            ],
            [
              -46.6050052,
              -23.8666461
            ],
            [
              -46.6046533,
              -23.8670828
            ],
            [
              -46.6037521,
              -23.8671534
            ],
            [
              -46.6036234,
              -23.8675067
            ],
            [
              -46.6046104,
              -23.8675851
            ],
            [
              -46.6051769,
              -23.8679384
            ],
            [
              -46.6050825,
              -23.8689352
            ],
            [
              -46.6054258,
              -23.8694768
            ],
            [
              -46.6061725,
              -23.8688645
            ],
            [
              -46.6069264,
              -23.8683754
            ],
            [
              -46.6072134,
              -23.8679664
            ],
            [
              -46.6076567,
              -23.8667745
            ],
            [
              -46.6079275,
              -23.8665854
            ],
            [
              -46.608573,
              -23.8661973
            ],
            [
              -46.6104297,
              -23.8654031
            ],
            [
              -46.6114511,
              -23.8648222
            ],
            [
              -46.6122493,
              -23.8645475
            ],
            [
              -46.613039,
              -23.8643827
            ],
            [
              -46.6138887,
              -23.8643356
            ],
            [
              -46.6144209,
              -23.8641551
            ],
            [
              -46.6149444,
              -23.8642885
            ],
            [
              -46.6154438,
              -23.865224
            ],
            [
              -46.6153366,
              -23.865786
            ],
            [
              -46.6155044,
              -23.8658543
            ],
            [
              -46.615608,
              -23.8666779
            ],
            [
              -46.6157187,
              -23.8668063
            ],
            [
              -46.6157267,
              -23.8675659
            ],
            [
              -46.6153686,
              -23.8679319
            ],
            [
              -46.6156013,
              -23.8684456
            ],
            [
              -46.6156432,
              -23.8690407
            ],
            [
              -46.6157236,
              -23.8692843
            ],
            [
              -46.6154102,
              -23.8696004
            ],
            [
              -46.6155176,
              -23.8700863
            ],
            [
              -46.6152393,
              -23.8708946
            ],
            [
              -46.6143779,
              -23.8712506
            ],
            [
              -46.6148586,
              -23.8712271
            ],
            [
              -46.6152488,
              -23.8713344
            ],
            [
              -46.6157095,
              -23.8714468
            ],
            [
              -46.6161849,
              -23.8715121
            ],
            [
              -46.6163072,
              -23.8740844
            ],
            [
              -46.6161513,
              -23.8758097
            ],
            [
              -46.6162499,
              -23.8768514
            ],
            [
              -46.6163845,
              -23.8772837
            ],
            [
              -46.6166606,
              -23.8782332
            ],
            [
              -46.616564,
              -23.8784332
            ],
            [
              -46.6166027,
              -23.8798047
            ],
            [
              -46.6165892,
              -23.8801867
            ],
            [
              -46.6166221,
              -23.8813114
            ],
            [
              -46.6166431,
              -23.8820256
            ],
            [
              -46.6167983,
              -23.8825728
            ],
            [
              -46.6169035,
              -23.8829434
            ],
            [
              -46.6171902,
              -23.8839542
            ],
            [
              -46.6173408,
              -23.8844846
            ],
            [
              -46.6176097,
              -23.8860009
            ],
            [
              -46.6170109,
              -23.8901679
            ],
            [
              -46.6167572,
              -23.8904695
            ],
            [
              -46.6164591,
              -23.8911137
            ],
            [
              -46.6161991,
              -23.8916757
            ],
            [
              -46.6162546,
              -23.8920016
            ],
            [
              -46.6163133,
              -23.8924644
            ],
            [
              -46.61592,
              -23.8933111
            ],
            [
              -46.6156536,
              -23.8944129
            ],
            [
              -46.6151843,
              -23.8948768
            ],
            [
              -46.6150714,
              -23.8953514
            ],
            [
              -46.614994,
              -23.8956771
            ],
            [
              -46.6155014,
              -23.8966165
            ],
            [
              -46.615197,
              -23.8972892
            ],
            [
              -46.6151804,
              -23.8983333
            ],
            [
              -46.6151589,
              -23.8996899
            ],
            [
              -46.6145964,
              -23.9000956
            ],
            [
              -46.6139834,
              -23.9005378
            ],
            [
              -46.6137762,
              -23.9006873
            ],
            [
              -46.613888,
              -23.9009493
            ],
            [
              -46.6139792,
              -23.9011628
            ],
            [
              -46.6139735,
              -23.9014909
            ],
            [
              -46.6139665,
              -23.901905
            ],
            [
              -46.6135701,
              -23.9018933
            ],
            [
              -46.61318,
              -23.9018818
            ],
            [
              -46.6121037,
              -23.9026335
            ],
            [
              -46.6109066,
              -23.9033484
            ],
            [
              -46.6098672,
              -23.903872
            ],
            [
              -46.6094158,
              -23.9040679
            ],
            [
              -46.6092127,
              -23.904063
            ],
            [
              -46.6089016,
              -23.9040927
            ],
            [
              -46.6086011,
              -23.90422
            ],
            [
              -46.6084601,
              -23.9043752
            ],
            [
              -46.6084587,
              -23.9045862
            ],
            [
              -46.6096438,
              -23.9053151
            ],
            [
              -46.6099035,
              -23.9055328
            ],
            [
              -46.6104918,
              -23.9063954
            ],
            [
              -46.6110743,
              -23.9072745
            ],
            [
              -46.6122108,
              -23.9076467
            ],
            [
              -46.6121351,
              -23.9076242
            ],
            [
              -46.6124665,
              -23.9080891
            ],
            [
              -46.6125162,
              -23.9083007
            ],
            [
              -46.6124262,
              -23.9087476
            ],
            [
              -46.6121828,
              -23.9092504
            ],
            [
              -46.6119622,
              -23.9094927
            ],
            [
              -46.6115314,
              -23.9097597
            ],
            [
              -46.6113625,
              -23.910103
            ],
            [
              -46.6112918,
              -23.9103913
            ],
            [
              -46.6116197,
              -23.9107999
            ],
            [
              -46.6117339,
              -23.9114377
            ],
            [
              -46.6114426,
              -23.9118279
            ],
            [
              -46.6112852,
              -23.9120659
            ],
            [
              -46.6115056,
              -23.9128293
            ],
            [
              -46.6116726,
              -23.9135123
            ],
            [
              -46.6117466,
              -23.9138149
            ],
            [
              -46.6115943,
              -23.9141165
            ],
            [
              -46.6113643,
              -23.9141865
            ],
            [
              -46.6112532,
              -23.914182
            ],
            [
              -46.610643,
              -23.9139541
            ],
            [
              -46.6097296,
              -23.9140237
            ],
            [
              -46.6092729,
              -23.914418
            ],
            [
              -46.6086015,
              -23.9144273
            ],
            [
              -46.6084357,
              -23.9144296
            ],
            [
              -46.6083098,
              -23.915273
            ],
            [
              -46.6083759,
              -23.9154652
            ],
            [
              -46.6089453,
              -23.9159563
            ],
            [
              -46.6091334,
              -23.9161806
            ],
            [
              -46.6098184,
              -23.9183026
            ],
            [
              -46.6097677,
              -23.9188129
            ],
            [
              -46.6095393,
              -23.9191839
            ],
            [
              -46.6092242,
              -23.9195399
            ],
            [
              -46.6087309,
              -23.9200972
            ],
            [
              -46.6087507,
              -23.9207171
            ],
            [
              -46.6087655,
              -23.9211784
            ],
            [
              -46.608772,
              -23.9219707
            ],
            [
              -46.6087782,
              -23.9227206
            ],
            [
              -46.6093362,
              -23.923312
            ],
            [
              -46.6104018,
              -23.9241932
            ],
            [
              -46.6105667,
              -23.9245527
            ],
            [
              -46.6104144,
              -23.924831
            ],
            [
              -46.6098795,
              -23.9250529
            ],
            [
              -46.5945787,
              -23.9021523
            ],
            [
              -46.604929,
              -23.8963437
            ],
            [
              -46.5961728,
              -23.8838806
            ],
            [
              -46.5879019,
              -23.8771205
            ],
            [
              -46.5821261,
              -23.875198
            ],
            [
              -46.5823109,
              -23.8658598
            ],
            [
              -46.5825881,
              -23.8645499
            ],
            [
              -46.5821954,
              -23.863747
            ],
            [
              -46.5814679,
              -23.86287
            ],
            [
              -46.5824845,
              -23.862363
            ],
            [
              -46.5835472,
              -23.8616023
            ],
            [
              -46.5845176,
              -23.8609685
            ],
            [
              -46.5852569,
              -23.8602924
            ],
            [
              -46.5855341,
              -23.8594931
            ],
            [
              -46.5858113,
              -23.8583944
            ],
            [
              -46.5859731,
              -23.8575281
            ],
            [
              -46.5861348,
              -23.8572323
            ],
            [
              -46.5860655,
              -23.8562181
            ],
            [
              -46.58662,
              -23.8553306
            ],
            [
              -46.5870358,
              -23.8544221
            ],
            [
              -46.5876134,
              -23.8535558
            ],
            [
              -46.5880292,
              -23.8526049
            ],
            [
              -46.5882603,
              -23.8519287
            ],
            [
              -46.5884864,
              -23.85137
            ],
            [
              -46.5884864,
              -23.8511757
            ],
            [
              -46.5883884,
              -23.8506528
            ],
            [
              -46.588078,
              -23.8505855
            ],
            [
              -46.5877104,
              -23.8500775
            ],
            [
              -46.5877023,
              -23.8495396
            ],
            [
              -46.5876859,
              -23.8489943
            ],
            [
              -46.58801,
              -23.8489106
            ],
            [
              -46.5879897,
              -23.8483745
            ],
            [
              -46.588111,
              -23.8481816
            ],
            [
              -46.5887562,
              -23.8483804
            ],
            [
              -46.5892192,
              -23.8482122
            ],
            [
              -46.5899357,
              -23.8471856
            ],
            [
              -46.5905128,
              -23.846623
            ],
            [
              -46.5907918,
              -23.8455964
            ],
            [
              -46.5909377,
              -23.8448772
            ],
            [
              -46.5912864,
              -23.8444016
            ],
            [
              -46.5921235,
              -23.8439898
            ],
            [
              -46.5924023,
              -23.8438045
            ],
            [
              -46.5928014,
              -23.8436118
            ],
            [
              -46.5927969,
              -23.8431237
            ],
            [
              -46.5919853,
              -23.8429432
            ],
            [
              -46.5914068,
              -23.8427382
            ],
            [
              -46.5909853,
              -23.8423937
            ],
            [
              -46.5906087,
              -23.8417784
            ],
            [
              -46.5904203,
              -23.8413519
            ],
            [
              -46.5904069,
              -23.8410033
            ],
            [
              -46.5905574,
              -23.840789
            ],
            [
              -46.590944,
              -23.8405845
            ],
            [
              -46.5910678,
              -23.8404343
            ],
            [
              -46.5908777,
              -23.8400697
            ],
            [
              -46.5906109,
              -23.8397696
            ],
            [
              -46.5904078,
              -23.8396098
            ],
            [
              -46.5902169,
              -23.8395111
            ],
            [
              -46.5900802,
              -23.8394927
            ],
            [
              -46.5900153,
              -23.8395009
            ],
            [
              -46.5899715,
              -23.8395454
            ],
            [
              -46.5899049,
              -23.8396524
            ],
            [
              -46.5898174,
              -23.839686
            ],
            [
              -46.5896839,
              -23.8396906
            ],
            [
              -46.5895954,
              -23.839641
            ],
            [
              -46.5895302,
              -23.8395816
            ],
            [
              -46.5894548,
              -23.839534
            ],
            [
              -46.5893305,
              -23.8394596
            ],
            [
              -46.5892375,
              -23.8393768
            ],
            [
              -46.5891878,
              -23.8393049
            ],
            [
              -46.5891607,
              -23.8392399
            ],
            [
              -46.5891451,
              -23.8391886
            ],
            [
              -46.5891125,
              -23.8391651
            ],
            [
              -46.589034,
              -23.8391506
            ],
            [
              -46.5890023,
              -23.8390956
            ],
            [
              -46.589001,
              -23.8390406
            ],
            [
              -46.5891817,
              -23.8390331
            ],
            [
              -46.5892819,
              -23.8390282
            ],
            [
              -46.5893907,
              -23.8390404
            ],
            [
              -46.5895672,
              -23.8390756
            ],
            [
              -46.589944,
              -23.8391692
            ],
            [
              -46.5901631,
              -23.8392311
            ],
            [
              -46.5902609,
              -23.8392739
            ],
            [
              -46.5903806,
              -23.8393477
            ],
            [
              -46.5908404,
              -23.8396797
            ],
            [
              -46.5914229,
              -23.84009
            ],
            [
              -46.5915784,
              -23.8402354
            ]
          ]
        ]
      },
      "id": "relation/4573224"
    },
    {
      "type": "Feature",
      "properties": {
        "@id": "relation/4573225",
        "admin_level": "10",
        "boundary": "administrative",
        "name": "Demarchi",
        "place": "suburb",
        "type": "boundary"
      },
      "geometry": {
        "type": "Polygon",
        "coordinates": [
          [
            [
              -46.5406367,
              -23.7427048
            ],
            [
              -46.5416821,
              -23.7384753
            ],
            [
              -46.5425401,
              -23.7366814
            ],
            [
              -46.5461732,
              -23.7319108
            ],
            [
              -46.5500667,
              -23.7267498
            ],
            [
              -46.551893,
              -23.7244176
            ],
            [
              -46.5519333,
              -23.7244536
            ],
            [
              -46.5520327,
              -23.7245422
            ],
            [
              -46.5521143,
              -23.724615
            ],
            [
              -46.5523933,
              -23.724776
            ],
            [
              -46.5524814,
              -23.7247345
            ],
            [
              -46.5527223,
              -23.7246179
            ],
            [
              -46.5529922,
              -23.724316
            ],
            [
              -46.5531891,
              -23.7239844
            ],
            [
              -46.553212,
              -23.7238682
            ],
            [
              -46.5533891,
              -23.7237193
            ],
            [
              -46.55358,
              -23.7235587
            ],
            [
              -46.5536129,
              -23.7235645
            ],
            [
              -46.5536662,
              -23.7235738
            ],
            [
              -46.5537905,
              -23.7236406
            ],
            [
              -46.5541369,
              -23.7239062
            ],
            [
              -46.5543557,
              -23.7240549
            ],
            [
              -46.5545331,
              -23.7242142
            ],
            [
              -46.5550336,
              -23.7246634
            ],
            [
              -46.5552674,
              -23.7248773
            ],
            [
              -46.5554928,
              -23.7250682
            ],
            [
              -46.5563826,
              -23.7255783
            ],
            [
              -46.5569229,
              -23.725846
            ],
            [
              -46.5570696,
              -23.7259151
            ],
            [
              -46.5573058,
              -23.7259682
            ],
            [
              -46.5575492,
              -23.7259884
            ],
            [
              -46.558038,
              -23.7260091
            ],
            [
              -46.5584426,
              -23.7260263
            ],
            [
              -46.5588669,
              -23.7260551
            ],
            [
              -46.5592233,
              -23.7260946
            ],
            [
              -46.5595614,
              -23.726172
            ],
            [
              -46.5599244,
              -23.7262448
            ],
            [
              -46.5602924,
              -23.7263101
            ],
            [
              -46.560628,
              -23.7263254
            ],
            [
              -46.5606256,
              -23.7263609
            ],
            [
              -46.5605534,
              -23.7279019
            ],
            [
              -46.5605129,
              -23.7280713
            ],
            [
              -46.5604542,
              -23.7281704
            ],
            [
              -46.5594837,
              -23.7291135
            ],
            [
              -46.5598994,
              -23.729126
            ],
            [
              -46.5598981,
              -23.7308439
            ],
            [
              -46.5598891,
              -23.7311716
            ],
            [
              -46.5597649,
              -23.7313733
            ],
            [
              -46.5595539,
              -23.7315793
            ],
            [
              -46.5593148,
              -23.7317746
            ],
            [
              -46.5590359,
              -23.7318261
            ],
            [
              -46.5584756,
              -23.7319098
            ],
            [
              -46.5579623,
              -23.7320622
            ],
            [
              -46.558056,
              -23.7321695
            ],
            [
              -46.5582436,
              -23.7322596
            ],
            [
              -46.5583983,
              -23.7325128
            ],
            [
              -46.5586233,
              -23.7325343
            ],
            [
              -46.5587218,
              -23.7326373
            ],
            [
              -46.5592436,
              -23.7333901
            ],
            [
              -46.5592892,
              -23.7334423
            ],
            [
              -46.559426,
              -23.7334448
            ],
            [
              -46.5596325,
              -23.7334669
            ],
            [
              -46.5598042,
              -23.7334694
            ],
            [
              -46.5614564,
              -23.7334595
            ],
            [
              -46.5615592,
              -23.7333931
            ],
            [
              -46.5617747,
              -23.7334902
            ],
            [
              -46.5618435,
              -23.7335631
            ],
            [
              -46.5620721,
              -23.733776
            ],
            [
              -46.562616,
              -23.7338103
            ],
            [
              -46.5628316,
              -23.7336815
            ],
            [
              -46.5628423,
              -23.7336812
            ],
            [
              -46.5631035,
              -23.733673
            ],
            [
              -46.5633004,
              -23.7338275
            ],
            [
              -46.5635817,
              -23.7336558
            ],
            [
              -46.5638912,
              -23.7336215
            ],
            [
              -46.564117,
              -23.7337132
            ],
            [
              -46.5652773,
              -23.7337071
            ],
            [
              -46.566053,
              -23.7338285
            ],
            [
              -46.566842,
              -23.7343383
            ],
            [
              -46.5668785,
              -23.7346023
            ],
            [
              -46.5667459,
              -23.7348299
            ],
            [
              -46.5666427,
              -23.7362352
            ],
            [
              -46.5666061,
              -23.736369
            ],
            [
              -46.5665515,
              -23.7364387
            ],
            [
              -46.5665583,
              -23.7376771
            ],
            [
              -46.566638,
              -23.7380848
            ],
            [
              -46.5667599,
              -23.7382694
            ],
            [
              -46.5672005,
              -23.7385569
            ],
            [
              -46.5669568,
              -23.7386985
            ],
            [
              -46.567074,
              -23.7389067
            ],
            [
              -46.5674303,
              -23.739471
            ],
            [
              -46.5686517,
              -23.7408057
            ],
            [
              -46.5696257,
              -23.7420768
            ],
            [
              -46.5701037,
              -23.742565
            ],
            [
              -46.5703503,
              -23.7430069
            ],
            [
              -46.5708941,
              -23.743788
            ],
            [
              -46.5715973,
              -23.7446033
            ],
            [
              -46.572685,
              -23.7457791
            ],
            [
              -46.5739227,
              -23.7467575
            ],
            [
              -46.5750357,
              -23.7474454
            ],
            [
              -46.5749249,
              -23.7476195
            ],
            [
              -46.5741733,
              -23.7487998
            ],
            [
              -46.5739414,
              -23.749195
            ],
            [
              -46.5738101,
              -23.7494009
            ],
            [
              -46.5733507,
              -23.7497614
            ],
            [
              -46.5727881,
              -23.7501219
            ],
            [
              -46.5720099,
              -23.7505081
            ],
            [
              -46.5713206,
              -23.750699
            ],
            [
              -46.5711555,
              -23.7507439
            ],
            [
              -46.5708284,
              -23.7508342
            ],
            [
              -46.5698814,
              -23.750817
            ],
            [
              -46.5681843,
              -23.750714
            ],
            [
              -46.5664717,
              -23.7504865
            ],
            [
              -46.5650432,
              -23.7502334
            ],
            [
              -46.5617615,
              -23.749933
            ],
            [
              -46.5609739,
              -23.7497442
            ],
            [
              -46.5607276,
              -23.7496271
            ],
            [
              -46.5602519,
              -23.7494009
            ],
            [
              -46.5600734,
              -23.7493589
            ],
            [
              -46.5595007,
              -23.7492243
            ],
            [
              -46.5588444,
              -23.7490097
            ],
            [
              -46.5558814,
              -23.7473104
            ],
            [
              -46.5552063,
              -23.7470014
            ],
            [
              -46.5542788,
              -23.7465326
            ],
            [
              -46.5536311,
              -23.7462891
            ],
            [
              -46.55252,
              -23.746023
            ],
            [
              -46.5512307,
              -23.7459715
            ],
            [
              -46.5480358,
              -23.7458701
            ],
            [
              -46.5464559,
              -23.7458229
            ],
            [
              -46.544633,
              -23.745759
            ],
            [
              -46.5429361,
              -23.74524
            ],
            [
              -46.5415526,
              -23.7445517
            ],
            [
              -46.5406367,
              -23.7427048
            ]
          ]
        ]
      },
      "id": "relation/4573225"
    },
    {
      "type": "Feature",
      "properties": {
        "@id": "relation/4573226",
        "admin_level": "10",
        "boundary": "administrative",
        "name": "Ferrazópolis",
        "place": "suburb",
        "type": "boundary"
      },
      "geometry": {
        "type": "Polygon",
        "coordinates": [
          [
            [
              -46.5385433,
              -23.721512
            ],
            [
              -46.5390663,
              -23.7218061
            ],
            [
              -46.5396635,
              -23.721954
            ],
            [
              -46.5410236,
              -23.7220906
            ],
            [
              -46.54399,
              -23.7223886
            ],
            [
              -46.5446663,
              -23.7224583
            ],
            [
              -46.5450184,
              -23.7224828
            ],
            [
              -46.5452696,
              -23.722447
            ],
            [
              -46.5455558,
              -23.7223792
            ],
            [
              -46.5488241,
              -23.7215948
            ],
            [
              -46.5492318,
              -23.7220534
            ],
            [
              -46.5492347,
              -23.7221707
            ],
            [
              -46.5491532,
              -23.7223719
            ],
            [
              -46.5491556,
              -23.7224733
            ],
            [
              -46.5491613,
              -23.7227163
            ],
            [
              -46.5492972,
              -23.7227728
            ],
            [
              -46.5494481,
              -23.7228502
            ],
            [
              -46.5494668,
              -23.7228598
            ],
            [
              -46.5495031,
              -23.7228784
            ],
            [
              -46.5495112,
              -23.7228822
            ],
            [
              -46.5499272,
              -23.723076
            ],
            [
              -46.5499643,
              -23.7230933
            ],
            [
              -46.5499973,
              -23.7231072
            ],
            [
              -46.5504424,
              -23.7232946
            ],
            [
              -46.5506063,
              -23.7233899
            ],
            [
              -46.5510445,
              -23.7237029
            ],
            [
              -46.5517649,
              -23.7243097
            ],
            [
              -46.5518649,
              -23.724394
            ],
            [
              -46.551893,
              -23.7244176
            ],
            [
              -46.5500667,
              -23.7267498
            ],
            [
              -46.5461732,
              -23.7319108
            ],
            [
              -46.5425401,
              -23.7366814
            ],
            [
              -46.5416821,
              -23.7384753
            ],
            [
              -46.5406367,
              -23.7427048
            ],
            [
              -46.5395632,
              -23.741692
            ],
            [
              -46.5394425,
              -23.7416802
            ],
            [
              -46.5388143,
              -23.7410891
            ],
            [
              -46.5386701,
              -23.7410773
            ],
            [
              -46.5375767,
              -23.7402966
            ],
            [
              -46.5369303,
              -23.7409065
            ],
            [
              -46.5366419,
              -23.7411857
            ],
            [
              -46.536459,
              -23.7413563
            ],
            [
              -46.5361836,
              -23.7414904
            ],
            [
              -46.5357663,
              -23.7407201
            ],
            [
              -46.5356866,
              -23.7407351
            ],
            [
              -46.5355366,
              -23.7407201
            ],
            [
              -46.5353256,
              -23.7406793
            ],
            [
              -46.5351207,
              -23.7406471
            ],
            [
              -46.5350317,
              -23.7407758
            ],
            [
              -46.5351067,
              -23.7410891
            ],
            [
              -46.5349098,
              -23.7411835
            ],
            [
              -46.5346191,
              -23.7410891
            ],
            [
              -46.5344076,
              -23.7411181
            ],
            [
              -46.5342956,
              -23.7411106
            ],
            [
              -46.5337987,
              -23.7410462
            ],
            [
              -46.533147,
              -23.740793
            ],
            [
              -46.5317499,
              -23.7407844
            ],
            [
              -46.5315718,
              -23.7408488
            ],
            [
              -46.5312342,
              -23.7409217
            ],
            [
              -46.5311264,
              -23.7407887
            ],
            [
              -46.5299778,
              -23.7407973
            ],
            [
              -46.5299965,
              -23.7394498
            ],
            [
              -46.5301794,
              -23.7394283
            ],
            [
              -46.5301981,
              -23.7392652
            ],
            [
              -46.5302919,
              -23.7391365
            ],
            [
              -46.53032,
              -23.7390378
            ],
            [
              -46.5303294,
              -23.7388404
            ],
            [
              -46.5307631,
              -23.7389369
            ],
            [
              -46.5310115,
              -23.7389884
            ],
            [
              -46.5312295,
              -23.7389927
            ],
            [
              -46.5314171,
              -23.7389648
            ],
            [
              -46.531546,
              -23.7389047
            ],
            [
              -46.5316069,
              -23.7375765
            ],
            [
              -46.5325772,
              -23.7365637
            ],
            [
              -46.5328219,
              -23.7363083
            ],
            [
              -46.5329103,
              -23.7362161
            ],
            [
              -46.533229,
              -23.7361989
            ],
            [
              -46.5342651,
              -23.7354565
            ],
            [
              -46.5344292,
              -23.735332
            ],
            [
              -46.5343308,
              -23.7351217
            ],
            [
              -46.5342349,
              -23.7342104
            ],
            [
              -46.534215,
              -23.7319859
            ],
            [
              -46.5340982,
              -23.7305834
            ],
            [
              -46.5344358,
              -23.7305533
            ],
            [
              -46.5313782,
              -23.7274955
            ],
            [
              -46.5315567,
              -23.7273179
            ],
            [
              -46.5317546,
              -23.7270977
            ],
            [
              -46.5326181,
              -23.7261067
            ],
            [
              -46.5329149,
              -23.7257977
            ],
            [
              -46.5331419,
              -23.7255882
            ],
            [
              -46.535765,
              -23.7235602
            ],
            [
              -46.5376811,
              -23.722145
            ],
            [
              -46.5385433,
              -23.721512
            ]
          ]
        ]
      },
      "id": "relation/4573226"
    },
    {
      "type": "Feature",
      "properties": {
        "@id": "relation/4573229",
        "admin_level": "10",
        "boundary": "administrative",
        "name": "Imigrantes",
        "place": "suburb",
        "type": "boundary"
      },
      "geometry": {
        "type": "Polygon",
        "coordinates": [
          [
            [
              -46.6101738,
              -23.9656618
            ],
            [
              -46.6095078,
              -23.9658131
            ],
            [
              -46.6088212,
              -23.9663033
            ],
            [
              -46.6084993,
              -23.9666955
            ],
            [
              -46.6081989,
              -23.9667837
            ],
            [
              -46.6076517,
              -23.9669798
            ],
            [
              -46.6075337,
              -23.9663817
            ],
            [
              -46.6070938,
              -23.9660092
            ],
            [
              -46.6057205,
              -23.9660288
            ],
            [
              -46.60483,
              -23.965421
            ],
            [
              -46.6045404,
              -23.9648523
            ],
            [
              -46.6040254,
              -23.9649308
            ],
            [
              -46.6036821,
              -23.9654014
            ],
            [
              -46.6038752,
              -23.9663817
            ],
            [
              -46.6034138,
              -23.9668131
            ],
            [
              -46.6027808,
              -23.9666955
            ],
            [
              -46.6023624,
              -23.966019
            ],
            [
              -46.601193,
              -23.9661268
            ],
            [
              -46.5996051,
              -23.9656759
            ],
            [
              -46.5987253,
              -23.9649994
            ],
            [
              -46.596157,
              -23.9635727
            ],
            [
              -46.5957964,
              -23.9638719
            ],
            [
              -46.5955603,
              -23.9646366
            ],
            [
              -46.595217,
              -23.9653229
            ],
            [
              -46.594069,
              -23.9645092
            ],
            [
              -46.5925884,
              -23.9638033
            ],
            [
              -46.5922666,
              -23.9630876
            ],
            [
              -46.5917087,
              -23.9623719
            ],
            [
              -46.590153,
              -23.9616366
            ],
            [
              -46.5903089,
              -23.9608235
            ],
            [
              -46.5891981,
              -23.9604797
            ],
            [
              -46.5870416,
              -23.9605091
            ],
            [
              -46.5857005,
              -23.9595777
            ],
            [
              -46.5841556,
              -23.9588718
            ],
            [
              -46.5829003,
              -23.9586169
            ],
            [
              -46.5820634,
              -23.9574501
            ],
            [
              -46.5813124,
              -23.95595
            ],
            [
              -46.5795923,
              -23.9556863
            ],
            [
              -46.5785873,
              -23.9564893
            ],
            [
              -46.5777075,
              -23.9578913
            ],
            [
              -46.5766352,
              -23.9579217
            ],
            [
              -46.5759158,
              -23.9566462
            ],
            [
              -46.5768814,
              -23.9539597
            ],
            [
              -46.5766025,
              -23.9538322
            ],
            [
              -46.5759909,
              -23.9540675
            ],
            [
              -46.5757978,
              -23.9531949
            ],
            [
              -46.5749824,
              -23.9533126
            ],
            [
              -46.5745801,
              -23.9531704
            ],
            [
              -46.5743387,
              -23.9527047
            ],
            [
              -46.5740651,
              -23.9525478
            ],
            [
              -46.5735126,
              -23.9532488
            ],
            [
              -46.5730591,
              -23.9532207
            ],
            [
              -46.5726006,
              -23.9531655
            ],
            [
              -46.571753,
              -23.9528223
            ],
            [
              -46.5714687,
              -23.9522046
            ],
            [
              -46.5713561,
              -23.9515134
            ],
            [
              -46.570015,
              -23.9483512
            ],
            [
              -46.5693519,
              -23.9476074
            ],
            [
              -46.5684314,
              -23.9472257
            ],
            [
              -46.5676353,
              -23.9472525
            ],
            [
              -46.5672684,
              -23.9473511
            ],
            [
              -46.5669388,
              -23.9477434
            ],
            [
              -46.5668508,
              -23.9480848
            ],
            [
              -46.567236,
              -23.9492549
            ],
            [
              -46.5670401,
              -23.9500724
            ],
            [
              -46.5664959,
              -23.9504691
            ],
            [
              -46.5668929,
              -23.9514496
            ],
            [
              -46.56678,
              -23.9523902
            ],
            [
              -46.566453,
              -23.9525576
            ],
            [
              -46.5659506,
              -23.9524141
            ],
            [
              -46.5637734,
              -23.9485938
            ],
            [
              -46.56,
              -23.946
            ],
            [
              -46.5572477,
              -23.9408598
            ],
            [
              -46.55478,
              -23.9392909
            ],
            [
              -46.5536952,
              -23.9389606
            ],
            [
              -46.5526343,
              -23.9366433
            ],
            [
              -46.551261,
              -23.9353096
            ],
            [
              -46.5489865,
              -23.9337406
            ],
            [
              -46.5483856,
              -23.9320735
            ],
            [
              -46.5484286,
              -23.931191
            ],
            [
              -46.5475923,
              -23.9302945
            ],
            [
              -46.5467066,
              -23.9301809
            ],
            [
              -46.5456774,
              -23.9302609
            ],
            [
              -46.544567,
              -23.9296627
            ],
            [
              -46.5440638,
              -23.9294321
            ],
            [
              -46.5435791,
              -23.92921
            ],
            [
              -46.5432894,
              -23.9289845
            ],
            [
              -46.5429997,
              -23.9280332
            ],
            [
              -46.5431392,
              -23.927587
            ],
            [
              -46.5430435,
              -23.9271473
            ],
            [
              -46.5421307,
              -23.9264936
            ],
            [
              -46.5418587,
              -23.9265164
            ],
            [
              -46.5416104,
              -23.9266456
            ],
            [
              -46.5413784,
              -23.9266148
            ],
            [
              -46.5410243,
              -23.9263157
            ],
            [
              -46.540866,
              -23.9256691
            ],
            [
              -46.540795,
              -23.9254099
            ],
            [
              -46.5406555,
              -23.9251525
            ],
            [
              -46.540516,
              -23.9249588
            ],
            [
              -46.5401807,
              -23.9248926
            ],
            [
              -46.5393412,
              -23.9248705
            ],
            [
              -46.5390007,
              -23.9249818
            ],
            [
              -46.5385433,
              -23.9251819
            ],
            [
              -46.5381221,
              -23.9254085
            ],
            [
              -46.5378934,
              -23.9254329
            ],
            [
              -46.5376236,
              -23.9252302
            ],
            [
              -46.5369326,
              -23.9247112
            ],
            [
              -46.53649,
              -23.9246597
            ],
            [
              -46.535867,
              -23.9248815
            ],
            [
              -46.5354574,
              -23.9250446
            ],
            [
              -46.5344918,
              -23.924542
            ],
            [
              -46.5339232,
              -23.9243655
            ],
            [
              -46.5334886,
              -23.9241816
            ],
            [
              -46.5333894,
              -23.9239903
            ],
            [
              -46.5333706,
              -23.9236986
            ],
            [
              -46.5336335,
              -23.9224629
            ],
            [
              -46.5334618,
              -23.921796
            ],
            [
              -46.533435,
              -23.9214773
            ],
            [
              -46.5334886,
              -23.9211095
            ],
            [
              -46.5341056,
              -23.9205799
            ],
            [
              -46.5341263,
              -23.9202843
            ],
            [
              -46.5331507,
              -23.9195991
            ],
            [
              -46.5329737,
              -23.9192951
            ],
            [
              -46.5329576,
              -23.9183732
            ],
            [
              -46.5324158,
              -23.9175347
            ],
            [
              -46.5325284,
              -23.9170884
            ],
            [
              -46.5309835,
              -23.9164902
            ],
            [
              -46.5291917,
              -23.9164117
            ],
            [
              -46.5276039,
              -23.9158232
            ],
            [
              -46.525957,
              -23.915328
            ],
            [
              -46.5255364,
              -23.9150789
            ],
            [
              -46.5245354,
              -23.9131948
            ],
            [
              -46.523366,
              -23.912979
            ],
            [
              -46.5225077,
              -23.9120472
            ],
            [
              -46.5217942,
              -23.9121845
            ],
            [
              -46.5212417,
              -23.9118511
            ],
            [
              -46.5208876,
              -23.9113607
            ],
            [
              -46.520775,
              -23.9108065
            ],
            [
              -46.5209895,
              -23.9106496
            ],
            [
              -46.5218511,
              -23.910728
            ],
            [
              -46.5223292,
              -23.9113568
            ],
            [
              -46.5224669,
              -23.9113744
            ],
            [
              -46.5227383,
              -23.9112773
            ],
            [
              -46.5228725,
              -23.9108703
            ],
            [
              -46.522572,
              -23.9096345
            ],
            [
              -46.5223253,
              -23.9092323
            ],
            [
              -46.5209413,
              -23.908889
            ],
            [
              -46.5207374,
              -23.9087272
            ],
            [
              -46.5206516,
              -23.9085703
            ],
            [
              -46.5207374,
              -23.9083692
            ],
            [
              -46.5210915,
              -23.9082564
            ],
            [
              -46.5219096,
              -23.9083496
            ],
            [
              -46.5223253,
              -23.9082098
            ],
            [
              -46.5224621,
              -23.9080406
            ],
            [
              -46.5224862,
              -23.9078837
            ],
            [
              -46.5223897,
              -23.9076238
            ],
            [
              -46.5211129,
              -23.9062506
            ],
            [
              -46.5202038,
              -23.9049313
            ],
            [
              -46.5192568,
              -23.904642
            ],
            [
              -46.5168429,
              -23.9045733
            ],
            [
              -46.5148044,
              -23.9052207
            ],
            [
              -46.5142894,
              -23.9052747
            ],
            [
              -46.5137744,
              -23.9052207
            ],
            [
              -46.5122616,
              -23.9043478
            ],
            [
              -46.5118808,
              -23.904181
            ],
            [
              -46.5114087,
              -23.9041025
            ],
            [
              -46.5108937,
              -23.9041271
            ],
            [
              -46.5097565,
              -23.9043772
            ],
            [
              -46.5094507,
              -23.9043968
            ],
            [
              -46.5086621,
              -23.9041663
            ],
            [
              -46.5084207,
              -23.9041393
            ],
            [
              -46.5082061,
              -23.9041957
            ],
            [
              -46.5068865,
              -23.9047107
            ],
            [
              -46.505245,
              -23.9042546
            ],
            [
              -46.5049982,
              -23.9042202
            ],
            [
              -46.5045583,
              -23.9043429
            ],
            [
              -46.5041506,
              -23.904539
            ],
            [
              -46.5037537,
              -23.9045341
            ],
            [
              -46.5027211,
              -23.9040785
            ],
            [
              -46.5006349,
              -23.9020176
            ],
            [
              -46.500299,
              -23.9019054
            ],
            [
              -46.4997411,
              -23.9021604
            ],
            [
              -46.4991617,
              -23.9022389
            ],
            [
              -46.4985287,
              -23.90218
            ],
            [
              -46.4979708,
              -23.9019348
            ],
            [
              -46.4968657,
              -23.9012825
            ],
            [
              -46.4964688,
              -23.9008411
            ],
            [
              -46.4960986,
              -23.9001153
            ],
            [
              -46.4960622,
              -23.8997034
            ],
            [
              -46.4960107,
              -23.8994929
            ],
            [
              -46.4958358,
              -23.8991001
            ],
            [
              -46.4955998,
              -23.8988107
            ],
            [
              -46.4952081,
              -23.898438
            ],
            [
              -46.4945161,
              -23.8979524
            ],
            [
              -46.4938402,
              -23.8973344
            ],
            [
              -46.4934272,
              -23.8970206
            ],
            [
              -46.4931107,
              -23.8966576
            ],
            [
              -46.4929766,
              -23.8961426
            ],
            [
              -46.4931321,
              -23.8956767
            ],
            [
              -46.4931071,
              -23.8952866
            ],
            [
              -46.4926493,
              -23.8943034
            ],
            [
              -46.4925528,
              -23.8938326
            ],
            [
              -46.4925742,
              -23.8933617
            ],
            [
              -46.4926922,
              -23.892832
            ],
            [
              -46.4930463,
              -23.8923219
            ],
            [
              -46.4935827,
              -23.8916254
            ],
            [
              -46.4936471,
              -23.8913949
            ],
            [
              -46.4936042,
              -23.8911742
            ],
            [
              -46.4933606,
              -23.8908163
            ],
            [
              -46.4933259,
              -23.8907677
            ],
            [
              -46.4932783,
              -23.8907187
            ],
            [
              -46.4930084,
              -23.890472
            ],
            [
              -46.4928398,
              -23.8903232
            ],
            [
              -46.4922604,
              -23.8899137
            ],
            [
              -46.4915899,
              -23.8897518
            ],
            [
              -46.4914852,
              -23.8896831
            ],
            [
              -46.4913806,
              -23.889563
            ],
            [
              -46.4912278,
              -23.8892123
            ],
            [
              -46.4903051,
              -23.8880743
            ],
            [
              -46.4901066,
              -23.8878291
            ],
            [
              -46.4897204,
              -23.8868677
            ],
            [
              -46.4887548,
              -23.8857985
            ],
            [
              -46.4881539,
              -23.8853668
            ],
            [
              -46.4879826,
              -23.8851236
            ],
            [
              -46.4879537,
              -23.8847621
            ],
            [
              -46.4879266,
              -23.8846697
            ],
            [
              -46.4878703,
              -23.8845507
            ],
            [
              -46.4877918,
              -23.8844447
            ],
            [
              -46.4877081,
              -23.8843613
            ],
            [
              -46.4876061,
              -23.8842828
            ],
            [
              -46.4875042,
              -23.8842307
            ],
            [
              -46.4875489,
              -23.8840492
            ],
            [
              -46.4875701,
              -23.8838453
            ],
            [
              -46.4875478,
              -23.8836498
            ],
            [
              -46.4874903,
              -23.8834524
            ],
            [
              -46.4872336,
              -23.8829511
            ],
            [
              -46.4871549,
              -23.8827532
            ],
            [
              -46.4871222,
              -23.8825553
            ],
            [
              -46.487141,
              -23.8823959
            ],
            [
              -46.4872048,
              -23.8821787
            ],
            [
              -46.4873111,
              -23.881926
            ],
            [
              -46.4878647,
              -23.8810543
            ],
            [
              -46.487942,
              -23.8808844
            ],
            [
              -46.4879988,
              -23.8806346
            ],
            [
              -46.4880003,
              -23.8803493
            ],
            [
              -46.4879821,
              -23.8801147
            ],
            [
              -46.4879544,
              -23.879923
            ],
            [
              -46.4876966,
              -23.8785221
            ],
            [
              -46.4876741,
              -23.8782608
            ],
            [
              -46.4876879,
              -23.8780994
            ],
            [
              -46.4877661,
              -23.8778817
            ],
            [
              -46.4878701,
              -23.8777162
            ],
            [
              -46.4880567,
              -23.8774913
            ],
            [
              -46.4883357,
              -23.8773124
            ],
            [
              -46.4887783,
              -23.8770027
            ],
            [
              -46.4890172,
              -23.8767711
            ],
            [
              -46.4891197,
              -23.8765572
            ],
            [
              -46.4891543,
              -23.8762877
            ],
            [
              -46.4891602,
              -23.8759697
            ],
            [
              -46.4891919,
              -23.8756761
            ],
            [
              -46.4892711,
              -23.8755184
            ],
            [
              -46.4893973,
              -23.87538
            ],
            [
              -46.4899192,
              -23.8749749
            ],
            [
              -46.490235,
              -23.8748017
            ],
            [
              -46.4903603,
              -23.8746247
            ],
            [
              -46.4904174,
              -23.8742762
            ],
            [
              -46.4903222,
              -23.8739103
            ],
            [
              -46.4899542,
              -23.8728173
            ],
            [
              -46.489822,
              -23.8725122
            ],
            [
              -46.4897203,
              -23.8722208
            ],
            [
              -46.4896721,
              -23.8718968
            ],
            [
              -46.489664,
              -23.8716272
            ],
            [
              -46.4897177,
              -23.8714138
            ],
            [
              -46.4898819,
              -23.8712499
            ],
            [
              -46.4900359,
              -23.8711758
            ],
            [
              -46.4902638,
              -23.8710465
            ],
            [
              -46.4914418,
              -23.8706574
            ],
            [
              -46.4917025,
              -23.8705384
            ],
            [
              -46.4919631,
              -23.8703672
            ],
            [
              -46.493047,
              -23.8694146
            ],
            [
              -46.4949905,
              -23.8664473
            ],
            [
              -46.4954597,
              -23.8657024
            ],
            [
              -46.4960147,
              -23.864916
            ],
            [
              -46.4965649,
              -23.8643519
            ],
            [
              -46.4967293,
              -23.8641994
            ],
            [
              -46.4983893,
              -23.8627517
            ],
            [
              -46.5019395,
              -23.8596113
            ],
            [
              -46.5023873,
              -23.8591822
            ],
            [
              -46.5027517,
              -23.8587727
            ],
            [
              -46.5030899,
              -23.8582847
            ],
            [
              -46.5033805,
              -23.8577684
            ],
            [
              -46.5036425,
              -23.8572108
            ],
            [
              -46.5038164,
              -23.8566052
            ],
            [
              -46.5039331,
              -23.8561347
            ],
            [
              -46.503976,
              -23.8557513
            ],
            [
              -46.5044383,
              -23.8510248
            ],
            [
              -46.5248888,
              -23.8710677
            ],
            [
              -46.5350162,
              -23.8797615
            ],
            [
              -46.5349546,
              -23.8798765
            ],
            [
              -46.5349031,
              -23.880005
            ],
            [
              -46.5345562,
              -23.8802116
            ],
            [
              -46.5339607,
              -23.8804863
            ],
            [
              -46.5335101,
              -23.8806874
            ],
            [
              -46.532684,
              -23.8809915
            ],
            [
              -46.5324962,
              -23.8810945
            ],
            [
              -46.5324372,
              -23.8812809
            ],
            [
              -46.5326411,
              -23.8814182
            ],
            [
              -46.5329468,
              -23.8815458
            ],
            [
              -46.5336227,
              -23.8816586
            ],
            [
              -46.5344953,
              -23.8817409
            ],
            [
              -46.5346554,
              -23.8818842
            ],
            [
              -46.5346884,
              -23.8820926
            ],
            [
              -46.5344985,
              -23.8823423
            ],
            [
              -46.534414,
              -23.8826568
            ],
            [
              -46.5344596,
              -23.8827819
            ],
            [
              -46.5346044,
              -23.8827966
            ],
            [
              -46.5347788,
              -23.8827328
            ],
            [
              -46.5348917,
              -23.8826277
            ],
            [
              -46.535169,
              -23.882403
            ],
            [
              -46.5355972,
              -23.8822442
            ],
            [
              -46.5359107,
              -23.8821246
            ],
            [
              -46.5368578,
              -23.8819621
            ],
            [
              -46.537099,
              -23.8819159
            ],
            [
              -46.5376353,
              -23.8819014
            ],
            [
              -46.5380001,
              -23.8819259
            ],
            [
              -46.5381565,
              -23.8820828
            ],
            [
              -46.5382938,
              -23.8825331
            ],
            [
              -46.5382844,
              -23.8830418
            ],
            [
              -46.5382654,
              -23.8832026
            ],
            [
              -46.5382067,
              -23.8834321
            ],
            [
              -46.5379162,
              -23.8840301
            ],
            [
              -46.5377981,
              -23.8848159
            ],
            [
              -46.5377724,
              -23.8850787
            ],
            [
              -46.5374054,
              -23.8856277
            ],
            [
              -46.5373109,
              -23.8860868
            ],
            [
              -46.5371326,
              -23.8865308
            ],
            [
              -46.5372004,
              -23.8866956
            ],
            [
              -46.5374076,
              -23.8867617
            ],
            [
              -46.5376568,
              -23.8864999
            ],
            [
              -46.537815,
              -23.886262
            ],
            [
              -46.5381889,
              -23.8861923
            ],
            [
              -46.5384119,
              -23.8860489
            ],
            [
              -46.5385607,
              -23.885769
            ],
            [
              -46.5385553,
              -23.8852344
            ],
            [
              -46.5387097,
              -23.8847885
            ],
            [
              -46.5389043,
              -23.8846256
            ],
            [
              -46.5393604,
              -23.8844245
            ],
            [
              -46.5395805,
              -23.8842382
            ],
            [
              -46.5414565,
              -23.8858995
            ],
            [
              -46.542893,
              -23.8861729
            ],
            [
              -46.574377,
              -23.8909399
            ],
            [
              -46.5825419,
              -23.9031028
            ],
            [
              -46.591968,
              -23.898118
            ],
            [
              -46.5945787,
              -23.9021523
            ],
            [
              -46.6098795,
              -23.9250529
            ],
            [
              -46.6095668,
              -23.9253707
            ],
            [
              -46.6094139,
              -23.9258032
            ],
            [
              -46.6094689,
              -23.9264345
            ],
            [
              -46.610022,
              -23.9270547
            ],
            [
              -46.6105647,
              -23.9273605
            ],
            [
              -46.610937,
              -23.9275772
            ],
            [
              -46.6112459,
              -23.9279793
            ],
            [
              -46.611322,
              -23.9284304
            ],
            [
              -46.6113795,
              -23.9293072
            ],
            [
              -46.6114661,
              -23.9295118
            ],
            [
              -46.6123752,
              -23.9296372
            ],
            [
              -46.6128154,
              -23.9297748
            ],
            [
              -46.6129571,
              -23.9301319
            ],
            [
              -46.6128807,
              -23.9307705
            ],
            [
              -46.6139083,
              -23.9310196
            ],
            [
              -46.614563,
              -23.930863
            ],
            [
              -46.6149097,
              -23.9307007
            ],
            [
              -46.6157413,
              -23.9302103
            ],
            [
              -46.6160974,
              -23.9301183
            ],
            [
              -46.6162523,
              -23.9301798
            ],
            [
              -46.616397,
              -23.9302844
            ],
            [
              -46.6163889,
              -23.9304148
            ],
            [
              -46.6163706,
              -23.930712
            ],
            [
              -46.6163313,
              -23.9313468
            ],
            [
              -46.6162885,
              -23.9322844
            ],
            [
              -46.6157935,
              -23.9326903
            ],
            [
              -46.6153014,
              -23.9330052
            ],
            [
              -46.6153986,
              -23.9335412
            ],
            [
              -46.6155257,
              -23.9342416
            ],
            [
              -46.615634,
              -23.9348389
            ],
            [
              -46.6161752,
              -23.9350361
            ],
            [
              -46.6161919,
              -23.9353047
            ],
            [
              -46.6157759,
              -23.935924
            ],
            [
              -46.6154205,
              -23.93639
            ],
            [
              -46.6148291,
              -23.9364863
            ],
            [
              -46.6140745,
              -23.9363875
            ],
            [
              -46.61397,
              -23.9365099
            ],
            [
              -46.6136648,
              -23.9367625
            ],
            [
              -46.613074,
              -23.9372515
            ],
            [
              -46.6127486,
              -23.9375209
            ],
            [
              -46.6124582,
              -23.9377612
            ],
            [
              -46.6119738,
              -23.9376485
            ],
            [
              -46.6115516,
              -23.9375503
            ],
            [
              -46.6108543,
              -23.9376582
            ],
            [
              -46.6106192,
              -23.9375573
            ],
            [
              -46.610409,
              -23.937467
            ],
            [
              -46.6100442,
              -23.9369326
            ],
            [
              -46.6097492,
              -23.9366727
            ],
            [
              -46.609165,
              -23.9366917
            ],
            [
              -46.6082418,
              -23.9367217
            ],
            [
              -46.608038,
              -23.9368296
            ],
            [
              -46.607,
              -23.938
            ],
            [
              -46.6071206,
              -23.939134
            ],
            [
              -46.6076732,
              -23.9406441
            ],
            [
              -46.608569,
              -23.9408647
            ],
            [
              -46.6083343,
              -23.9418403
            ],
            [
              -46.6069114,
              -23.9445075
            ],
            [
              -46.6076946,
              -23.9454292
            ],
            [
              -46.6072011,
              -23.9466941
            ],
            [
              -46.6075364,
              -23.9482353
            ],
            [
              -46.6088656,
              -23.9482894
            ],
            [
              -46.6089392,
              -23.9482924
            ],
            [
              -46.609061,
              -23.9486068
            ],
            [
              -46.6092503,
              -23.9490956
            ],
            [
              -46.6093683,
              -23.9494004
            ],
            [
              -46.6102013,
              -23.9494859
            ],
            [
              -46.6107416,
              -23.94942
            ],
            [
              -46.6109669,
              -23.9496504
            ],
            [
              -46.6109026,
              -23.9501407
            ],
            [
              -46.6109716,
              -23.9504611
            ],
            [
              -46.6108489,
              -23.9506799
            ],
            [
              -46.6106835,
              -23.950858
            ],
            [
              -46.609143,
              -23.9517535
            ],
            [
              -46.6079951,
              -23.9530772
            ],
            [
              -46.6069865,
              -23.9536655
            ],
            [
              -46.6069347,
              -23.954087
            ],
            [
              -46.607008,
              -23.9549696
            ],
            [
              -46.6071046,
              -23.9555775
            ],
            [
              -46.6068363,
              -23.9562638
            ],
            [
              -46.6063213,
              -23.9564305
            ],
            [
              -46.606236,
              -23.9568138
            ],
            [
              -46.6065896,
              -23.9569599
            ],
            [
              -46.6069222,
              -23.9572442
            ],
            [
              -46.6072977,
              -23.9581266
            ],
            [
              -46.6081292,
              -23.9582884
            ],
            [
              -46.6084481,
              -23.9584919
            ],
            [
              -46.6084993,
              -23.9586365
            ],
            [
              -46.6079843,
              -23.9594797
            ],
            [
              -46.6087461,
              -23.9595189
            ],
            [
              -46.6090733,
              -23.9596806
            ],
            [
              -46.6092181,
              -23.9599601
            ],
            [
              -46.6088426,
              -23.9609405
            ],
            [
              -46.6087508,
              -23.9611304
            ],
            [
              -46.6084641,
              -23.9617236
            ],
            [
              -46.608274,
              -23.962117
            ],
            [
              -46.6082525,
              -23.9626758
            ],
            [
              -46.6078878,
              -23.9634111
            ],
            [
              -46.6082633,
              -23.9635484
            ],
            [
              -46.608671,
              -23.9639308
            ],
            [
              -46.609143,
              -23.9642445
            ],
            [
              -46.6092536,
              -23.9642782
            ],
            [
              -46.609658,
              -23.9644014
            ],
            [
              -46.6100872,
              -23.9644112
            ],
            [
              -46.6104949,
              -23.9647249
            ],
            [
              -46.6105056,
              -23.9650288
            ],
            [
              -46.6101086,
              -23.9651072
            ],
            [
              -46.609996,
              -23.9652004
            ],
            [
              -46.6099584,
              -23.9653572
            ],
            [
              -46.6101738,
              -23.9656618
            ]
          ]
        ]
      },
      "id": "relation/4573229"
    },
    {
      "type": "Feature",
      "properties": {
        "@id": "relation/4573230",
        "admin_level": "10",
        "boundary": "administrative",
        "name": "Independência",
        "place": "suburb",
        "type": "boundary"
      },
      "geometry": {
        "type": "Polygon",
        "coordinates": [
          [
            [
              -46.5839739,
              -23.6936786
            ],
            [
              -46.5841502,
              -23.6937407
            ],
            [
              -46.5843507,
              -23.6937994
            ],
            [
              -46.5844656,
              -23.6938802
            ],
            [
              -46.5845591,
              -23.6940246
            ],
            [
              -46.5847435,
              -23.6943501
            ],
            [
              -46.5849386,
              -23.6947588
            ],
            [
              -46.5850963,
              -23.6950427
            ],
            [
              -46.5852754,
              -23.6952727
            ],
            [
              -46.5854037,
              -23.6954098
            ],
            [
              -46.58616,
              -23.6961244
            ],
            [
              -46.5862256,
              -23.6962281
            ],
            [
              -46.5863124,
              -23.6964034
            ],
            [
              -46.5863792,
              -23.6965013
            ],
            [
              -46.5870073,
              -23.6970617
            ],
            [
              -46.5872211,
              -23.6971547
            ],
            [
              -46.5874189,
              -23.6972085
            ],
            [
              -46.5877369,
              -23.6972526
            ],
            [
              -46.5878866,
              -23.6972673
            ],
            [
              -46.5879988,
              -23.6973309
            ],
            [
              -46.5880728,
              -23.6974149
            ],
            [
              -46.5881734,
              -23.6975837
            ],
            [
              -46.5884197,
              -23.6980536
            ],
            [
              -46.5884967,
              -23.6981663
            ],
            [
              -46.588613,
              -23.698294
            ],
            [
              -46.5887199,
              -23.6983899
            ],
            [
              -46.5888011,
              -23.6984643
            ],
            [
              -46.5888299,
              -23.6985613
            ],
            [
              -46.5888247,
              -23.698664
            ],
            [
              -46.5884719,
              -23.6994609
            ],
            [
              -46.5884505,
              -23.6995705
            ],
            [
              -46.588459,
              -23.6996997
            ],
            [
              -46.5884834,
              -23.6997849
            ],
            [
              -46.5885689,
              -23.699929
            ],
            [
              -46.5886823,
              -23.7000238
            ],
            [
              -46.5887759,
              -23.7000537
            ],
            [
              -46.5890477,
              -23.7000946
            ],
            [
              -46.5891384,
              -23.700115
            ],
            [
              -46.5892222,
              -23.7001729
            ],
            [
              -46.5897664,
              -23.7007362
            ],
            [
              -46.5898812,
              -23.7009541
            ],
            [
              -46.5899512,
              -23.7011813
            ],
            [
              -46.5900793,
              -23.7013997
            ],
            [
              -46.5901009,
              -23.7016363
            ],
            [
              -46.5900492,
              -23.7017743
            ],
            [
              -46.5898899,
              -23.7020701
            ],
            [
              -46.5898382,
              -23.7022239
            ],
            [
              -46.5898597,
              -23.7024486
            ],
            [
              -46.5899114,
              -23.7026458
            ],
            [
              -46.5905746,
              -23.7040299
            ],
            [
              -46.5906133,
              -23.7042073
            ],
            [
              -46.5906004,
              -23.7043708
            ],
            [
              -46.5896986,
              -23.7053602
            ],
            [
              -46.5896144,
              -23.7054957
            ],
            [
              -46.589303,
              -23.7060192
            ],
            [
              -46.5890232,
              -23.7068023
            ],
            [
              -46.5889689,
              -23.7070916
            ],
            [
              -46.5888856,
              -23.7073802
            ],
            [
              -46.5886647,
              -23.7079809
            ],
            [
              -46.5884454,
              -23.7084919
            ],
            [
              -46.5882123,
              -23.708888
            ],
            [
              -46.5880329,
              -23.7091392
            ],
            [
              -46.5877326,
              -23.7096876
            ],
            [
              -46.5870246,
              -23.7106756
            ],
            [
              -46.5867646,
              -23.711011
            ],
            [
              -46.5863617,
              -23.7115388
            ],
            [
              -46.5860689,
              -23.7117136
            ],
            [
              -46.5858472,
              -23.7117927
            ],
            [
              -46.5833023,
              -23.7118065
            ],
            [
              -46.5824634,
              -23.7118167
            ],
            [
              -46.5811896,
              -23.7117738
            ],
            [
              -46.5801234,
              -23.7117629
            ],
            [
              -46.5789995,
              -23.7117485
            ],
            [
              -46.5765587,
              -23.7117128
            ],
            [
              -46.5755761,
              -23.7117406
            ],
            [
              -46.5739809,
              -23.7116619
            ],
            [
              -46.5739997,
              -23.7115132
            ],
            [
              -46.5740426,
              -23.7113419
            ],
            [
              -46.5742193,
              -23.7107647
            ],
            [
              -46.5757472,
              -23.7061114
            ],
            [
              -46.5758005,
              -23.7059339
            ],
            [
              -46.5758744,
              -23.7056953
            ],
            [
              -46.5759826,
              -23.7053399
            ],
            [
              -46.576287,
              -23.7041171
            ],
            [
              -46.5767575,
              -23.7022498
            ],
            [
              -46.5774076,
              -23.6996257
            ],
            [
              -46.5778765,
              -23.6977836
            ],
            [
              -46.5779498,
              -23.697617
            ],
            [
              -46.5780156,
              -23.6974279
            ],
            [
              -46.5780537,
              -23.6973347
            ],
            [
              -46.5781016,
              -23.6972185
            ],
            [
              -46.5781555,
              -23.6971184
            ],
            [
              -46.5782495,
              -23.6969801
            ],
            [
              -46.5783184,
              -23.6968825
            ],
            [
              -46.578429,
              -23.69675
            ],
            [
              -46.5785653,
              -23.6965929
            ],
            [
              -46.5786375,
              -23.6965112
            ],
            [
              -46.5789141,
              -23.6962412
            ],
            [
              -46.5791178,
              -23.6960376
            ],
            [
              -46.5795171,
              -23.6956323
            ],
            [
              -46.5796211,
              -23.6955308
            ],
            [
              -46.579736,
              -23.695388
            ],
            [
              -46.5798387,
              -23.695211
            ],
            [
              -46.5799165,
              -23.6950891
            ],
            [
              -46.579946,
              -23.6950146
            ],
            [
              -46.5799802,
              -23.694961
            ],
            [
              -46.5800122,
              -23.6948587
            ],
            [
              -46.58005,
              -23.6946172
            ],
            [
              -46.5800596,
              -23.6944707
            ],
            [
              -46.5799508,
              -23.6939625
            ],
            [
              -46.5797862,
              -23.693552
            ],
            [
              -46.5797682,
              -23.6934854
            ],
            [
              -46.5796109,
              -23.6929296
            ],
            [
              -46.5795061,
              -23.6921882
            ],
            [
              -46.5793937,
              -23.6914962
            ],
            [
              -46.5793687,
              -23.6911368
            ],
            [
              -46.5793832,
              -23.6911431
            ],
            [
              -46.5796096,
              -23.6912406
            ],
            [
              -46.5800328,
              -23.6914338
            ],
            [
              -46.5802199,
              -23.6915023
            ],
            [
              -46.5803749,
              -23.6916002
            ],
            [
              -46.5804898,
              -23.6917104
            ],
            [
              -46.5807784,
              -23.6920285
            ],
            [
              -46.580864,
              -23.6921631
            ],
            [
              -46.5809468,
              -23.6922953
            ],
            [
              -46.581027,
              -23.6924495
            ],
            [
              -46.5810992,
              -23.6925449
            ],
            [
              -46.5812221,
              -23.6926257
            ],
            [
              -46.5814065,
              -23.6926918
            ],
            [
              -46.5816898,
              -23.6927897
            ],
            [
              -46.5818635,
              -23.6928411
            ],
            [
              -46.5821121,
              -23.6928704
            ],
            [
              -46.582382,
              -23.6929267
            ],
            [
              -46.5825451,
              -23.6929757
            ],
            [
              -46.5827295,
              -23.6930613
            ],
            [
              -46.583319,
              -23.6933662
            ],
            [
              -46.5835088,
              -23.6934886
            ],
            [
              -46.5837012,
              -23.6936085
            ],
            [
              -46.583852,
              -23.6936422
            ],
            [
              -46.5839739,
              -23.6936786
            ]
          ]
        ]
      },
      "id": "relation/4573230"
    },
    {
      "type": "Feature",
      "properties": {
        "@id": "relation/4573231",
        "admin_level": "10",
        "boundary": "administrative",
        "name": "Jordanópolis",
        "place": "suburb",
        "type": "boundary"
      },
      "geometry": {
        "type": "Polygon",
        "coordinates": [
          [
            [
              -46.5664944,
              -23.6848323
            ],
            [
              -46.5694863,
              -23.6760085
            ],
            [
              -46.5708626,
              -23.6722323
            ],
            [
              -46.5775744,
              -23.6723553
            ],
            [
              -46.5777108,
              -23.6725802
            ],
            [
              -46.5778428,
              -23.6729343
            ],
            [
              -46.5783703,
              -23.6744181
            ],
            [
              -46.5785017,
              -23.6745495
            ],
            [
              -46.5787049,
              -23.6748118
            ],
            [
              -46.5787826,
              -23.674936
            ],
            [
              -46.5789557,
              -23.6752069
            ],
            [
              -46.5791529,
              -23.6755367
            ],
            [
              -46.5792685,
              -23.6757182
            ],
            [
              -46.5793061,
              -23.6757762
            ],
            [
              -46.5793374,
              -23.675818
            ],
            [
              -46.5793841,
              -23.6758673
            ],
            [
              -46.5794342,
              -23.6759203
            ],
            [
              -46.5795186,
              -23.6759905
            ],
            [
              -46.5795973,
              -23.6760495
            ],
            [
              -46.5796979,
              -23.6761028
            ],
            [
              -46.5798961,
              -23.6762066
            ],
            [
              -46.5801108,
              -23.6763362
            ],
            [
              -46.5802594,
              -23.6764464
            ],
            [
              -46.580368,
              -23.6765414
            ],
            [
              -46.580461,
              -23.6766364
            ],
            [
              -46.5805283,
              -23.6767329
            ],
            [
              -46.5805754,
              -23.6768113
            ],
            [
              -46.5806126,
              -23.6768896
            ],
            [
              -46.5806702,
              -23.6770196
            ],
            [
              -46.5807101,
              -23.6771312
            ],
            [
              -46.5807325,
              -23.6772212
            ],
            [
              -46.5807403,
              -23.6772882
            ],
            [
              -46.5807313,
              -23.6773734
            ],
            [
              -46.5807052,
              -23.677469
            ],
            [
              -46.5806629,
              -23.6775506
            ],
            [
              -46.5805579,
              -23.6776792
            ],
            [
              -46.580401,
              -23.6778423
            ],
            [
              -46.5803602,
              -23.6778788
            ],
            [
              -46.5802948,
              -23.6779309
            ],
            [
              -46.5802104,
              -23.6779782
            ],
            [
              -46.5801414,
              -23.6780143
            ],
            [
              -46.5800259,
              -23.6780694
            ],
            [
              -46.5799127,
              -23.6781188
            ],
            [
              -46.5797741,
              -23.6781781
            ],
            [
              -46.5796478,
              -23.6782317
            ],
            [
              -46.5795841,
              -23.678271
            ],
            [
              -46.5794866,
              -23.6783442
            ],
            [
              -46.5794354,
              -23.6783906
            ],
            [
              -46.5793913,
              -23.6784519
            ],
            [
              -46.5793472,
              -23.6785145
            ],
            [
              -46.5792973,
              -23.6785991
            ],
            [
              -46.5792459,
              -23.6786907
            ],
            [
              -46.5791816,
              -23.6788245
            ],
            [
              -46.5791027,
              -23.6791382
            ],
            [
              -46.5790211,
              -23.6794645
            ],
            [
              -46.5788946,
              -23.6796517
            ],
            [
              -46.5788089,
              -23.6797745
            ],
            [
              -46.5787537,
              -23.6798674
            ],
            [
              -46.5786909,
              -23.6799877
            ],
            [
              -46.5786629,
              -23.6801001
            ],
            [
              -46.5786503,
              -23.6802111
            ],
            [
              -46.5786425,
              -23.680335
            ],
            [
              -46.5786482,
              -23.6804669
            ],
            [
              -46.5786768,
              -23.6805988
            ],
            [
              -46.578735,
              -23.6807419
            ],
            [
              -46.5788148,
              -23.6808813
            ],
            [
              -46.5789249,
              -23.6810423
            ],
            [
              -46.5790521,
              -23.6812
            ],
            [
              -46.579242,
              -23.6814068
            ],
            [
              -46.5794039,
              -23.6816964
            ],
            [
              -46.5796542,
              -23.6821354
            ],
            [
              -46.5797402,
              -23.6823132
            ],
            [
              -46.5798082,
              -23.6824627
            ],
            [
              -46.5798725,
              -23.682595
            ],
            [
              -46.5799308,
              -23.6827407
            ],
            [
              -46.5799767,
              -23.682875
            ],
            [
              -46.5800229,
              -23.6830389
            ],
            [
              -46.5800563,
              -23.6831713
            ],
            [
              -46.5800886,
              -23.6833312
            ],
            [
              -46.5801211,
              -23.6835462
            ],
            [
              -46.5801436,
              -23.6837759
            ],
            [
              -46.5801426,
              -23.6840075
            ],
            [
              -46.580133,
              -23.6841097
            ],
            [
              -46.5801127,
              -23.6843136
            ],
            [
              -46.580078,
              -23.684509
            ],
            [
              -46.5800362,
              -23.6846935
            ],
            [
              -46.5799697,
              -23.684928
            ],
            [
              -46.5798603,
              -23.6852614
            ],
            [
              -46.5796223,
              -23.6859484
            ],
            [
              -46.5796427,
              -23.6864706
            ],
            [
              -46.5796353,
              -23.6867353
            ],
            [
              -46.5796968,
              -23.6869181
            ],
            [
              -46.579778,
              -23.6871379
            ],
            [
              -46.5798504,
              -23.6873649
            ],
            [
              -46.5798624,
              -23.6874425
            ],
            [
              -46.5798638,
              -23.6875201
            ],
            [
              -46.5798482,
              -23.6876188
            ],
            [
              -46.5798389,
              -23.6877299
            ],
            [
              -46.5798412,
              -23.6878299
            ],
            [
              -46.5798534,
              -23.6879175
            ],
            [
              -46.5798976,
              -23.6880831
            ],
            [
              -46.579928,
              -23.6882147
            ],
            [
              -46.5799628,
              -23.6883868
            ],
            [
              -46.5799589,
              -23.6884936
            ],
            [
              -46.5799338,
              -23.6885966
            ],
            [
              -46.5798848,
              -23.6886993
            ],
            [
              -46.5798795,
              -23.6887627
            ],
            [
              -46.5798827,
              -23.6888254
            ],
            [
              -46.5799286,
              -23.688899
            ],
            [
              -46.5799985,
              -23.6889846
            ],
            [
              -46.5800911,
              -23.68906
            ],
            [
              -46.5801695,
              -23.689092
            ],
            [
              -46.5802729,
              -23.6891211
            ],
            [
              -46.5803463,
              -23.6891323
            ],
            [
              -46.5804603,
              -23.6891857
            ],
            [
              -46.5805417,
              -23.6892465
            ],
            [
              -46.5805767,
              -23.6892827
            ],
            [
              -46.5806063,
              -23.6893424
            ],
            [
              -46.5806179,
              -23.6895354
            ],
            [
              -46.5805707,
              -23.6897947
            ],
            [
              -46.5805435,
              -23.6899341
            ],
            [
              -46.5802827,
              -23.6899685
            ],
            [
              -46.5800528,
              -23.6899975
            ],
            [
              -46.5799575,
              -23.6900101
            ],
            [
              -46.5798402,
              -23.690044
            ],
            [
              -46.5797429,
              -23.6901272
            ],
            [
              -46.5797098,
              -23.6902078
            ],
            [
              -46.579675,
              -23.6903013
            ],
            [
              -46.5796142,
              -23.6904462
            ],
            [
              -46.5795787,
              -23.6905364
            ],
            [
              -46.5795591,
              -23.6906392
            ],
            [
              -46.579554,
              -23.6907046
            ],
            [
              -46.5792592,
              -23.690596
            ],
            [
              -46.5788549,
              -23.6905454
            ],
            [
              -46.5784253,
              -23.690516
            ],
            [
              -46.5777804,
              -23.6905277
            ],
            [
              -46.5762378,
              -23.6901619
            ],
            [
              -46.5736258,
              -23.6895384
            ],
            [
              -46.5724193,
              -23.689493
            ],
            [
              -46.5711747,
              -23.6895189
            ],
            [
              -46.5682074,
              -23.6898185
            ],
            [
              -46.5670713,
              -23.6899457
            ],
            [
              -46.5664972,
              -23.6899526
            ],
            [
              -46.5659218,
              -23.6899104
            ],
            [
              -46.5655919,
              -23.6898709
            ],
            [
              -46.5652906,
              -23.6897978
            ],
            [
              -46.5648467,
              -23.6896777
            ],
            [
              -46.5661283,
              -23.6859066
            ],
            [
              -46.5664944,
              -23.6848323
            ]
          ]
        ]
      },
      "id": "relation/4573231"
    },
    {
      "type": "Feature",
      "properties": {
        "@id": "relation/4573232",
        "admin_level": "10",
        "boundary": "administrative",
        "name": "Montanhão",
        "place": "suburb",
        "type": "boundary"
      },
      "geometry": {
        "type": "Polygon",
        "coordinates": [
          [
            [
              -46.5127793,
              -23.7607127
            ],
            [
              -46.5128115,
              -23.7610637
            ],
            [
              -46.5128034,
              -23.7612306
            ],
            [
              -46.5127632,
              -23.7613607
            ],
            [
              -46.5125969,
              -23.7615841
            ],
            [
              -46.5124869,
              -23.7619155
            ],
            [
              -46.5124226,
              -23.7621586
            ],
            [
              -46.5124038,
              -23.7623574
            ],
            [
              -46.512377,
              -23.76249
            ],
            [
              -46.5122938,
              -23.7627256
            ],
            [
              -46.5122107,
              -23.7628435
            ],
            [
              -46.5120846,
              -23.7629564
            ],
            [
              -46.512039,
              -23.7629908
            ],
            [
              -46.5119022,
              -23.7630472
            ],
            [
              -46.5117091,
              -23.7630227
            ],
            [
              -46.5115401,
              -23.7629539
            ],
            [
              -46.5114167,
              -23.7628312
            ],
            [
              -46.5112853,
              -23.7627109
            ],
            [
              -46.5111539,
              -23.7625391
            ],
            [
              -46.5110788,
              -23.7623402
            ],
            [
              -46.5110251,
              -23.7621291
            ],
            [
              -46.5109795,
              -23.7618689
            ],
            [
              -46.5109929,
              -23.761621
            ],
            [
              -46.5109956,
              -23.7615473
            ],
            [
              -46.5109527,
              -23.7615056
            ],
            [
              -46.5108803,
              -23.761508
            ],
            [
              -46.5108401,
              -23.7615792
            ],
            [
              -46.5107918,
              -23.7617241
            ],
            [
              -46.510722,
              -23.7619254
            ],
            [
              -46.5106872,
              -23.7621217
            ],
            [
              -46.5106952,
              -23.7624335
            ],
            [
              -46.5107489,
              -23.7628582
            ],
            [
              -46.5108052,
              -23.7633295
            ],
            [
              -46.5109313,
              -23.7638892
            ],
            [
              -46.5110493,
              -23.7640512
            ],
            [
              -46.5112907,
              -23.7645103
            ],
            [
              -46.5114945,
              -23.7648245
            ],
            [
              -46.5116823,
              -23.7652811
            ],
            [
              -46.5116876,
              -23.7653866
            ],
            [
              -46.5115482,
              -23.7656665
            ],
            [
              -46.5115482,
              -23.7658088
            ],
            [
              -46.5115428,
              -23.7659439
            ],
            [
              -46.5115052,
              -23.7660396
            ],
            [
              -46.5115669,
              -23.7660764
            ],
            [
              -46.5117493,
              -23.7664176
            ],
            [
              -46.5117681,
              -23.7664864
            ],
            [
              -46.511752,
              -23.7665845
            ],
            [
              -46.5116608,
              -23.7666729
            ],
            [
              -46.5114865,
              -23.7668276
            ],
            [
              -46.5114154,
              -23.7669
            ],
            [
              -46.5113604,
              -23.7670632
            ],
            [
              -46.511292,
              -23.7671135
            ],
            [
              -46.5111861,
              -23.7671393
            ],
            [
              -46.5110841,
              -23.7671393
            ],
            [
              -46.5109447,
              -23.7670681
            ],
            [
              -46.5107113,
              -23.7670411
            ],
            [
              -46.5105075,
              -23.7669356
            ],
            [
              -46.5104485,
              -23.7669012
            ],
            [
              -46.5104163,
              -23.7668374
            ],
            [
              -46.5103948,
              -23.7667637
            ],
            [
              -46.5104538,
              -23.7666729
            ],
            [
              -46.5105772,
              -23.766533
            ],
            [
              -46.5106282,
              -23.7663391
            ],
            [
              -46.5106094,
              -23.7661893
            ],
            [
              -46.5105745,
              -23.7660838
            ],
            [
              -46.5105128,
              -23.7659635
            ],
            [
              -46.5104511,
              -23.7659193
            ],
            [
              -46.5103787,
              -23.7659218
            ],
            [
              -46.5103063,
              -23.7659561
            ],
            [
              -46.5102553,
              -23.7660298
            ],
            [
              -46.5102339,
              -23.7661648
            ],
            [
              -46.5101963,
              -23.7662826
            ],
            [
              -46.5100917,
              -23.7664274
            ],
            [
              -46.5099549,
              -23.7665944
            ],
            [
              -46.5097216,
              -23.7667392
            ],
            [
              -46.5094319,
              -23.7668644
            ],
            [
              -46.5093327,
              -23.7668767
            ],
            [
              -46.5092576,
              -23.7668619
            ],
            [
              -46.5091476,
              -23.7667073
            ],
            [
              -46.5090618,
              -23.7665232
            ],
            [
              -46.5090108,
              -23.7663194
            ],
            [
              -46.5090001,
              -23.7661476
            ],
            [
              -46.5090323,
              -23.7658358
            ],
            [
              -46.5091369,
              -23.7652958
            ],
            [
              -46.5091851,
              -23.7650675
            ],
            [
              -46.5091771,
              -23.7648834
            ],
            [
              -46.5091315,
              -23.7645324
            ],
            [
              -46.5090966,
              -23.7642893
            ],
            [
              -46.5090403,
              -23.76398
            ],
            [
              -46.5090135,
              -23.7638548
            ],
            [
              -46.5088257,
              -23.7634302
            ],
            [
              -46.5087694,
              -23.7632804
            ],
            [
              -46.5087426,
              -23.7631135
            ],
            [
              -46.5087453,
              -23.7628926
            ],
            [
              -46.508764,
              -23.7627183
            ],
            [
              -46.5088069,
              -23.7625661
            ],
            [
              -46.5088713,
              -23.7623697
            ],
            [
              -46.5089759,
              -23.762188
            ],
            [
              -46.5090886,
              -23.7620113
            ],
            [
              -46.5092817,
              -23.7616406
            ],
            [
              -46.5093488,
              -23.7613607
            ],
            [
              -46.509389,
              -23.7611693
            ],
            [
              -46.5094104,
              -23.7609017
            ],
            [
              -46.5093514,
              -23.7605065
            ],
            [
              -46.5091771,
              -23.759387
            ],
            [
              -46.5091208,
              -23.7589083
            ],
            [
              -46.5090591,
              -23.7584787
            ],
            [
              -46.5089759,
              -23.758135
            ],
            [
              -46.5089518,
              -23.7578699
            ],
            [
              -46.508984,
              -23.7577128
            ],
            [
              -46.5091288,
              -23.7573863
            ],
            [
              -46.5092227,
              -23.7571334
            ],
            [
              -46.5093622,
              -23.7566842
            ],
            [
              -46.5095311,
              -23.7563577
            ],
            [
              -46.5095204,
              -23.7562889
            ],
            [
              -46.5093997,
              -23.7562325
            ],
            [
              -46.508984,
              -23.7561367
            ],
            [
              -46.5088543,
              -23.7561508
            ],
            [
              -46.5087399,
              -23.7562472
            ],
            [
              -46.5086675,
              -23.7565417
            ],
            [
              -46.5084997,
              -23.7566963
            ],
            [
              -46.5084489,
              -23.7568643
            ],
            [
              -46.5082258,
              -23.75743
            ],
            [
              -46.507831,
              -23.7578699
            ],
            [
              -46.5074876,
              -23.7581527
            ],
            [
              -46.5078996,
              -23.7581448
            ],
            [
              -46.5080713,
              -23.7582391
            ],
            [
              -46.5081657,
              -23.758844
            ],
            [
              -46.508406,
              -23.759331
            ],
            [
              -46.5084489,
              -23.7600302
            ],
            [
              -46.508303,
              -23.7607843
            ],
            [
              -46.5080713,
              -23.7612478
            ],
            [
              -46.5079597,
              -23.7615227
            ],
            [
              -46.5076164,
              -23.7618998
            ],
            [
              -46.507522,
              -23.7624732
            ],
            [
              -46.5072956,
              -23.7629392
            ],
            [
              -46.5070784,
              -23.763136
            ],
            [
              -46.5069002,
              -23.7633982
            ],
            [
              -46.506964,
              -23.7635367
            ],
            [
              -46.5071078,
              -23.7636864
            ],
            [
              -46.5072902,
              -23.7640443
            ],
            [
              -46.507479,
              -23.7645706
            ],
            [
              -46.5077709,
              -23.7649398
            ],
            [
              -46.5076507,
              -23.765254
            ],
            [
              -46.5076765,
              -23.7656154
            ],
            [
              -46.5073761,
              -23.7657725
            ],
            [
              -46.5070156,
              -23.7657411
            ],
            [
              -46.5066722,
              -23.7654818
            ],
            [
              -46.5065006,
              -23.7651833
            ],
            [
              -46.5062173,
              -23.7648377
            ],
            [
              -46.5059598,
              -23.7645942
            ],
            [
              -46.5055049,
              -23.7643899
            ],
            [
              -46.5052475,
              -23.7642093
            ],
            [
              -46.5052131,
              -23.7639186
            ],
            [
              -46.5053934,
              -23.7636201
            ],
            [
              -46.5057024,
              -23.7633216
            ],
            [
              -46.5058483,
              -23.7629446
            ],
            [
              -46.5058225,
              -23.7626696
            ],
            [
              -46.5058837,
              -23.7623947
            ],
            [
              -46.5059942,
              -23.7620962
            ],
            [
              -46.5060628,
              -23.7617977
            ],
            [
              -46.5059823,
              -23.7617123
            ],
            [
              -46.5057453,
              -23.7617505
            ],
            [
              -46.5054019,
              -23.7619548
            ],
            [
              -46.5051359,
              -23.7619862
            ],
            [
              -46.5047185,
              -23.7619135
            ],
            [
              -46.5043977,
              -23.7618841
            ],
            [
              -46.5041402,
              -23.761832
            ],
            [
              -46.5039686,
              -23.7616798
            ],
            [
              -46.5038495,
              -23.7615698
            ],
            [
              -46.5037282,
              -23.7614913
            ],
            [
              -46.5034461,
              -23.7613882
            ],
            [
              -46.5029773,
              -23.7613244
            ],
            [
              -46.5026554,
              -23.7613263
            ],
            [
              -46.5024848,
              -23.7613691
            ],
            [
              -46.502363,
              -23.7613361
            ],
            [
              -46.5023292,
              -23.7609414
            ],
            [
              -46.5023206,
              -23.7606193
            ],
            [
              -46.5022262,
              -23.7602816
            ],
            [
              -46.5021747,
              -23.760038
            ],
            [
              -46.5023807,
              -23.7599673
            ],
            [
              -46.5027154,
              -23.7599909
            ],
            [
              -46.5030187,
              -23.7599664
            ],
            [
              -46.503063,
              -23.7598768
            ],
            [
              -46.5030442,
              -23.7598031
            ],
            [
              -46.5025695,
              -23.7595667
            ],
            [
              -46.5021899,
              -23.7592938
            ],
            [
              -46.5020374,
              -23.7589618
            ],
            [
              -46.5021833,
              -23.7585376
            ],
            [
              -46.5026039,
              -23.7578777
            ],
            [
              -46.5026084,
              -23.7577275
            ],
            [
              -46.5023911,
              -23.7577226
            ],
            [
              -46.5021578,
              -23.7578429
            ],
            [
              -46.5015996,
              -23.7585533
            ],
            [
              -46.5010847,
              -23.7590954
            ],
            [
              -46.5007818,
              -23.7592987
            ],
            [
              -46.5003465,
              -23.7591975
            ],
            [
              -46.500089,
              -23.7589697
            ],
            [
              -46.4999259,
              -23.7586162
            ],
            [
              -46.4997972,
              -23.7581762
            ],
            [
              -46.499883,
              -23.7578856
            ],
            [
              -46.5001749,
              -23.7575556
            ],
            [
              -46.5001663,
              -23.7570215
            ],
            [
              -46.5001663,
              -23.7566208
            ],
            [
              -46.500398,
              -23.7562909
            ],
            [
              -46.500913,
              -23.7558588
            ],
            [
              -46.5011362,
              -23.7555524
            ],
            [
              -46.5014537,
              -23.7552539
            ],
            [
              -46.5018271,
              -23.7550791
            ],
            [
              -46.5022803,
              -23.7548041
            ],
            [
              -46.5025438,
              -23.754704
            ],
            [
              -46.5025352,
              -23.7545494
            ],
            [
              -46.502355,
              -23.754428
            ],
            [
              -46.5021919,
              -23.7543976
            ],
            [
              -46.5021404,
              -23.7542169
            ],
            [
              -46.502257,
              -23.7540795
            ],
            [
              -46.5024837,
              -23.7538241
            ],
            [
              -46.5025541,
              -23.7537186
            ],
            [
              -46.5026508,
              -23.7535738
            ],
            [
              -46.5027927,
              -23.7533612
            ],
            [
              -46.5029966,
              -23.7531425
            ],
            [
              -46.5031398,
              -23.7529561
            ],
            [
              -46.5033904,
              -23.7528623
            ],
            [
              -46.5036225,
              -23.7527267
            ],
            [
              -46.5037797,
              -23.7525593
            ],
            [
              -46.5038087,
              -23.7523737
            ],
            [
              -46.5038312,
              -23.7522294
            ],
            [
              -46.5038797,
              -23.7520897
            ],
            [
              -46.5039079,
              -23.7519731
            ],
            [
              -46.503857,
              -23.7519151
            ],
            [
              -46.5037443,
              -23.7519264
            ],
            [
              -46.5036636,
              -23.7519529
            ],
            [
              -46.5035108,
              -23.7520602
            ],
            [
              -46.5034608,
              -23.7521398
            ],
            [
              -46.5034273,
              -23.7522205
            ],
            [
              -46.5034372,
              -23.752334
            ],
            [
              -46.5033808,
              -23.7523868
            ],
            [
              -46.5032145,
              -23.7524285
            ],
            [
              -46.5028654,
              -23.7525317
            ],
            [
              -46.5027584,
              -23.7526536
            ],
            [
              -46.5026573,
              -23.752741
            ],
            [
              -46.5024494,
              -23.7529207
            ],
            [
              -46.5023657,
              -23.7531122
            ],
            [
              -46.5022476,
              -23.7532238
            ],
            [
              -46.5019767,
              -23.753295
            ],
            [
              -46.5017198,
              -23.7533724
            ],
            [
              -46.5015207,
              -23.7534951
            ],
            [
              -46.5013636,
              -23.7537164
            ],
            [
              -46.5011075,
              -23.7539491
            ],
            [
              -46.5005525,
              -23.7544212
            ],
            [
              -46.5002929,
              -23.7546338
            ],
            [
              -46.4997371,
              -23.7550889
            ],
            [
              -46.4995751,
              -23.7552507
            ],
            [
              -46.4992651,
              -23.7555603
            ],
            [
              -46.4990607,
              -23.7557777
            ],
            [
              -46.4986299,
              -23.7562359
            ],
            [
              -46.498572,
              -23.7562954
            ],
            [
              -46.4985019,
              -23.7563675
            ],
            [
              -46.4983037,
              -23.7564342
            ],
            [
              -46.4982139,
              -23.7563969
            ],
            [
              -46.4979776,
              -23.7562987
            ],
            [
              -46.4978817,
              -23.7563153
            ],
            [
              -46.4977177,
              -23.7563132
            ],
            [
              -46.4976515,
              -23.7562528
            ],
            [
              -46.4976429,
              -23.7561495
            ],
            [
              -46.4976068,
              -23.7558523
            ],
            [
              -46.4976141,
              -23.7557955
            ],
            [
              -46.4976302,
              -23.7557182
            ],
            [
              -46.4975953,
              -23.7556458
            ],
            [
              -46.4975457,
              -23.7556335
            ],
            [
              -46.4974934,
              -23.755701
            ],
            [
              -46.497479,
              -23.7557841
            ],
            [
              -46.4974197,
              -23.7559766
            ],
            [
              -46.4973298,
              -23.756084
            ],
            [
              -46.4971983,
              -23.7561527
            ],
            [
              -46.497082,
              -23.7561754
            ],
            [
              -46.4968364,
              -23.7561041
            ],
            [
              -46.496776,
              -23.7560866
            ],
            [
              -46.4966189,
              -23.7559695
            ],
            [
              -46.4965251,
              -23.7559575
            ],
            [
              -46.4963534,
              -23.7559729
            ],
            [
              -46.4962709,
              -23.7559985
            ],
            [
              -46.4962107,
              -23.7559547
            ],
            [
              -46.4961302,
              -23.7558962
            ],
            [
              -46.4960979,
              -23.7558509
            ],
            [
              -46.4962006,
              -23.7556771
            ],
            [
              -46.4962696,
              -23.7555603
            ],
            [
              -46.4964273,
              -23.7553786
            ],
            [
              -46.4965356,
              -23.7552539
            ],
            [
              -46.4965887,
              -23.7550381
            ],
            [
              -46.4966129,
              -23.7549397
            ],
            [
              -46.4968275,
              -23.7546254
            ],
            [
              -46.4968899,
              -23.7545416
            ],
            [
              -46.4971622,
              -23.754374
            ],
            [
              -46.4972302,
              -23.7543099
            ],
            [
              -46.4974505,
              -23.7540893
            ],
            [
              -46.4974614,
              -23.7539805
            ],
            [
              -46.4974089,
              -23.7539248
            ],
            [
              -46.4972533,
              -23.7539899
            ],
            [
              -46.4970298,
              -23.7541608
            ],
            [
              -46.4968532,
              -23.7542955
            ],
            [
              -46.4965279,
              -23.754575
            ],
            [
              -46.4964326,
              -23.7546568
            ],
            [
              -46.4961042,
              -23.7549971
            ],
            [
              -46.4959777,
              -23.7551282
            ],
            [
              -46.4958,
              -23.7554724
            ],
            [
              -46.4957446,
              -23.7555476
            ],
            [
              -46.4956775,
              -23.7555598
            ],
            [
              -46.4956279,
              -23.7555242
            ],
            [
              -46.4955486,
              -23.7553167
            ],
            [
              -46.4955069,
              -23.7552573
            ],
            [
              -46.4953744,
              -23.7550686
            ],
            [
              -46.4952308,
              -23.754936
            ],
            [
              -46.4950422,
              -23.7548297
            ],
            [
              -46.4949389,
              -23.7547377
            ],
            [
              -46.4945899,
              -23.7544268
            ],
            [
              -46.4945053,
              -23.7543461
            ],
            [
              -46.4943925,
              -23.7542385
            ],
            [
              -46.4943003,
              -23.7540408
            ],
            [
              -46.494246,
              -23.7538336
            ],
            [
              -46.4942743,
              -23.7537127
            ],
            [
              -46.4942986,
              -23.7535625
            ],
            [
              -46.4943352,
              -23.753444
            ],
            [
              -46.4943975,
              -23.7533336
            ],
            [
              -46.4944728,
              -23.7532106
            ],
            [
              -46.4945814,
              -23.7530504
            ],
            [
              -46.4946248,
              -23.7528875
            ],
            [
              -46.4946049,
              -23.7525728
            ],
            [
              -46.4946641,
              -23.7524359
            ],
            [
              -46.4947589,
              -23.7523393
            ],
            [
              -46.494956,
              -23.7522824
            ],
            [
              -46.4950204,
              -23.7521548
            ],
            [
              -46.4950252,
              -23.752066
            ],
            [
              -46.4950304,
              -23.7519715
            ],
            [
              -46.4951954,
              -23.7516305
            ],
            [
              -46.4952454,
              -23.7515272
            ],
            [
              -46.4953557,
              -23.7513962
            ],
            [
              -46.4954676,
              -23.7511595
            ],
            [
              -46.4955189,
              -23.7511046
            ],
            [
              -46.4957383,
              -23.7508697
            ],
            [
              -46.4958666,
              -23.7507591
            ],
            [
              -46.4960101,
              -23.7507235
            ],
            [
              -46.4961433,
              -23.7507329
            ],
            [
              -46.4962712,
              -23.7507419
            ],
            [
              -46.4964366,
              -23.750694
            ],
            [
              -46.4966312,
              -23.7506538
            ],
            [
              -46.4967223,
              -23.7506419
            ],
            [
              -46.4967663,
              -23.7505909
            ],
            [
              -46.4967732,
              -23.7505111
            ],
            [
              -46.4967397,
              -23.7504252
            ],
            [
              -46.4966927,
              -23.7503331
            ],
            [
              -46.4966431,
              -23.7502644
            ],
            [
              -46.4965425,
              -23.750106
            ],
            [
              -46.4964406,
              -23.7498544
            ],
            [
              -46.4963937,
              -23.7497255
            ],
            [
              -46.4963682,
              -23.7496236
            ],
            [
              -46.4963856,
              -23.7495451
            ],
            [
              -46.4964111,
              -23.7494518
            ],
            [
              -46.4964262,
              -23.7493658
            ],
            [
              -46.4964217,
              -23.749119
            ],
            [
              -46.4964198,
              -23.7490167
            ],
            [
              -46.4965017,
              -23.7488174
            ],
            [
              -46.4965839,
              -23.7487103
            ],
            [
              -46.496698,
              -23.7486223
            ],
            [
              -46.4968189,
              -23.7485291
            ],
            [
              -46.4969568,
              -23.7483952
            ],
            [
              -46.4971021,
              -23.7482541
            ],
            [
              -46.4972529,
              -23.7479832
            ],
            [
              -46.4973339,
              -23.7478377
            ],
            [
              -46.4975792,
              -23.7476816
            ],
            [
              -46.4976273,
              -23.747611
            ],
            [
              -46.4977174,
              -23.747479
            ],
            [
              -46.4978307,
              -23.7473129
            ],
            [
              -46.4979281,
              -23.7472529
            ],
            [
              -46.4980119,
              -23.7472014
            ],
            [
              -46.498149,
              -23.7470924
            ],
            [
              -46.4982378,
              -23.7470217
            ],
            [
              -46.498333,
              -23.7468644
            ],
            [
              -46.4983866,
              -23.7467757
            ],
            [
              -46.4985741,
              -23.7466244
            ],
            [
              -46.4985894,
              -23.7465482
            ],
            [
              -46.4988451,
              -23.7464261
            ],
            [
              -46.4990652,
              -23.7462454
            ],
            [
              -46.4994075,
              -23.7460807
            ],
            [
              -46.49961,
              -23.7460415
            ],
            [
              -46.4998096,
              -23.746017
            ],
            [
              -46.500201,
              -23.7460258
            ],
            [
              -46.50103,
              -23.7461929
            ],
            [
              -46.5011707,
              -23.7461644
            ],
            [
              -46.5012649,
              -23.7461013
            ],
            [
              -46.5016258,
              -23.7456425
            ],
            [
              -46.50234,
              -23.7451597
            ],
            [
              -46.5037201,
              -23.7448143
            ],
            [
              -46.5042863,
              -23.7447921
            ],
            [
              -46.5050556,
              -23.7445946
            ],
            [
              -46.5055132,
              -23.7443107
            ],
            [
              -46.5060121,
              -23.7438246
            ],
            [
              -46.5064991,
              -23.7434979
            ],
            [
              -46.506832,
              -23.7437048
            ],
            [
              -46.507261,
              -23.7443621
            ],
            [
              -46.5076026,
              -23.7454929
            ],
            [
              -46.5081589,
              -23.7458924
            ],
            [
              -46.5085985,
              -23.7461399
            ],
            [
              -46.5089747,
              -23.746237
            ],
            [
              -46.5093375,
              -23.7465472
            ],
            [
              -46.509657,
              -23.7470671
            ],
            [
              -46.5103817,
              -23.7470016
            ],
            [
              -46.510722,
              -23.7472962
            ],
            [
              -46.5109152,
              -23.7476055
            ],
            [
              -46.5113356,
              -23.7479897
            ],
            [
              -46.5120907,
              -23.7482401
            ],
            [
              -46.5127503,
              -23.7480354
            ],
            [
              -46.5129134,
              -23.7476678
            ],
            [
              -46.5129762,
              -23.7471222
            ],
            [
              -46.5131832,
              -23.7464961
            ],
            [
              -46.5135261,
              -23.7463869
            ],
            [
              -46.5137668,
              -23.7464559
            ],
            [
              -46.5139739,
              -23.7466512
            ],
            [
              -46.5142249,
              -23.747461
            ],
            [
              -46.5146336,
              -23.7477326
            ],
            [
              -46.5148901,
              -23.7476563
            ],
            [
              -46.5151599,
              -23.747484
            ],
            [
              -46.5157372,
              -23.7473806
            ],
            [
              -46.5163245,
              -23.7474054
            ],
            [
              -46.5171834,
              -23.7476727
            ],
            [
              -46.517965,
              -23.7480287
            ],
            [
              -46.5179975,
              -23.7483613
            ],
            [
              -46.5183793,
              -23.7486959
            ],
            [
              -46.5187584,
              -23.7492512
            ],
            [
              -46.5191227,
              -23.7494763
            ],
            [
              -46.5192328,
              -23.7495827
            ],
            [
              -46.520136,
              -23.7494081
            ],
            [
              -46.5207076,
              -23.7494426
            ],
            [
              -46.5211621,
              -23.7495128
            ],
            [
              -46.5217559,
              -23.7498835
            ],
            [
              -46.5221109,
              -23.7503207
            ],
            [
              -46.5224433,
              -23.7503307
            ],
            [
              -46.5228119,
              -23.7501743
            ],
            [
              -46.5232442,
              -23.7500869
            ],
            [
              -46.5239427,
              -23.7495858
            ],
            [
              -46.5249416,
              -23.7493498
            ],
            [
              -46.5255234,
              -23.7494335
            ],
            [
              -46.5261555,
              -23.7492013
            ],
            [
              -46.5267295,
              -23.7491252
            ],
            [
              -46.5279795,
              -23.7486198
            ],
            [
              -46.5277362,
              -23.7484395
            ],
            [
              -46.5276545,
              -23.7472426
            ],
            [
              -46.527649,
              -23.7471621
            ],
            [
              -46.5272231,
              -23.7467722
            ],
            [
              -46.5267261,
              -23.7461224
            ],
            [
              -46.5263645,
              -23.7458184
            ],
            [
              -46.5256398,
              -23.7456945
            ],
            [
              -46.5250093,
              -23.7456403
            ],
            [
              -46.5247152,
              -23.7461488
            ],
            [
              -46.5242814,
              -23.7462186
            ],
            [
              -46.5232077,
              -23.7462122
            ],
            [
              -46.5222486,
              -23.7462505
            ],
            [
              -46.5218123,
              -23.7460453
            ],
            [
              -46.5214178,
              -23.7458978
            ],
            [
              -46.5211371,
              -23.7460638
            ],
            [
              -46.520673,
              -23.7458151
            ],
            [
              -46.5202695,
              -23.7454508
            ],
            [
              -46.5199026,
              -23.7451303
            ],
            [
              -46.5194022,
              -23.7445958
            ],
            [
              -46.519423,
              -23.7441584
            ],
            [
              -46.5192112,
              -23.7433459
            ],
            [
              -46.5187182,
              -23.7432823
            ],
            [
              -46.5179238,
              -23.7428979
            ],
            [
              -46.5176792,
              -23.7424324
            ],
            [
              -46.5174162,
              -23.7419752
            ],
            [
              -46.5176153,
              -23.741669
            ],
            [
              -46.517669,
              -23.7414382
            ],
            [
              -46.5179749,
              -23.7409567
            ],
            [
              -46.5177818,
              -23.7404884
            ],
            [
              -46.5180438,
              -23.739813
            ],
            [
              -46.5177737,
              -23.7393722
            ],
            [
              -46.5178142,
              -23.7378746
            ],
            [
              -46.5176445,
              -23.7374861
            ],
            [
              -46.5181223,
              -23.7373505
            ],
            [
              -46.5186094,
              -23.7370022
            ],
            [
              -46.5188385,
              -23.7365097
            ],
            [
              -46.5197216,
              -23.7358748
            ],
            [
              -46.5205807,
              -23.7354443
            ],
            [
              -46.5203779,
              -23.7351168
            ],
            [
              -46.5204102,
              -23.7347701
            ],
            [
              -46.5195951,
              -23.7332025
            ],
            [
              -46.5193547,
              -23.7329937
            ],
            [
              -46.5190905,
              -23.7323388
            ],
            [
              -46.5186639,
              -23.7317968
            ],
            [
              -46.5180416,
              -23.731451
            ],
            [
              -46.5179265,
              -23.7312265
            ],
            [
              -46.5178741,
              -23.731037
            ],
            [
              -46.5175684,
              -23.7304578
            ],
            [
              -46.5172975,
              -23.7296933
            ],
            [
              -46.5172794,
              -23.7291694
            ],
            [
              -46.5169822,
              -23.7289403
            ],
            [
              -46.5168536,
              -23.7270069
            ],
            [
              -46.5168571,
              -23.726779
            ],
            [
              -46.5173257,
              -23.7260723
            ],
            [
              -46.5174386,
              -23.725698
            ],
            [
              -46.5175326,
              -23.7245439
            ],
            [
              -46.517783,
              -23.7242002
            ],
            [
              -46.518317,
              -23.7240097
            ],
            [
              -46.5178194,
              -23.722992
            ],
            [
              -46.5177218,
              -23.722794
            ],
            [
              -46.5175946,
              -23.7220248
            ],
            [
              -46.5173979,
              -23.7213768
            ],
            [
              -46.5174887,
              -23.7203551
            ],
            [
              -46.5175039,
              -23.7202363
            ],
            [
              -46.5175993,
              -23.7194896
            ],
            [
              -46.5177154,
              -23.7192866
            ],
            [
              -46.5186665,
              -23.7180035
            ],
            [
              -46.5191066,
              -23.7175659
            ],
            [
              -46.519247,
              -23.7173907
            ],
            [
              -46.5194274,
              -23.717241
            ],
            [
              -46.5202287,
              -23.7166987
            ],
            [
              -46.5203985,
              -23.7163173
            ],
            [
              -46.5205878,
              -23.7157803
            ],
            [
              -46.5218803,
              -23.7146993
            ],
            [
              -46.52084,
              -23.7125172
            ],
            [
              -46.5203016,
              -23.7114425
            ],
            [
              -46.5188867,
              -23.7103563
            ],
            [
              -46.5179959,
              -23.7099966
            ],
            [
              -46.517798,
              -23.7099058
            ],
            [
              -46.5176261,
              -23.7096294
            ],
            [
              -46.5174721,
              -23.7095148
            ],
            [
              -46.5175772,
              -23.7090428
            ],
            [
              -46.5176621,
              -23.7090502
            ],
            [
              -46.5195107,
              -23.7096277
            ],
            [
              -46.5204413,
              -23.7101305
            ],
            [
              -46.5240389,
              -23.7110169
            ],
            [
              -46.5244425,
              -23.7105161
            ],
            [
              -46.5244733,
              -23.7104955
            ],
            [
              -46.524903,
              -23.709855
            ],
            [
              -46.5250793,
              -23.7093911
            ],
            [
              -46.5254831,
              -23.7082742
            ],
            [
              -46.5256766,
              -23.7080519
            ],
            [
              -46.5257728,
              -23.7079372
            ],
            [
              -46.5258353,
              -23.707913
            ],
            [
              -46.5264406,
              -23.7076783
            ],
            [
              -46.5275079,
              -23.7075477
            ],
            [
              -46.5294534,
              -23.7075312
            ],
            [
              -46.5297952,
              -23.7075312
            ],
            [
              -46.5300818,
              -23.7075102
            ],
            [
              -46.5313009,
              -23.707069
            ],
            [
              -46.5317523,
              -23.7068512
            ],
            [
              -46.5318186,
              -23.7068232
            ],
            [
              -46.5318776,
              -23.7067735
            ],
            [
              -46.5321233,
              -23.706683
            ],
            [
              -46.5321811,
              -23.7066232
            ],
            [
              -46.5324891,
              -23.7065072
            ],
            [
              -46.5327796,
              -23.7063806
            ],
            [
              -46.5332165,
              -23.7069453
            ],
            [
              -46.5332781,
              -23.7070249
            ],
            [
              -46.5327158,
              -23.707454
            ],
            [
              -46.5315251,
              -23.7083181
            ],
            [
              -46.5304757,
              -23.7094233
            ],
            [
              -46.5307885,
              -23.7098202
            ],
            [
              -46.5308739,
              -23.7101691
            ],
            [
              -46.5308069,
              -23.7106233
            ],
            [
              -46.5306697,
              -23.7109122
            ],
            [
              -46.5304228,
              -23.7113016
            ],
            [
              -46.5303597,
              -23.7115553
            ],
            [
              -46.530429,
              -23.7118995
            ],
            [
              -46.530914,
              -23.7125833
            ],
            [
              -46.5310498,
              -23.7130664
            ],
            [
              -46.5303922,
              -23.713619
            ],
            [
              -46.5301547,
              -23.7152524
            ],
            [
              -46.530046,
              -23.7156822
            ],
            [
              -46.5298404,
              -23.7163323
            ],
            [
              -46.5296503,
              -23.7168473
            ],
            [
              -46.5289907,
              -23.7176821
            ],
            [
              -46.5278911,
              -23.7186438
            ],
            [
              -46.5272331,
              -23.719147
            ],
            [
              -46.5280906,
              -23.7203736
            ],
            [
              -46.5260092,
              -23.7218935
            ],
            [
              -46.5289609,
              -23.7250471
            ],
            [
              -46.5308277,
              -23.7270416
            ],
            [
              -46.5313782,
              -23.7274955
            ],
            [
              -46.5344358,
              -23.7305533
            ],
            [
              -46.5340982,
              -23.7305834
            ],
            [
              -46.534215,
              -23.7319859
            ],
            [
              -46.5342349,
              -23.7342104
            ],
            [
              -46.5343308,
              -23.7351217
            ],
            [
              -46.5344292,
              -23.735332
            ],
            [
              -46.5342651,
              -23.7354565
            ],
            [
              -46.533229,
              -23.7361989
            ],
            [
              -46.5329103,
              -23.7362161
            ],
            [
              -46.5328219,
              -23.7363083
            ],
            [
              -46.5325772,
              -23.7365637
            ],
            [
              -46.5316069,
              -23.7375765
            ],
            [
              -46.531546,
              -23.7389047
            ],
            [
              -46.5314171,
              -23.7389648
            ],
            [
              -46.5312295,
              -23.7389927
            ],
            [
              -46.5310115,
              -23.7389884
            ],
            [
              -46.5307631,
              -23.7389369
            ],
            [
              -46.5303294,
              -23.7388404
            ],
            [
              -46.53032,
              -23.7390378
            ],
            [
              -46.5302919,
              -23.7391365
            ],
            [
              -46.5301981,
              -23.7392652
            ],
            [
              -46.5301794,
              -23.7394283
            ],
            [
              -46.5299965,
              -23.7394498
            ],
            [
              -46.5299778,
              -23.7407973
            ],
            [
              -46.5311264,
              -23.7407887
            ],
            [
              -46.5312342,
              -23.7409217
            ],
            [
              -46.5315718,
              -23.7408488
            ],
            [
              -46.5317499,
              -23.7407844
            ],
            [
              -46.533147,
              -23.740793
            ],
            [
              -46.5337987,
              -23.7410462
            ],
            [
              -46.5342956,
              -23.7411106
            ],
            [
              -46.5344076,
              -23.7411181
            ],
            [
              -46.5346191,
              -23.7410891
            ],
            [
              -46.5349098,
              -23.7411835
            ],
            [
              -46.5351067,
              -23.7410891
            ],
            [
              -46.5350317,
              -23.7407758
            ],
            [
              -46.5351207,
              -23.7406471
            ],
            [
              -46.5353256,
              -23.7406793
            ],
            [
              -46.5355366,
              -23.7407201
            ],
            [
              -46.5356866,
              -23.7407351
            ],
            [
              -46.5357663,
              -23.7407201
            ],
            [
              -46.5361836,
              -23.7414904
            ],
            [
              -46.536459,
              -23.7413563
            ],
            [
              -46.5366419,
              -23.7411857
            ],
            [
              -46.5369303,
              -23.7409065
            ],
            [
              -46.5375767,
              -23.7402966
            ],
            [
              -46.5386701,
              -23.7410773
            ],
            [
              -46.5388143,
              -23.7410891
            ],
            [
              -46.5394425,
              -23.7416802
            ],
            [
              -46.5395632,
              -23.741692
            ],
            [
              -46.5406367,
              -23.7427048
            ],
            [
              -46.5402281,
              -23.7441945
            ],
            [
              -46.539863,
              -23.7453903
            ],
            [
              -46.5395207,
              -23.7463615
            ],
            [
              -46.539013,
              -23.7473014
            ],
            [
              -46.5386127,
              -23.7478887
            ],
            [
              -46.5374603,
              -23.7495022
            ],
            [
              -46.5357166,
              -23.751907
            ],
            [
              -46.5347243,
              -23.7532657
            ],
            [
              -46.5341091,
              -23.7541518
            ],
            [
              -46.5339457,
              -23.7545838
            ],
            [
              -46.533853,
              -23.7550066
            ],
            [
              -46.5338353,
              -23.7553952
            ],
            [
              -46.5338494,
              -23.7555798
            ],
            [
              -46.5338999,
              -23.75589
            ],
            [
              -46.5339987,
              -23.7562056
            ],
            [
              -46.534154,
              -23.7566044
            ],
            [
              -46.5343496,
              -23.7571287
            ],
            [
              -46.5344545,
              -23.7574923
            ],
            [
              -46.5345049,
              -23.7579926
            ],
            [
              -46.5344807,
              -23.7583294
            ],
            [
              -46.5344393,
              -23.75858
            ],
            [
              -46.5343053,
              -23.7591139
            ],
            [
              -46.5338756,
              -23.7608002
            ],
            [
              -46.5337667,
              -23.7612838
            ],
            [
              -46.5337687,
              -23.7618893
            ],
            [
              -46.5337909,
              -23.7622695
            ],
            [
              -46.5338695,
              -23.7628898
            ],
            [
              -46.5341011,
              -23.7647132
            ],
            [
              -46.5341755,
              -23.7654321
            ],
            [
              -46.5342755,
              -23.76627
            ],
            [
              -46.5343567,
              -23.7668782
            ],
            [
              -46.5343963,
              -23.7675849
            ],
            [
              -46.5343479,
              -23.7683107
            ],
            [
              -46.5341833,
              -23.7690355
            ],
            [
              -46.5340476,
              -23.769404
            ],
            [
              -46.5339687,
              -23.7693529
            ],
            [
              -46.5339091,
              -23.7693013
            ],
            [
              -46.5336683,
              -23.7692381
            ],
            [
              -46.5334813,
              -23.7691129
            ],
            [
              -46.5333813,
              -23.7690135
            ],
            [
              -46.5333518,
              -23.7689178
            ],
            [
              -46.5333438,
              -23.7688257
            ],
            [
              -46.5333666,
              -23.7686821
            ],
            [
              -46.5333143,
              -23.7683986
            ],
            [
              -46.533207,
              -23.7679887
            ],
            [
              -46.5331721,
              -23.7679322
            ],
            [
              -46.5331024,
              -23.767888
            ],
            [
              -46.5330112,
              -23.767861
            ],
            [
              -46.5329066,
              -23.7678806
            ],
            [
              -46.5327376,
              -23.7680279
            ],
            [
              -46.5325043,
              -23.7682783
            ],
            [
              -46.5323246,
              -23.7684207
            ],
            [
              -46.5321422,
              -23.7685238
            ],
            [
              -46.5319651,
              -23.7685361
            ],
            [
              -46.5318927,
              -23.7684894
            ],
            [
              -46.5317103,
              -23.7683667
            ],
            [
              -46.5316674,
              -23.7682832
            ],
            [
              -46.531595,
              -23.7680549
            ],
            [
              -46.5314636,
              -23.7678512
            ],
            [
              -46.5313134,
              -23.767537
            ],
            [
              -46.5311551,
              -23.7672522
            ],
            [
              -46.5311202,
              -23.7671639
            ],
            [
              -46.531131,
              -23.7670878
            ],
            [
              -46.5311712,
              -23.7670166
            ],
            [
              -46.5312248,
              -23.766965
            ],
            [
              -46.5315172,
              -23.7666705
            ],
            [
              -46.5315655,
              -23.7666017
            ],
            [
              -46.5315548,
              -23.7665281
            ],
            [
              -46.5314931,
              -23.7664716
            ],
            [
              -46.5313241,
              -23.7664324
            ],
            [
              -46.5311149,
              -23.7664446
            ],
            [
              -46.5307716,
              -23.7664986
            ],
            [
              -46.5306535,
              -23.7665575
            ],
            [
              -46.5305275,
              -23.766641
            ],
            [
              -46.5303478,
              -23.766803
            ],
            [
              -46.5302861,
              -23.7668889
            ],
            [
              -46.5301681,
              -23.7669356
            ],
            [
              -46.5298918,
              -23.7671565
            ],
            [
              -46.5297925,
              -23.7672252
            ],
            [
              -46.5297255,
              -23.7672252
            ],
            [
              -46.5296584,
              -23.7672007
            ],
            [
              -46.5296048,
              -23.7671442
            ],
            [
              -46.5294546,
              -23.7667687
            ],
            [
              -46.5294197,
              -23.7665919
            ],
            [
              -46.5293768,
              -23.766263
            ],
            [
              -46.5293956,
              -23.7660052
            ],
            [
              -46.5294224,
              -23.7658849
            ],
            [
              -46.5294492,
              -23.7658162
            ],
            [
              -46.529991,
              -23.7651657
            ],
            [
              -46.5301037,
              -23.7649963
            ],
            [
              -46.5302002,
              -23.764957
            ],
            [
              -46.5302512,
              -23.764876
            ],
            [
              -46.5302083,
              -23.7647558
            ],
            [
              -46.5302137,
              -23.7646232
            ],
            [
              -46.5302351,
              -23.7645397
            ],
            [
              -46.5302566,
              -23.7644612
            ],
            [
              -46.5302351,
              -23.7643311
            ],
            [
              -46.5302941,
              -23.7641641
            ],
            [
              -46.5303558,
              -23.7640365
            ],
            [
              -46.5303853,
              -23.7639825
            ],
            [
              -46.530388,
              -23.7636437
            ],
            [
              -46.5304202,
              -23.7633983
            ],
            [
              -46.5304443,
              -23.7633123
            ],
            [
              -46.5304819,
              -23.7632436
            ],
            [
              -46.5306066,
              -23.7631288
            ],
            [
              -46.5305811,
              -23.7630828
            ],
            [
              -46.5305342,
              -23.763011
            ],
            [
              -46.5304537,
              -23.7629613
            ],
            [
              -46.5303874,
              -23.7629368
            ],
            [
              -46.5302807,
              -23.7629196
            ],
            [
              -46.5301788,
              -23.7629711
            ],
            [
              -46.5301091,
              -23.763084
            ],
            [
              -46.5300393,
              -23.7632166
            ],
            [
              -46.5299213,
              -23.7634253
            ],
            [
              -46.5298274,
              -23.7635603
            ],
            [
              -46.529704,
              -23.7637149
            ],
            [
              -46.5295297,
              -23.7638696
            ],
            [
              -46.529476,
              -23.7639997
            ],
            [
              -46.5295016,
              -23.764077
            ],
            [
              -46.5294841,
              -23.7641715
            ],
            [
              -46.5294305,
              -23.7642402
            ],
            [
              -46.5293071,
              -23.7642746
            ],
            [
              -46.5291984,
              -23.7643212
            ],
            [
              -46.5290979,
              -23.7643654
            ],
            [
              -46.5289208,
              -23.7643998
            ],
            [
              -46.5288002,
              -23.7644587
            ],
            [
              -46.5287143,
              -23.7645815
            ],
            [
              -46.5286687,
              -23.7648981
            ],
            [
              -46.5286231,
              -23.7649276
            ],
            [
              -46.5284997,
              -23.7649497
            ],
            [
              -46.5284246,
              -23.7649644
            ],
            [
              -46.5283147,
              -23.7650184
            ],
            [
              -46.5282315,
              -23.7650749
            ],
            [
              -46.5280786,
              -23.7652786
            ],
            [
              -46.5278292,
              -23.765448
            ],
            [
              -46.5277299,
              -23.7654775
            ],
            [
              -46.5276119,
              -23.7654995
            ],
            [
              -46.5274671,
              -23.7654603
            ],
            [
              -46.5273061,
              -23.7653891
            ],
            [
              -46.5272364,
              -23.7653228
            ],
            [
              -46.5271935,
              -23.7652737
            ],
            [
              -46.5271908,
              -23.765205
            ],
            [
              -46.5272471,
              -23.7651141
            ],
            [
              -46.527282,
              -23.764989
            ],
            [
              -46.5272766,
              -23.7648122
            ],
            [
              -46.527274,
              -23.7646846
            ],
            [
              -46.5272579,
              -23.7645913
            ],
            [
              -46.5271962,
              -23.7643262
            ],
            [
              -46.5271693,
              -23.76412
            ],
            [
              -46.5271586,
              -23.7639064
            ],
            [
              -46.5271586,
              -23.7637174
            ],
            [
              -46.5271613,
              -23.7636094
            ],
            [
              -46.5271023,
              -23.7634744
            ],
            [
              -46.5270379,
              -23.7633688
            ],
            [
              -46.5269709,
              -23.7632804
            ],
            [
              -46.5268931,
              -23.7632191
            ],
            [
              -46.5267348,
              -23.7631798
            ],
            [
              -46.5265122,
              -23.7631822
            ],
            [
              -46.5262789,
              -23.7632387
            ],
            [
              -46.5260589,
              -23.7633123
            ],
            [
              -46.5259168,
              -23.7633786
            ],
            [
              -46.5257585,
              -23.7634326
            ],
            [
              -46.5255895,
              -23.7634547
            ],
            [
              -46.5254366,
              -23.7634351
            ],
            [
              -46.5252972,
              -23.7634081
            ],
            [
              -46.5252569,
              -23.7633688
            ],
            [
              -46.5252435,
              -23.7632313
            ],
            [
              -46.5252113,
              -23.7630399
            ],
            [
              -46.5252247,
              -23.7626814
            ],
            [
              -46.5252274,
              -23.7625833
            ],
            [
              -46.5252435,
              -23.7624973
            ],
            [
              -46.5253589,
              -23.7622739
            ],
            [
              -46.525383,
              -23.7621978
            ],
            [
              -46.5253776,
              -23.7621144
            ],
            [
              -46.5252301,
              -23.7615179
            ],
            [
              -46.5252033,
              -23.7613804
            ],
            [
              -46.5252033,
              -23.7613067
            ],
            [
              -46.5252596,
              -23.7611153
            ],
            [
              -46.525324,
              -23.760968
            ],
            [
              -46.525383,
              -23.7609164
            ],
            [
              -46.5254608,
              -23.7609041
            ],
            [
              -46.5255788,
              -23.7609189
            ],
            [
              -46.5260965,
              -23.7610441
            ],
            [
              -46.5263781,
              -23.7610981
            ],
            [
              -46.5266517,
              -23.7611153
            ],
            [
              -46.5268153,
              -23.7610981
            ],
            [
              -46.5269789,
              -23.7610367
            ],
            [
              -46.527113,
              -23.7609336
            ],
            [
              -46.5272123,
              -23.7608084
            ],
            [
              -46.5272015,
              -23.7607421
            ],
            [
              -46.5271291,
              -23.7607274
            ],
            [
              -46.526987,
              -23.7607274
            ],
            [
              -46.5268314,
              -23.7607667
            ],
            [
              -46.5266839,
              -23.7607888
            ],
            [
              -46.526539,
              -23.7607863
            ],
            [
              -46.5264264,
              -23.7607519
            ],
            [
              -46.5262949,
              -23.7606857
            ],
            [
              -46.5262011,
              -23.7606169
            ],
            [
              -46.5261179,
              -23.7604991
            ],
            [
              -46.5260723,
              -23.760423
            ],
            [
              -46.5260267,
              -23.7604623
            ],
            [
              -46.5259624,
              -23.7605114
            ],
            [
              -46.5258953,
              -23.7605457
            ],
            [
              -46.5258256,
              -23.7605163
            ],
            [
              -46.525737,
              -23.7604475
            ],
            [
              -46.5256298,
              -23.7602953
            ],
            [
              -46.5255681,
              -23.7601775
            ],
            [
              -46.5255439,
              -23.760067
            ],
            [
              -46.5255412,
              -23.7596153
            ],
            [
              -46.5255466,
              -23.7595221
            ],
            [
              -46.5255252,
              -23.759441
            ],
            [
              -46.5252569,
              -23.7590802
            ],
            [
              -46.5251899,
              -23.758955
            ],
            [
              -46.5251792,
              -23.7588519
            ],
            [
              -46.5251818,
              -23.7587316
            ],
            [
              -46.5251952,
              -23.7586211
            ],
            [
              -46.5252462,
              -23.7585352
            ],
            [
              -46.525434,
              -23.7582701
            ],
            [
              -46.525391,
              -23.7581449
            ],
            [
              -46.525391,
              -23.7580639
            ],
            [
              -46.5254071,
              -23.7579779
            ],
            [
              -46.5252247,
              -23.7578405
            ],
            [
              -46.5250155,
              -23.7580491
            ],
            [
              -46.5249726,
              -23.7581522
            ],
            [
              -46.5249968,
              -23.7582799
            ],
            [
              -46.5249968,
              -23.7583707
            ],
            [
              -46.5249699,
              -23.7584836
            ],
            [
              -46.5249297,
              -23.7588764
            ],
            [
              -46.5248948,
              -23.7591612
            ],
            [
              -46.5249538,
              -23.7595712
            ],
            [
              -46.524986,
              -23.7596939
            ],
            [
              -46.5250611,
              -23.7597872
            ],
            [
              -46.5250611,
              -23.7599566
            ],
            [
              -46.5249538,
              -23.7600597
            ],
            [
              -46.5246373,
              -23.7602953
            ],
            [
              -46.5245917,
              -23.7603862
            ],
            [
              -46.5245381,
              -23.7604745
            ],
            [
              -46.5237013,
              -23.7612797
            ],
            [
              -46.5232399,
              -23.7616283
            ],
            [
              -46.5230092,
              -23.7617903
            ],
            [
              -46.5229341,
              -23.7618198
            ],
            [
              -46.5228027,
              -23.7617584
            ],
            [
              -46.5226471,
              -23.7616823
            ],
            [
              -46.5223736,
              -23.761594
            ],
            [
              -46.5221509,
              -23.7615056
            ],
            [
              -46.5219095,
              -23.7613681
            ],
            [
              -46.5216574,
              -23.7612331
            ],
            [
              -46.5215367,
              -23.7610563
            ],
            [
              -46.5214187,
              -23.7610073
            ],
            [
              -46.521365,
              -23.760914
            ],
            [
              -46.5213034,
              -23.7607912
            ],
            [
              -46.5213114,
              -23.7605973
            ],
            [
              -46.5212819,
              -23.7602462
            ],
            [
              -46.5212873,
              -23.7598044
            ],
            [
              -46.5212765,
              -23.7596743
            ],
            [
              -46.521188,
              -23.7596423
            ],
            [
              -46.5209895,
              -23.7596865
            ],
            [
              -46.5208769,
              -23.7596595
            ],
            [
              -46.5208474,
              -23.7595073
            ],
            [
              -46.5208474,
              -23.759333
            ],
            [
              -46.520893,
              -23.7590655
            ],
            [
              -46.5208501,
              -23.7588862
            ],
            [
              -46.5207509,
              -23.7587586
            ],
            [
              -46.5205202,
              -23.7588151
            ],
            [
              -46.5204129,
              -23.7590016
            ],
            [
              -46.5203565,
              -23.759063
            ],
            [
              -46.5202761,
              -23.7591293
            ],
            [
              -46.5201795,
              -23.7592226
            ],
            [
              -46.5200213,
              -23.7593502
            ],
            [
              -46.5199408,
              -23.7594288
            ],
            [
              -46.5198469,
              -23.759608
            ],
            [
              -46.5197825,
              -23.7597086
            ],
            [
              -46.5197396,
              -23.7597479
            ],
            [
              -46.5196297,
              -23.7597675
            ],
            [
              -46.519509,
              -23.7597602
            ],
            [
              -46.5194204,
              -23.7597283
            ],
            [
              -46.5192997,
              -23.7596374
            ],
            [
              -46.519179,
              -23.7595147
            ],
            [
              -46.5190583,
              -23.75936
            ],
            [
              -46.5189591,
              -23.7591735
            ],
            [
              -46.518884,
              -23.7589574
            ],
            [
              -46.5188143,
              -23.7587758
            ],
            [
              -46.5187579,
              -23.758491
            ],
            [
              -46.5186252,
              -23.7581056
            ],
            [
              -46.5185541,
              -23.7579141
            ],
            [
              -46.5185165,
              -23.7578294
            ],
            [
              -46.5185031,
              -23.7577545
            ],
            [
              -46.5185165,
              -23.7577079
            ],
            [
              -46.5185568,
              -23.7576649
            ],
            [
              -46.5185353,
              -23.7575716
            ],
            [
              -46.5184736,
              -23.7573875
            ],
            [
              -46.518479,
              -23.7573335
            ],
            [
              -46.5185407,
              -23.7572623
            ],
            [
              -46.5185501,
              -23.7571334
            ],
            [
              -46.5185916,
              -23.7570254
            ],
            [
              -46.5186104,
              -23.7566498
            ],
            [
              -46.5186453,
              -23.7565443
            ],
            [
              -46.5186077,
              -23.7564903
            ],
            [
              -46.5185675,
              -23.7564632
            ],
            [
              -46.5185085,
              -23.756478
            ],
            [
              -46.5184656,
              -23.7565246
            ],
            [
              -46.5183985,
              -23.7566719
            ],
            [
              -46.5183449,
              -23.7567308
            ],
            [
              -46.518251,
              -23.7567652
            ],
            [
              -46.5181357,
              -23.756721
            ],
            [
              -46.5178943,
              -23.7566179
            ],
            [
              -46.5177333,
              -23.7565246
            ],
            [
              -46.5175778,
              -23.7563798
            ],
            [
              -46.5174973,
              -23.7563356
            ],
            [
              -46.5174534,
              -23.7563392
            ],
            [
              -46.5174182,
              -23.756354
            ],
            [
              -46.5173954,
              -23.7563945
            ],
            [
              -46.5174034,
              -23.7564657
            ],
            [
              -46.5174598,
              -23.7566425
            ],
            [
              -46.51761,
              -23.7569641
            ],
            [
              -46.517795,
              -23.7572856
            ],
            [
              -46.5178782,
              -23.7575066
            ],
            [
              -46.5178996,
              -23.7579067
            ],
            [
              -46.5179613,
              -23.7582578
            ],
            [
              -46.5179747,
              -23.7585057
            ],
            [
              -46.5180311,
              -23.7588494
            ],
            [
              -46.5180954,
              -23.758982
            ],
            [
              -46.5181062,
              -23.7590949
            ],
            [
              -46.5180203,
              -23.759306
            ],
            [
              -46.5180123,
              -23.7594091
            ],
            [
              -46.5179211,
              -23.7595442
            ],
            [
              -46.5178514,
              -23.7596325
            ],
            [
              -46.5177494,
              -23.759689
            ],
            [
              -46.5172988,
              -23.7599296
            ],
            [
              -46.5171164,
              -23.7600818
            ],
            [
              -46.5167624,
              -23.7602413
            ],
            [
              -46.5163681,
              -23.7603935
            ],
            [
              -46.5159631,
              -23.7605187
            ],
            [
              -46.515888,
              -23.7605335
            ],
            [
              -46.5158209,
              -23.7605236
            ],
            [
              -46.5157136,
              -23.760477
            ],
            [
              -46.5156171,
              -23.760396
            ],
            [
              -46.5155554,
              -23.7602659
            ],
            [
              -46.5155044,
              -23.7601309
            ],
            [
              -46.5154803,
              -23.7599885
            ],
            [
              -46.5154803,
              -23.7598633
            ],
            [
              -46.5155205,
              -23.7596153
            ],
            [
              -46.5155393,
              -23.7594877
            ],
            [
              -46.5155098,
              -23.7594116
            ],
            [
              -46.5154454,
              -23.759317
            ],
            [
              -46.5153569,
              -23.759263
            ],
            [
              -46.5152831,
              -23.7592533
            ],
            [
              -46.5152121,
              -23.7593429
            ],
            [
              -46.5150645,
              -23.7595491
            ],
            [
              -46.515027,
              -23.7597184
            ],
            [
              -46.5149626,
              -23.7598461
            ],
            [
              -46.5148634,
              -23.7599492
            ],
            [
              -46.5148178,
              -23.7599836
            ],
            [
              -46.5146998,
              -23.7600106
            ],
            [
              -46.5145898,
              -23.7600057
            ],
            [
              -46.5142813,
              -23.7599148
            ],
            [
              -46.5141016,
              -23.7598559
            ],
            [
              -46.5140507,
              -23.7598338
            ],
            [
              -46.5139943,
              -23.7597626
            ],
            [
              -46.5138602,
              -23.7595515
            ],
            [
              -46.5136966,
              -23.759225
            ],
            [
              -46.5135866,
              -23.7590114
            ],
            [
              -46.5135008,
              -23.758766
            ],
            [
              -46.5134338,
              -23.7584836
            ],
            [
              -46.5134472,
              -23.7581645
            ],
            [
              -46.5134472,
              -23.7580344
            ],
            [
              -46.5134096,
              -23.7579141
            ],
            [
              -46.5133533,
              -23.7578969
            ],
            [
              -46.5132728,
              -23.7579706
            ],
            [
              -46.5131816,
              -23.7581007
            ],
            [
              -46.5130582,
              -23.7582995
            ],
            [
              -46.5129322,
              -23.7585131
            ],
            [
              -46.5128222,
              -23.7587267
            ],
            [
              -46.5127525,
              -23.7590164
            ],
            [
              -46.512672,
              -23.7592226
            ],
            [
              -46.5126345,
              -23.7595196
            ],
            [
              -46.5126345,
              -23.7597896
            ],
            [
              -46.5127793,
              -23.7607127
            ]
          ]
        ]
      },
      "id": "relation/4573232"
    },
    {
      "type": "Feature",
      "properties": {
        "@id": "relation/4573233",
        "admin_level": "10",
        "boundary": "administrative",
        "name": "Nova Petrópolis",
        "place": "suburb",
        "type": "boundary"
      },
      "geometry": {
        "type": "Polygon",
        "coordinates": [
          [
            [
              -46.5443925,
              -23.7108443
            ],
            [
              -46.543928,
              -23.7104491
            ],
            [
              -46.5436041,
              -23.7101721
            ],
            [
              -46.5433402,
              -23.7099856
            ],
            [
              -46.5427946,
              -23.7096626
            ],
            [
              -46.5423722,
              -23.7093745
            ],
            [
              -46.5415439,
              -23.7103532
            ],
            [
              -46.538406,
              -23.7124471
            ],
            [
              -46.5383731,
              -23.7124647
            ],
            [
              -46.5356783,
              -23.7145375
            ],
            [
              -46.5280906,
              -23.7203736
            ],
            [
              -46.5272331,
              -23.719147
            ],
            [
              -46.5278911,
              -23.7186438
            ],
            [
              -46.5289907,
              -23.7176821
            ],
            [
              -46.5296503,
              -23.7168473
            ],
            [
              -46.5298404,
              -23.7163323
            ],
            [
              -46.530046,
              -23.7156822
            ],
            [
              -46.5301547,
              -23.7152524
            ],
            [
              -46.5303922,
              -23.713619
            ],
            [
              -46.5310498,
              -23.7130664
            ],
            [
              -46.530914,
              -23.7125833
            ],
            [
              -46.530429,
              -23.7118995
            ],
            [
              -46.5303597,
              -23.7115553
            ],
            [
              -46.5304228,
              -23.7113016
            ],
            [
              -46.5306697,
              -23.7109122
            ],
            [
              -46.5308069,
              -23.7106233
            ],
            [
              -46.5308739,
              -23.7101691
            ],
            [
              -46.5307885,
              -23.7098202
            ],
            [
              -46.5304757,
              -23.7094233
            ],
            [
              -46.5315251,
              -23.7083181
            ],
            [
              -46.5327158,
              -23.707454
            ],
            [
              -46.5332781,
              -23.7070249
            ],
            [
              -46.534542,
              -23.7062463
            ],
            [
              -46.536627,
              -23.7052864
            ],
            [
              -46.5398595,
              -23.7035639
            ],
            [
              -46.5447933,
              -23.7015728
            ],
            [
              -46.5475093,
              -23.7002436
            ],
            [
              -46.5479624,
              -23.7000475
            ],
            [
              -46.5483186,
              -23.699989
            ],
            [
              -46.5493564,
              -23.700023
            ],
            [
              -46.5497744,
              -23.6999475
            ],
            [
              -46.550419,
              -23.6997326
            ],
            [
              -46.5509441,
              -23.6994083
            ],
            [
              -46.5514094,
              -23.6990406
            ],
            [
              -46.5514625,
              -23.6989905
            ],
            [
              -46.5516438,
              -23.6988292
            ],
            [
              -46.5516606,
              -23.6995723
            ],
            [
              -46.551026,
              -23.7054948
            ],
            [
              -46.5504989,
              -23.7057294
            ],
            [
              -46.5478227,
              -23.7071506
            ],
            [
              -46.547316,
              -23.7074892
            ],
            [
              -46.5468151,
              -23.7078758
            ],
            [
              -46.5463957,
              -23.7083878
            ],
            [
              -46.545062,
              -23.7099289
            ],
            [
              -46.5448026,
              -23.710274
            ],
            [
              -46.5443925,
              -23.7108443
            ]
          ]
        ]
      },
      "id": "relation/4573233"
    },
    {
      "type": "Feature",
      "properties": {
        "@id": "relation/4573234",
        "admin_level": "10",
        "boundary": "administrative",
        "name": "Planalto",
        "place": "suburb",
        "type": "boundary"
      },
      "geometry": {
        "type": "Polygon",
        "coordinates": [
          [
            [
              -46.579554,
              -23.6907046
            ],
            [
              -46.5795615,
              -23.6908801
            ],
            [
              -46.5796096,
              -23.6912406
            ],
            [
              -46.5793832,
              -23.6911431
            ],
            [
              -46.5793687,
              -23.6911368
            ],
            [
              -46.5793937,
              -23.6914962
            ],
            [
              -46.5795061,
              -23.6921882
            ],
            [
              -46.5796109,
              -23.6929296
            ],
            [
              -46.5797682,
              -23.6934854
            ],
            [
              -46.5797862,
              -23.693552
            ],
            [
              -46.5799508,
              -23.6939625
            ],
            [
              -46.5800596,
              -23.6944707
            ],
            [
              -46.58005,
              -23.6946172
            ],
            [
              -46.5800122,
              -23.6948587
            ],
            [
              -46.5799802,
              -23.694961
            ],
            [
              -46.579946,
              -23.6950146
            ],
            [
              -46.5799165,
              -23.6950891
            ],
            [
              -46.5798387,
              -23.695211
            ],
            [
              -46.579736,
              -23.695388
            ],
            [
              -46.5796211,
              -23.6955308
            ],
            [
              -46.5795171,
              -23.6956323
            ],
            [
              -46.5791178,
              -23.6960376
            ],
            [
              -46.5789141,
              -23.6962412
            ],
            [
              -46.5786375,
              -23.6965112
            ],
            [
              -46.5785653,
              -23.6965929
            ],
            [
              -46.578429,
              -23.69675
            ],
            [
              -46.5783184,
              -23.6968825
            ],
            [
              -46.5782495,
              -23.6969801
            ],
            [
              -46.5781555,
              -23.6971184
            ],
            [
              -46.5781016,
              -23.6972185
            ],
            [
              -46.5780537,
              -23.6973347
            ],
            [
              -46.5780156,
              -23.6974279
            ],
            [
              -46.5779498,
              -23.697617
            ],
            [
              -46.5778765,
              -23.6977836
            ],
            [
              -46.5774076,
              -23.6996257
            ],
            [
              -46.5767575,
              -23.7022498
            ],
            [
              -46.576287,
              -23.7041171
            ],
            [
              -46.5759826,
              -23.7053399
            ],
            [
              -46.5758744,
              -23.7056953
            ],
            [
              -46.5758005,
              -23.7059339
            ],
            [
              -46.5757472,
              -23.7061114
            ],
            [
              -46.5742193,
              -23.7107647
            ],
            [
              -46.5740426,
              -23.7113419
            ],
            [
              -46.5739997,
              -23.7115132
            ],
            [
              -46.5739809,
              -23.7116619
            ],
            [
              -46.5736428,
              -23.7116617
            ],
            [
              -46.5729055,
              -23.7116451
            ],
            [
              -46.5722028,
              -23.7116372
            ],
            [
              -46.5677091,
              -23.7114899
            ],
            [
              -46.5613817,
              -23.7112569
            ],
            [
              -46.5613451,
              -23.7015155
            ],
            [
              -46.5613476,
              -23.7009705
            ],
            [
              -46.5613906,
              -23.7003224
            ],
            [
              -46.5615153,
              -23.6995875
            ],
            [
              -46.5616836,
              -23.6989148
            ],
            [
              -46.5619562,
              -23.6981327
            ],
            [
              -46.5624824,
              -23.6966345
            ],
            [
              -46.5635311,
              -23.6936398
            ],
            [
              -46.5647999,
              -23.6898253
            ],
            [
              -46.5648467,
              -23.6896777
            ],
            [
              -46.5652906,
              -23.6897978
            ],
            [
              -46.5655919,
              -23.6898709
            ],
            [
              -46.5659218,
              -23.6899104
            ],
            [
              -46.5664972,
              -23.6899526
            ],
            [
              -46.5670713,
              -23.6899457
            ],
            [
              -46.5682074,
              -23.6898185
            ],
            [
              -46.5711747,
              -23.6895189
            ],
            [
              -46.5724193,
              -23.689493
            ],
            [
              -46.5736258,
              -23.6895384
            ],
            [
              -46.5762378,
              -23.6901619
            ],
            [
              -46.5777804,
              -23.6905277
            ],
            [
              -46.5784253,
              -23.690516
            ],
            [
              -46.5788549,
              -23.6905454
            ],
            [
              -46.5792592,
              -23.690596
            ],
            [
              -46.579554,
              -23.6907046
            ]
          ]
        ]
      },
      "id": "relation/4573234"
    },
    {
      "type": "Feature",
      "properties": {
        "@id": "relation/4573235",
        "IBGE:GEOCODIGO": "3548708024",
        "admin_level": "10",
        "boundary": "administrative",
        "name": "Rio Grande",
        "place": "suburb",
        "population": "6344",
        "type": "boundary"
      },
      "geometry": {
        "type": "Polygon",
        "coordinates": [
          [
            [
              -46.5207456,
              -23.7703181
            ],
            [
              -46.5208486,
              -23.7703596
            ],
            [
              -46.5211638,
              -23.7705184
            ],
            [
              -46.5214345,
              -23.7706547
            ],
            [
              -46.5215595,
              -23.7707791
            ],
            [
              -46.5216039,
              -23.7708449
            ],
            [
              -46.5216541,
              -23.7709975
            ],
            [
              -46.5216724,
              -23.7710673
            ],
            [
              -46.5217272,
              -23.7711713
            ],
            [
              -46.5218919,
              -23.7714727
            ],
            [
              -46.5219332,
              -23.7715484
            ],
            [
              -46.5220933,
              -23.7719391
            ],
            [
              -46.5221392,
              -23.7720511
            ],
            [
              -46.5221448,
              -23.7721662
            ],
            [
              -46.5221502,
              -23.7722381
            ],
            [
              -46.522165,
              -23.7724882
            ],
            [
              -46.5221735,
              -23.7726323
            ],
            [
              -46.5221446,
              -23.7729052
            ],
            [
              -46.5221086,
              -23.7730702
            ],
            [
              -46.5220499,
              -23.7732259
            ],
            [
              -46.5219096,
              -23.7733888
            ],
            [
              -46.521878,
              -23.7735082
            ],
            [
              -46.5218546,
              -23.7736835
            ],
            [
              -46.521834,
              -23.7738201
            ],
            [
              -46.5217245,
              -23.77403
            ],
            [
              -46.5218999,
              -23.774078
            ],
            [
              -46.5220276,
              -23.7741326
            ],
            [
              -46.5221416,
              -23.7741253
            ],
            [
              -46.5222231,
              -23.77412
            ],
            [
              -46.5223393,
              -23.7741125
            ],
            [
              -46.5224188,
              -23.7740758
            ],
            [
              -46.522551,
              -23.7740149
            ],
            [
              -46.5228087,
              -23.7738813
            ],
            [
              -46.5230342,
              -23.7738297
            ],
            [
              -46.523152,
              -23.7738027
            ],
            [
              -46.5232792,
              -23.7738526
            ],
            [
              -46.5233923,
              -23.773897
            ],
            [
              -46.5234324,
              -23.7739666
            ],
            [
              -46.523564,
              -23.7741954
            ],
            [
              -46.5235563,
              -23.7743467
            ],
            [
              -46.523533,
              -23.7744588
            ],
            [
              -46.5234851,
              -23.774651
            ],
            [
              -46.5234541,
              -23.7749102
            ],
            [
              -46.5233705,
              -23.7751205
            ],
            [
              -46.5233237,
              -23.775248
            ],
            [
              -46.5232292,
              -23.7754836
            ],
            [
              -46.5231921,
              -23.775646
            ],
            [
              -46.523152,
              -23.7758214
            ],
            [
              -46.5228986,
              -23.7762964
            ],
            [
              -46.5228001,
              -23.7764811
            ],
            [
              -46.5226502,
              -23.776628
            ],
            [
              -46.5225029,
              -23.7768139
            ],
            [
              -46.5224409,
              -23.7768801
            ],
            [
              -46.5223534,
              -23.7770029
            ],
            [
              -46.5223244,
              -23.7770582
            ],
            [
              -46.5223174,
              -23.777118
            ],
            [
              -46.5223439,
              -23.7771702
            ],
            [
              -46.5223878,
              -23.7772239
            ],
            [
              -46.5224594,
              -23.777255
            ],
            [
              -46.522508,
              -23.7772896
            ],
            [
              -46.5230636,
              -23.7773655
            ],
            [
              -46.5235326,
              -23.777416
            ],
            [
              -46.523751,
              -23.7774286
            ],
            [
              -46.5239339,
              -23.7774282
            ],
            [
              -46.524134,
              -23.7774124
            ],
            [
              -46.5243249,
              -23.7773909
            ],
            [
              -46.5246734,
              -23.7773
            ],
            [
              -46.5247396,
              -23.7772646
            ],
            [
              -46.5248826,
              -23.7771606
            ],
            [
              -46.5250106,
              -23.7770256
            ],
            [
              -46.525085,
              -23.776971
            ],
            [
              -46.5252386,
              -23.7768594
            ],
            [
              -46.5254317,
              -23.7767172
            ],
            [
              -46.5256309,
              -23.7765774
            ],
            [
              -46.525914,
              -23.7764351
            ],
            [
              -46.5261904,
              -23.7763162
            ],
            [
              -46.5269114,
              -23.7761434
            ],
            [
              -46.5271084,
              -23.7761116
            ],
            [
              -46.5274044,
              -23.7760393
            ],
            [
              -46.527698,
              -23.7758955
            ],
            [
              -46.5280862,
              -23.7756555
            ],
            [
              -46.5282246,
              -23.7755857
            ],
            [
              -46.5286017,
              -23.775392
            ],
            [
              -46.5289266,
              -23.7752251
            ],
            [
              -46.52899,
              -23.7751643
            ],
            [
              -46.5293364,
              -23.7748322
            ],
            [
              -46.5298408,
              -23.7743487
            ],
            [
              -46.5300319,
              -23.7741655
            ],
            [
              -46.5302845,
              -23.7738837
            ],
            [
              -46.5307929,
              -23.7741989
            ],
            [
              -46.5305372,
              -23.7745201
            ],
            [
              -46.5303619,
              -23.7747615
            ],
            [
              -46.5302142,
              -23.7749834
            ],
            [
              -46.5299816,
              -23.7753587
            ],
            [
              -46.5297998,
              -23.7759981
            ],
            [
              -46.5295411,
              -23.7765258
            ],
            [
              -46.5294188,
              -23.7768353
            ],
            [
              -46.5294186,
              -23.7769183
            ],
            [
              -46.5294555,
              -23.7770031
            ],
            [
              -46.5295207,
              -23.777046
            ],
            [
              -46.5295859,
              -23.7770293
            ],
            [
              -46.5297326,
              -23.7769304
            ],
            [
              -46.5301406,
              -23.7765762
            ],
            [
              -46.5303184,
              -23.7764475
            ],
            [
              -46.53054,
              -23.7762928
            ],
            [
              -46.5306856,
              -23.7761897
            ],
            [
              -46.5307829,
              -23.7761329
            ],
            [
              -46.5308506,
              -23.7761014
            ],
            [
              -46.5310808,
              -23.7760355
            ],
            [
              -46.5312195,
              -23.7760282
            ],
            [
              -46.5313661,
              -23.7759995
            ],
            [
              -46.5314932,
              -23.7760276
            ],
            [
              -46.5316426,
              -23.7760794
            ],
            [
              -46.5318179,
              -23.7761363
            ],
            [
              -46.5322131,
              -23.7762528
            ],
            [
              -46.5323661,
              -23.7763749
            ],
            [
              -46.5324605,
              -23.7764448
            ],
            [
              -46.5326305,
              -23.7765045
            ],
            [
              -46.5327379,
              -23.7765428
            ],
            [
              -46.5329753,
              -23.7765465
            ],
            [
              -46.5331729,
              -23.7765586
            ],
            [
              -46.5332132,
              -23.7765726
            ],
            [
              -46.5333044,
              -23.7766169
            ],
            [
              -46.5333904,
              -23.7766705
            ],
            [
              -46.5334106,
              -23.7767044
            ],
            [
              -46.5334722,
              -23.7768257
            ],
            [
              -46.5334899,
              -23.7768906
            ],
            [
              -46.5334984,
              -23.7770118
            ],
            [
              -46.5335841,
              -23.7773208
            ],
            [
              -46.5336176,
              -23.7774213
            ],
            [
              -46.5336242,
              -23.7775114
            ],
            [
              -46.533616,
              -23.7776615
            ],
            [
              -46.5336099,
              -23.7778134
            ],
            [
              -46.5335386,
              -23.7779729
            ],
            [
              -46.5334092,
              -23.7781444
            ],
            [
              -46.5331089,
              -23.7785212
            ],
            [
              -46.5330512,
              -23.7787533
            ],
            [
              -46.5332126,
              -23.7789168
            ],
            [
              -46.533593,
              -23.7792068
            ],
            [
              -46.5337774,
              -23.7795918
            ],
            [
              -46.5336045,
              -23.780193
            ],
            [
              -46.5336333,
              -23.7803881
            ],
            [
              -46.5337889,
              -23.7803617
            ],
            [
              -46.5339503,
              -23.7800928
            ],
            [
              -46.5342269,
              -23.7797025
            ],
            [
              -46.5347513,
              -23.7788798
            ],
            [
              -46.5350452,
              -23.7784369
            ],
            [
              -46.5354025,
              -23.7783156
            ],
            [
              -46.535731,
              -23.7784896
            ],
            [
              -46.536071,
              -23.7789009
            ],
            [
              -46.5366473,
              -23.7796867
            ],
            [
              -46.5370348,
              -23.7804397
            ],
            [
              -46.5371571,
              -23.7809207
            ],
            [
              -46.5364317,
              -23.7814689
            ],
            [
              -46.53525,
              -23.7818604
            ],
            [
              -46.5345287,
              -23.7823564
            ],
            [
              -46.5342475,
              -23.782774
            ],
            [
              -46.5338767,
              -23.7832364
            ],
            [
              -46.5334081,
              -23.7835683
            ],
            [
              -46.5328172,
              -23.7837286
            ],
            [
              -46.5322019,
              -23.7841873
            ],
            [
              -46.5316843,
              -23.7848137
            ],
            [
              -46.5314355,
              -23.7852691
            ],
            [
              -46.5318201,
              -23.7855692
            ],
            [
              -46.5298268,
              -23.7872621
            ],
            [
              -46.5290719,
              -23.7878896
            ],
            [
              -46.5329942,
              -23.7921004
            ],
            [
              -46.5321383,
              -23.7927971
            ],
            [
              -46.5314456,
              -23.792812
            ],
            [
              -46.5308853,
              -23.7929705
            ],
            [
              -46.5304492,
              -23.7931196
            ],
            [
              -46.530162,
              -23.7930395
            ],
            [
              -46.5296302,
              -23.7934347
            ],
            [
              -46.5294346,
              -23.7935932
            ],
            [
              -46.5293424,
              -23.7938094
            ],
            [
              -46.5285759,
              -23.7941732
            ],
            [
              -46.5278498,
              -23.794458
            ],
            [
              -46.5275904,
              -23.7945687
            ],
            [
              -46.5276826,
              -23.7948165
            ],
            [
              -46.5279996,
              -23.7951276
            ],
            [
              -46.5281264,
              -23.7952964
            ],
            [
              -46.5284606,
              -23.7957868
            ],
            [
              -46.5289274,
              -23.7962983
            ],
            [
              -46.5289735,
              -23.796757
            ],
            [
              -46.531538,
              -23.7959502
            ],
            [
              -46.5316499,
              -23.7964876
            ],
            [
              -46.5317526,
              -23.7969904
            ],
            [
              -46.5317248,
              -23.7972162
            ],
            [
              -46.5316399,
              -23.797256
            ],
            [
              -46.531532,
              -23.7973474
            ],
            [
              -46.5314488,
              -23.7974579
            ],
            [
              -46.5313643,
              -23.797572
            ],
            [
              -46.5312401,
              -23.7978151
            ],
            [
              -46.5311377,
              -23.7980174
            ],
            [
              -46.5310642,
              -23.7982022
            ],
            [
              -46.5308869,
              -23.7986346
            ],
            [
              -46.5307662,
              -23.7988212
            ],
            [
              -46.5306844,
              -23.799193
            ],
            [
              -46.5306187,
              -23.7996065
            ],
            [
              -46.5305194,
              -23.799847
            ],
            [
              -46.530329,
              -23.7999623
            ],
            [
              -46.5300339,
              -23.7999893
            ],
            [
              -46.5296745,
              -23.7998789
            ],
            [
              -46.529409,
              -23.7997145
            ],
            [
              -46.5292132,
              -23.7995427
            ],
            [
              -46.529004,
              -23.7993881
            ],
            [
              -46.528843,
              -23.7992629
            ],
            [
              -46.5286794,
              -23.7991377
            ],
            [
              -46.528607,
              -23.7989966
            ],
            [
              -46.5285614,
              -23.7987659
            ],
            [
              -46.5285346,
              -23.7984248
            ],
            [
              -46.5284816,
              -23.7983584
            ],
            [
              -46.5284005,
              -23.7983708
            ],
            [
              -46.5283187,
              -23.798442
            ],
            [
              -46.5281658,
              -23.7985807
            ],
            [
              -46.5280209,
              -23.7986592
            ],
            [
              -46.5278667,
              -23.7986666
            ],
            [
              -46.5276924,
              -23.7986518
            ],
            [
              -46.527506,
              -23.7985966
            ],
            [
              -46.5273196,
              -23.7984825
            ],
            [
              -46.5271506,
              -23.7983708
            ],
            [
              -46.5269977,
              -23.7983168
            ],
            [
              -46.5267617,
              -23.798269
            ],
            [
              -46.5266597,
              -23.7982273
            ],
            [
              -46.5265967,
              -23.7981757
            ],
            [
              -46.5265685,
              -23.798118
            ],
            [
              -46.5265203,
              -23.7980297
            ],
            [
              -46.5263392,
              -23.7977831
            ],
            [
              -46.5262547,
              -23.7977327
            ],
            [
              -46.5261783,
              -23.7977266
            ],
            [
              -46.5261126,
              -23.7977867
            ],
            [
              -46.5260871,
              -23.7978959
            ],
            [
              -46.5261447,
              -23.798123
            ],
            [
              -46.5263432,
              -23.7983696
            ],
            [
              -46.5265551,
              -23.7985561
            ],
            [
              -46.5266825,
              -23.79868
            ],
            [
              -46.5268475,
              -23.7988666
            ],
            [
              -46.5269762,
              -23.7989942
            ],
            [
              -46.5272445,
              -23.7992433
            ],
            [
              -46.5275596,
              -23.7995893
            ],
            [
              -46.5277407,
              -23.7997881
            ],
            [
              -46.5278359,
              -23.7999501
            ],
            [
              -46.5279552,
              -23.8001942
            ],
            [
              -46.52808,
              -23.8004654
            ],
            [
              -46.5282288,
              -23.8007133
            ],
            [
              -46.5283294,
              -23.8008986
            ],
            [
              -46.5284327,
              -23.8010164
            ],
            [
              -46.5285493,
              -23.8010802
            ],
            [
              -46.52867,
              -23.8010642
            ],
            [
              -46.5288015,
              -23.8010348
            ],
            [
              -46.5289544,
              -23.8010765
            ],
            [
              -46.5290375,
              -23.8011648
            ],
            [
              -46.5291139,
              -23.8013096
            ],
            [
              -46.5291367,
              -23.801479
            ],
            [
              -46.5291341,
              -23.8018127
            ],
            [
              -46.5291374,
              -23.8018968
            ],
            [
              -46.5291575,
              -23.8019342
            ],
            [
              -46.5292119,
              -23.8019391
            ],
            [
              -46.529291,
              -23.8019035
            ],
            [
              -46.5297376,
              -23.8016544
            ],
            [
              -46.5299186,
              -23.8015943
            ],
            [
              -46.5301144,
              -23.8016109
            ],
            [
              -46.5302646,
              -23.8017091
            ],
            [
              -46.5306214,
              -23.8021587
            ],
            [
              -46.5307917,
              -23.8024176
            ],
            [
              -46.5308064,
              -23.8025754
            ],
            [
              -46.5307822,
              -23.8026735
            ],
            [
              -46.5306549,
              -23.8028508
            ],
            [
              -46.5304953,
              -23.8030299
            ],
            [
              -46.5303424,
              -23.8032594
            ],
            [
              -46.5303411,
              -23.8034066
            ],
            [
              -46.5304698,
              -23.8035158
            ],
            [
              -46.5306589,
              -23.8035846
            ],
            [
              -46.5308507,
              -23.8036103
            ],
            [
              -46.5311243,
              -23.8036753
            ],
            [
              -46.5312946,
              -23.8038717
            ],
            [
              -46.5313938,
              -23.8040778
            ],
            [
              -46.5316594,
              -23.8046594
            ],
            [
              -46.5318444,
              -23.8049146
            ],
            [
              -46.5319732,
              -23.8051551
            ],
            [
              -46.5320188,
              -23.8053416
            ],
            [
              -46.5319786,
              -23.8055969
            ],
            [
              -46.5318391,
              -23.80583
            ],
            [
              -46.5315816,
              -23.8059723
            ],
            [
              -46.5312624,
              -23.8060803
            ],
            [
              -46.5309405,
              -23.8063453
            ],
            [
              -46.5304846,
              -23.8065662
            ],
            [
              -46.5300688,
              -23.806603
            ],
            [
              -46.5297791,
              -23.8065416
            ],
            [
              -46.5294546,
              -23.8063969
            ],
            [
              -46.5291595,
              -23.8062692
            ],
            [
              -46.5288699,
              -23.8062079
            ],
            [
              -46.5286982,
              -23.8062791
            ],
            [
              -46.5286043,
              -23.8064754
            ],
            [
              -46.5290499,
              -23.8074024
            ],
            [
              -46.5286207,
              -23.8070883
            ],
            [
              -46.5280628,
              -23.8068762
            ],
            [
              -46.5277354,
              -23.8066963
            ],
            [
              -46.5273525,
              -23.8065405
            ],
            [
              -46.527153,
              -23.8064915
            ],
            [
              -46.5266809,
              -23.8064915
            ],
            [
              -46.5265264,
              -23.8061459
            ],
            [
              -46.5269127,
              -23.8056119
            ],
            [
              -46.5273762,
              -23.8051565
            ],
            [
              -46.5276337,
              -23.8048424
            ],
            [
              -46.5273848,
              -23.8043476
            ],
            [
              -46.5273676,
              -23.8040257
            ],
            [
              -46.5270843,
              -23.8045597
            ],
            [
              -46.5265779,
              -23.8048581
            ],
            [
              -46.5261316,
              -23.8052114
            ],
            [
              -46.5257454,
              -23.8053371
            ],
            [
              -46.5253506,
              -23.8052586
            ],
            [
              -46.5249472,
              -23.8050308
            ],
            [
              -46.5247498,
              -23.8051486
            ],
            [
              -46.5247755,
              -23.8054942
            ],
            [
              -46.5245781,
              -23.805769
            ],
            [
              -46.5244563,
              -23.8059199
            ],
            [
              -46.524312,
              -23.8060988
            ],
            [
              -46.5238829,
              -23.8061459
            ],
            [
              -46.5236732,
              -23.8061075
            ],
            [
              -46.5234537,
              -23.8060674
            ],
            [
              -46.5234623,
              -23.8058004
            ],
            [
              -46.5234904,
              -23.8057147
            ],
            [
              -46.523591,
              -23.8054078
            ],
            [
              -46.523802,
              -23.8050998
            ],
            [
              -46.5239944,
              -23.8048188
            ],
            [
              -46.5244322,
              -23.8043712
            ],
            [
              -46.5245288,
              -23.8041748
            ],
            [
              -46.5247031,
              -23.8038205
            ],
            [
              -46.524782,
              -23.8032536
            ],
            [
              -46.524875,
              -23.8029902
            ],
            [
              -46.525011,
              -23.8028458
            ],
            [
              -46.5252022,
              -23.8027123
            ],
            [
              -46.5252379,
              -23.8024497
            ],
            [
              -46.5252309,
              -23.8021991
            ],
            [
              -46.5252659,
              -23.8019544
            ],
            [
              -46.525323,
              -23.8016921
            ],
            [
              -46.5254026,
              -23.8014731
            ],
            [
              -46.5254404,
              -23.8010539
            ],
            [
              -46.5253493,
              -23.8007071
            ],
            [
              -46.5252233,
              -23.8009134
            ],
            [
              -46.5249815,
              -23.8014656
            ],
            [
              -46.5247122,
              -23.8017832
            ],
            [
              -46.5246382,
              -23.802298
            ],
            [
              -46.5244435,
              -23.8025366
            ],
            [
              -46.524363,
              -23.8027706
            ],
            [
              -46.5242038,
              -23.8030192
            ],
            [
              -46.523891,
              -23.803198
            ],
            [
              -46.5236356,
              -23.8032713
            ],
            [
              -46.5230912,
              -23.80323
            ],
            [
              -46.5233087,
              -23.8035479
            ],
            [
              -46.5232718,
              -23.8038661
            ],
            [
              -46.5231714,
              -23.8040773
            ],
            [
              -46.5230602,
              -23.8042308
            ],
            [
              -46.5229331,
              -23.8042883
            ],
            [
              -46.5228456,
              -23.8045146
            ],
            [
              -46.5226639,
              -23.8047322
            ],
            [
              -46.5223974,
              -23.804812
            ],
            [
              -46.5221295,
              -23.8048484
            ],
            [
              -46.5217888,
              -23.804895
            ],
            [
              -46.5213195,
              -23.8049024
            ],
            [
              -46.5211639,
              -23.8048582
            ],
            [
              -46.5211049,
              -23.8047846
            ],
            [
              -46.52107,
              -23.8045563
            ],
            [
              -46.5211317,
              -23.8042054
            ],
            [
              -46.5212309,
              -23.8038275
            ],
            [
              -46.5213597,
              -23.8035355
            ],
            [
              -46.5214267,
              -23.8032557
            ],
            [
              -46.5214911,
              -23.8029158
            ],
            [
              -46.5214643,
              -23.8028447
            ],
            [
              -46.5214039,
              -23.8028336
            ],
            [
              -46.5213087,
              -23.8028815
            ],
            [
              -46.5210284,
              -23.8030594
            ],
            [
              -46.5207683,
              -23.8032103
            ],
            [
              -46.5205966,
              -23.8032434
            ],
            [
              -46.5203619,
              -23.8031919
            ],
            [
              -46.5202439,
              -23.8029993
            ],
            [
              -46.5201755,
              -23.8027354
            ],
            [
              -46.5202104,
              -23.8025342
            ],
            [
              -46.5203968,
              -23.8014274
            ],
            [
              -46.5205041,
              -23.801101
            ],
            [
              -46.5207616,
              -23.8007845
            ],
            [
              -46.5212202,
              -23.8005538
            ],
            [
              -46.5213087,
              -23.8004286
            ],
            [
              -46.5213168,
              -23.8002421
            ],
            [
              -46.5212283,
              -23.8000163
            ],
            [
              -46.5212148,
              -23.7998862
            ],
            [
              -46.5212014,
              -23.7996801
            ],
            [
              -46.5214024,
              -23.7991568
            ],
            [
              -46.5217513,
              -23.7978027
            ],
            [
              -46.521754,
              -23.7976309
            ],
            [
              -46.5216815,
              -23.7975499
            ],
            [
              -46.5215609,
              -23.7975843
            ],
            [
              -46.5214482,
              -23.7976824
            ],
            [
              -46.5209091,
              -23.7988874
            ],
            [
              -46.5207133,
              -23.7991647
            ],
            [
              -46.5204826,
              -23.7993905
            ],
            [
              -46.5201554,
              -23.7997218
            ],
            [
              -46.519863,
              -23.8000924
            ],
            [
              -46.5197048,
              -23.8004016
            ],
            [
              -46.5194848,
              -23.8007305
            ],
            [
              -46.5192542,
              -23.8008532
            ],
            [
              -46.5189511,
              -23.8008826
            ],
            [
              -46.5187526,
              -23.8008041
            ],
            [
              -46.5185353,
              -23.8006446
            ],
            [
              -46.5183315,
              -23.8004016
            ],
            [
              -46.5182054,
              -23.8001415
            ],
            [
              -46.5181062,
              -23.7993881
            ],
            [
              -46.518364,
              -23.7978845
            ],
            [
              -46.5184978,
              -23.7974002
            ],
            [
              -46.5187043,
              -23.7969732
            ],
            [
              -46.518943,
              -23.7966811
            ],
            [
              -46.5191522,
              -23.7964406
            ],
            [
              -46.5191442,
              -23.7963204
            ],
            [
              -46.5189403,
              -23.7962737
            ],
            [
              -46.5187177,
              -23.7963523
            ],
            [
              -46.5184334,
              -23.7965756
            ],
            [
              -46.5181518,
              -23.7969683
            ],
            [
              -46.5179372,
              -23.7974346
            ],
            [
              -46.5176261,
              -23.7990887
            ],
            [
              -46.5175295,
              -23.7999599
            ],
            [
              -46.5174678,
              -23.8007182
            ],
            [
              -46.5176046,
              -23.8011771
            ],
            [
              -46.5179692,
              -23.8018268
            ],
            [
              -46.5180525,
              -23.8021023
            ],
            [
              -46.5180606,
              -23.8024017
            ],
            [
              -46.5179452,
              -23.8027649
            ],
            [
              -46.5178648,
              -23.8030496
            ],
            [
              -46.5177548,
              -23.8033023
            ],
            [
              -46.5175805,
              -23.8034471
            ],
            [
              -46.5172532,
              -23.8034594
            ],
            [
              -46.5166551,
              -23.8032925
            ],
            [
              -46.5160677,
              -23.8031379
            ],
            [
              -46.515432,
              -23.8030545
            ],
            [
              -46.5147856,
              -23.8029661
            ],
            [
              -46.5144664,
              -23.8029023
            ],
            [
              -46.5143377,
              -23.8028042
            ],
            [
              -46.5142974,
              -23.8026667
            ],
            [
              -46.5143377,
              -23.8025219
            ],
            [
              -46.5144986,
              -23.8022716
            ],
            [
              -46.5146168,
              -23.802122
            ],
            [
              -46.5148795,
              -23.8019084
            ],
            [
              -46.5148835,
              -23.8018397
            ],
            [
              -46.5148352,
              -23.801782
            ],
            [
              -46.5147226,
              -23.8017771
            ],
            [
              -46.5145617,
              -23.8018268
            ],
            [
              -46.514056,
              -23.8021293
            ],
            [
              -46.5135035,
              -23.8025637
            ],
            [
              -46.5131736,
              -23.8027894
            ],
            [
              -46.5129885,
              -23.8028361
            ],
            [
              -46.5128008,
              -23.8027551
            ],
            [
              -46.5126479,
              -23.8025416
            ],
            [
              -46.5124756,
              -23.8022004
            ],
            [
              -46.5124306,
              -23.8019011
            ],
            [
              -46.5124333,
              -23.8016336
            ],
            [
              -46.5124816,
              -23.8014618
            ],
            [
              -46.5126157,
              -23.8012875
            ],
            [
              -46.5130395,
              -23.8009145
            ],
            [
              -46.5138493,
              -23.8004133
            ],
            [
              -46.5141472,
              -23.8001513
            ],
            [
              -46.5142545,
              -23.7999083
            ],
            [
              -46.5142424,
              -23.7993991
            ],
            [
              -46.514217,
              -23.799312
            ],
            [
              -46.51417,
              -23.7992678
            ],
            [
              -46.5140922,
              -23.7992519
            ],
            [
              -46.5138938,
              -23.7992899
            ],
            [
              -46.5136497,
              -23.799404
            ],
            [
              -46.513423,
              -23.7997832
            ],
            [
              -46.5132514,
              -23.7999893
            ],
            [
              -46.51301,
              -23.8001857
            ],
            [
              -46.5125647,
              -23.8003599
            ],
            [
              -46.5122214,
              -23.8003967
            ],
            [
              -46.5120095,
              -23.8002863
            ],
            [
              -46.5119129,
              -23.8000654
            ],
            [
              -46.5119076,
              -23.7997513
            ],
            [
              -46.5118995,
              -23.7992457
            ],
            [
              -46.5119961,
              -23.7984972
            ],
            [
              -46.5120149,
              -23.7982518
            ],
            [
              -46.5119612,
              -23.7980187
            ],
            [
              -46.5118191,
              -23.7978886
            ],
            [
              -46.5115991,
              -23.7978051
            ],
            [
              -46.5113792,
              -23.7978739
            ],
            [
              -46.5112451,
              -23.7981045
            ],
            [
              -46.5112143,
              -23.7983086
            ],
            [
              -46.5112236,
              -23.7988555
            ],
            [
              -46.5112585,
              -23.7991132
            ],
            [
              -46.5112453,
              -23.7993906
            ],
            [
              -46.5112178,
              -23.799575
            ],
            [
              -46.5111673,
              -23.7996997
            ],
            [
              -46.5110504,
              -23.7998722
            ],
            [
              -46.5110204,
              -23.8000762
            ],
            [
              -46.5110439,
              -23.8002961
            ],
            [
              -46.5110412,
              -23.8004581
            ],
            [
              -46.5109639,
              -23.8006294
            ],
            [
              -46.5108535,
              -23.8009121
            ],
            [
              -46.5107971,
              -23.8011452
            ],
            [
              -46.510773,
              -23.8013759
            ],
            [
              -46.5107408,
              -23.8016655
            ],
            [
              -46.5107891,
              -23.8019551
            ],
            [
              -46.5108427,
              -23.8022275
            ],
            [
              -46.5108517,
              -23.8025067
            ],
            [
              -46.5108213,
              -23.8027943
            ],
            [
              -46.5108588,
              -23.8030005
            ],
            [
              -46.511068,
              -23.8035477
            ],
            [
              -46.5111163,
              -23.8039085
            ],
            [
              -46.5110493,
              -23.8047453
            ],
            [
              -46.5109929,
              -23.8049195
            ],
            [
              -46.5108696,
              -23.8052778
            ],
            [
              -46.5107274,
              -23.8054005
            ],
            [
              -46.5105933,
              -23.8053981
            ],
            [
              -46.5104485,
              -23.8052778
            ],
            [
              -46.5102875,
              -23.8048594
            ],
            [
              -46.510203,
              -23.8047429
            ],
            [
              -46.5100641,
              -23.8046197
            ],
            [
              -46.509953,
              -23.8045904
            ],
            [
              -46.5100537,
              -23.8043136
            ],
            [
              -46.5101559,
              -23.8039839
            ],
            [
              -46.5102308,
              -23.8036175
            ],
            [
              -46.5102913,
              -23.8030955
            ],
            [
              -46.510357,
              -23.8025362
            ],
            [
              -46.5103965,
              -23.8021503
            ],
            [
              -46.5105327,
              -23.8009708
            ],
            [
              -46.5107998,
              -23.7988143
            ],
            [
              -46.510916,
              -23.797899
            ],
            [
              -46.5110729,
              -23.7973006
            ],
            [
              -46.5114009,
              -23.7966201
            ],
            [
              -46.5117941,
              -23.7960534
            ],
            [
              -46.5122817,
              -23.7955343
            ],
            [
              -46.516601,
              -23.7917482
            ],
            [
              -46.5175335,
              -23.7909354
            ],
            [
              -46.5185196,
              -23.7899734
            ],
            [
              -46.519791,
              -23.7888846
            ],
            [
              -46.5212091,
              -23.7878032
            ],
            [
              -46.5235889,
              -23.7857132
            ],
            [
              -46.5189071,
              -23.7807348
            ],
            [
              -46.5193268,
              -23.7803247
            ],
            [
              -46.5201133,
              -23.7799667
            ],
            [
              -46.5208387,
              -23.7798063
            ],
            [
              -46.5211932,
              -23.7798846
            ],
            [
              -46.5214947,
              -23.7800524
            ],
            [
              -46.5219756,
              -23.7804925
            ],
            [
              -46.5224605,
              -23.7809437
            ],
            [
              -46.5226398,
              -23.7812047
            ],
            [
              -46.5227702,
              -23.7816186
            ],
            [
              -46.5229251,
              -23.7817342
            ],
            [
              -46.5229251,
              -23.7821108
            ],
            [
              -46.5230066,
              -23.7824949
            ],
            [
              -46.5232266,
              -23.783319
            ],
            [
              -46.5232551,
              -23.7838784
            ],
            [
              -46.5236993,
              -23.7837963
            ],
            [
              -46.5240905,
              -23.783677
            ],
            [
              -46.5243187,
              -23.7834868
            ],
            [
              -46.5240864,
              -23.7828715
            ],
            [
              -46.5240946,
              -23.7816149
            ],
            [
              -46.5241394,
              -23.7812271
            ],
            [
              -46.5238582,
              -23.7808467
            ],
            [
              -46.5235934,
              -23.7806789
            ],
            [
              -46.5234059,
              -23.780485
            ],
            [
              -46.5231533,
              -23.7798884
            ],
            [
              -46.5231465,
              -23.7792588
            ],
            [
              -46.523158,
              -23.7791454
            ],
            [
              -46.5232733,
              -23.7789265
            ],
            [
              -46.5234462,
              -23.7786941
            ],
            [
              -46.5238536,
              -23.7787632
            ],
            [
              -46.5242501,
              -23.7790742
            ],
            [
              -46.5250325,
              -23.779459
            ],
            [
              -46.5247572,
              -23.7789845
            ],
            [
              -46.5245728,
              -23.7779825
            ],
            [
              -46.5244287,
              -23.7776661
            ],
            [
              -46.5237235,
              -23.7776552
            ],
            [
              -46.5214724,
              -23.7774077
            ],
            [
              -46.5209202,
              -23.7774148
            ],
            [
              -46.5205407,
              -23.7775297
            ],
            [
              -46.5196167,
              -23.7781038
            ],
            [
              -46.5192767,
              -23.7781091
            ],
            [
              -46.5181644,
              -23.7783886
            ],
            [
              -46.5173288,
              -23.7785363
            ],
            [
              -46.5123842,
              -23.7788738
            ],
            [
              -46.5119347,
              -23.7786365
            ],
            [
              -46.5115742,
              -23.778232
            ],
            [
              -46.5108225,
              -23.7780933
            ],
            [
              -46.5099753,
              -23.7779878
            ],
            [
              -46.5094509,
              -23.7779034
            ],
            [
              -46.5087939,
              -23.7777558
            ],
            [
              -46.5083444,
              -23.7778665
            ],
            [
              -46.5078949,
              -23.7777769
            ],
            [
              -46.5074973,
              -23.7778665
            ],
            [
              -46.5069844,
              -23.7782515
            ],
            [
              -46.5064311,
              -23.7787367
            ],
            [
              -46.5053477,
              -23.7792271
            ],
            [
              -46.505094,
              -23.7792621
            ],
            [
              -46.5063155,
              -23.7780002
            ],
            [
              -46.5107059,
              -23.7738914
            ],
            [
              -46.510769,
              -23.7727431
            ],
            [
              -46.5109281,
              -23.7727691
            ],
            [
              -46.5111119,
              -23.7728724
            ],
            [
              -46.5111987,
              -23.7729423
            ],
            [
              -46.5112816,
              -23.7730958
            ],
            [
              -46.5113117,
              -23.773202
            ],
            [
              -46.5113715,
              -23.7733695
            ],
            [
              -46.511393,
              -23.7735342
            ],
            [
              -46.511393,
              -23.7736957
            ],
            [
              -46.5113809,
              -23.7738859
            ],
            [
              -46.511393,
              -23.7739736
            ],
            [
              -46.5114168,
              -23.7741476
            ],
            [
              -46.5114493,
              -23.774232
            ],
            [
              -46.5114935,
              -23.7742593
            ],
            [
              -46.5115589,
              -23.7742709
            ],
            [
              -46.5116201,
              -23.7742389
            ],
            [
              -46.5116651,
              -23.7741305
            ],
            [
              -46.5116809,
              -23.7740504
            ],
            [
              -46.5116918,
              -23.7739403
            ],
            [
              -46.5117452,
              -23.7738145
            ],
            [
              -46.5118762,
              -23.7736822
            ],
            [
              -46.5119872,
              -23.7735429
            ],
            [
              -46.5121198,
              -23.7734366
            ],
            [
              -46.5123892,
              -23.7732938
            ],
            [
              -46.5125036,
              -23.7731915
            ],
            [
              -46.5126576,
              -23.7731323
            ],
            [
              -46.5128061,
              -23.7730752
            ],
            [
              -46.5129655,
              -23.7730139
            ],
            [
              -46.5130299,
              -23.7730025
            ],
            [
              -46.5132385,
              -23.7729317
            ],
            [
              -46.5134155,
              -23.7728256
            ],
            [
              -46.5136752,
              -23.7726399
            ],
            [
              -46.5141054,
              -23.7724046
            ],
            [
              -46.514563,
              -23.7722495
            ],
            [
              -46.5147088,
              -23.7721452
            ],
            [
              -46.5147808,
              -23.7720825
            ],
            [
              -46.5149711,
              -23.7719041
            ],
            [
              -46.5151587,
              -23.7717409
            ],
            [
              -46.5152663,
              -23.7716304
            ],
            [
              -46.5153035,
              -23.7715925
            ],
            [
              -46.5154339,
              -23.771338
            ],
            [
              -46.5155285,
              -23.7710742
            ],
            [
              -46.5155919,
              -23.7707332
            ],
            [
              -46.5156909,
              -23.7704621
            ],
            [
              -46.5157096,
              -23.7704001
            ],
            [
              -46.5157775,
              -23.7702477
            ],
            [
              -46.5158757,
              -23.7700937
            ],
            [
              -46.5159912,
              -23.769961
            ],
            [
              -46.516069,
              -23.7698751
            ],
            [
              -46.5161599,
              -23.769752
            ],
            [
              -46.5162742,
              -23.7695972
            ],
            [
              -46.5163473,
              -23.7694982
            ],
            [
              -46.5164058,
              -23.7693923
            ],
            [
              -46.5164693,
              -23.7692253
            ],
            [
              -46.5165147,
              -23.7691393
            ],
            [
              -46.516588,
              -23.7690491
            ],
            [
              -46.5167139,
              -23.7689445
            ],
            [
              -46.5168234,
              -23.7689201
            ],
            [
              -46.5169864,
              -23.768919
            ],
            [
              -46.5171908,
              -23.7689515
            ],
            [
              -46.5173873,
              -23.7690208
            ],
            [
              -46.5176097,
              -23.7691206
            ],
            [
              -46.5179212,
              -23.7693315
            ],
            [
              -46.5182108,
              -23.7694968
            ],
            [
              -46.5184237,
              -23.7695922
            ],
            [
              -46.5186197,
              -23.7695785
            ],
            [
              -46.518639,
              -23.769577
            ],
            [
              -46.5189554,
              -23.7695835
            ],
            [
              -46.5192455,
              -23.7696199
            ],
            [
              -46.5194634,
              -23.7697082
            ],
            [
              -46.5195862,
              -23.7698079
            ],
            [
              -46.5197911,
              -23.7700133
            ],
            [
              -46.5200637,
              -23.7702202
            ],
            [
              -46.5202544,
              -23.7702952
            ],
            [
              -46.5204516,
              -23.7703263
            ],
            [
              -46.5205233,
              -23.7703104
            ],
            [
              -46.5206154,
              -23.7703034
            ],
            [
              -46.5207456,
              -23.7703181
            ]
          ]
        ]
      },
      "id": "relation/4573235"
    },
    {
      "type": "Feature",
      "properties": {
        "@id": "relation/4573236",
        "admin_level": "10",
        "boundary": "administrative",
        "name": "Santa Cruz",
        "place": "suburb",
        "type": "boundary"
      },
      "geometry": {
        "type": "Polygon",
        "coordinates": [
          [
            [
              -46.6035396,
              -23.844423
            ],
            [
              -46.6031768,
              -23.8445382
            ],
            [
              -46.6030487,
              -23.8445852
            ],
            [
              -46.6029973,
              -23.8446064
            ],
            [
              -46.6029344,
              -23.8446372
            ],
            [
              -46.6027214,
              -23.8447649
            ],
            [
              -46.6025259,
              -23.8448855
            ],
            [
              -46.6023406,
              -23.8449638
            ],
            [
              -46.6021739,
              -23.8450127
            ],
            [
              -46.6021131,
              -23.8450287
            ],
            [
              -46.6020407,
              -23.8450348
            ],
            [
              -46.6019397,
              -23.8450157
            ],
            [
              -46.6017309,
              -23.8449286
            ],
            [
              -46.6013955,
              -23.8447918
            ],
            [
              -46.6013006,
              -23.8447482
            ],
            [
              -46.6012379,
              -23.8447078
            ],
            [
              -46.601192,
              -23.8446704
            ],
            [
              -46.6011516,
              -23.8446337
            ],
            [
              -46.6010669,
              -23.8445159
            ],
            [
              -46.6008828,
              -23.8443182
            ],
            [
              -46.6007677,
              -23.8442253
            ],
            [
              -46.6007036,
              -23.8442041
            ],
            [
              -46.6005808,
              -23.8441815
            ],
            [
              -46.6003558,
              -23.8441465
            ],
            [
              -46.6000705,
              -23.8441018
            ],
            [
              -46.5998643,
              -23.8441054
            ],
            [
              -46.5994855,
              -23.8441662
            ],
            [
              -46.5991315,
              -23.8443326
            ],
            [
              -46.5987579,
              -23.8446144
            ],
            [
              -46.5983891,
              -23.8448539
            ],
            [
              -46.5981992,
              -23.8448482
            ],
            [
              -46.5980246,
              -23.8448261
            ],
            [
              -46.5976502,
              -23.8447567
            ],
            [
              -46.5972827,
              -23.8446118
            ],
            [
              -46.5950858,
              -23.8433794
            ],
            [
              -46.5939453,
              -23.8427649
            ],
            [
              -46.5934343,
              -23.8425294
            ],
            [
              -46.5934034,
              -23.842499
            ],
            [
              -46.5933692,
              -23.8424439
            ],
            [
              -46.5932962,
              -23.8423098
            ],
            [
              -46.5932674,
              -23.8422508
            ],
            [
              -46.5932376,
              -23.8421988
            ],
            [
              -46.5931814,
              -23.8421292
            ],
            [
              -46.5931193,
              -23.8420471
            ],
            [
              -46.5930527,
              -23.8419832
            ],
            [
              -46.5929028,
              -23.8418611
            ],
            [
              -46.5925951,
              -23.8416342
            ],
            [
              -46.5919824,
              -23.8411635
            ],
            [
              -46.591841,
              -23.841048
            ],
            [
              -46.5918193,
              -23.8410246
            ],
            [
              -46.5917773,
              -23.8409598
            ],
            [
              -46.5917507,
              -23.840903
            ],
            [
              -46.5917395,
              -23.8408474
            ],
            [
              -46.5917322,
              -23.8407918
            ],
            [
              -46.5917211,
              -23.8406078
            ],
            [
              -46.5917056,
              -23.8405206
            ],
            [
              -46.5916763,
              -23.8404084
            ],
            [
              -46.5915784,
              -23.8402354
            ],
            [
              -46.5920065,
              -23.8401788
            ],
            [
              -46.5949708,
              -23.8416019
            ],
            [
              -46.5960697,
              -23.8421095
            ],
            [
              -46.5970467,
              -23.8422704
            ],
            [
              -46.5982032,
              -23.8427825
            ],
            [
              -46.6004605,
              -23.8424277
            ],
            [
              -46.6009892,
              -23.842211
            ],
            [
              -46.6020326,
              -23.8426078
            ],
            [
              -46.6035396,
              -23.844423
            ]
          ]
        ]
      },
      "id": "relation/4573236"
    },
    {
      "type": "Feature",
      "properties": {
        "@id": "relation/4573237",
        "admin_level": "10",
        "boundary": "administrative",
        "name": "Santa Terezinha",
        "place": "suburb",
        "type": "boundary"
      },
      "geometry": {
        "type": "Polygon",
        "coordinates": [
          [
            [
              -46.5385433,
              -23.721512
            ],
            [
              -46.5376811,
              -23.722145
            ],
            [
              -46.535765,
              -23.7235602
            ],
            [
              -46.5331419,
              -23.7255882
            ],
            [
              -46.5329149,
              -23.7257977
            ],
            [
              -46.5326181,
              -23.7261067
            ],
            [
              -46.5317546,
              -23.7270977
            ],
            [
              -46.5315567,
              -23.7273179
            ],
            [
              -46.5313782,
              -23.7274955
            ],
            [
              -46.5308277,
              -23.7270416
            ],
            [
              -46.5289609,
              -23.7250471
            ],
            [
              -46.5260092,
              -23.7218935
            ],
            [
              -46.5280906,
              -23.7203736
            ],
            [
              -46.5356783,
              -23.7145375
            ],
            [
              -46.5383731,
              -23.7124647
            ],
            [
              -46.538406,
              -23.7124471
            ],
            [
              -46.5415439,
              -23.7103532
            ],
            [
              -46.5423722,
              -23.7093745
            ],
            [
              -46.5427946,
              -23.7096626
            ],
            [
              -46.5433402,
              -23.7099856
            ],
            [
              -46.5436041,
              -23.7101721
            ],
            [
              -46.543928,
              -23.7104491
            ],
            [
              -46.5443925,
              -23.7108443
            ],
            [
              -46.5435753,
              -23.7120284
            ],
            [
              -46.5427458,
              -23.7132508
            ],
            [
              -46.5420673,
              -23.7143893
            ],
            [
              -46.5419508,
              -23.7148665
            ],
            [
              -46.5419421,
              -23.7153065
            ],
            [
              -46.5420964,
              -23.7162956
            ],
            [
              -46.542079,
              -23.7165436
            ],
            [
              -46.541804,
              -23.7171302
            ],
            [
              -46.5413633,
              -23.7180691
            ],
            [
              -46.5412748,
              -23.7183632
            ],
            [
              -46.5412542,
              -23.7194265
            ],
            [
              -46.5411801,
              -23.719894
            ],
            [
              -46.541084,
              -23.7201766
            ],
            [
              -46.5409762,
              -23.7203686
            ],
            [
              -46.5408233,
              -23.7205459
            ],
            [
              -46.540618,
              -23.7206765
            ],
            [
              -46.5405119,
              -23.7207126
            ],
            [
              -46.5403245,
              -23.7207315
            ],
            [
              -46.5400383,
              -23.7207258
            ],
            [
              -46.539752,
              -23.7207654
            ],
            [
              -46.5394226,
              -23.7208729
            ],
            [
              -46.5392103,
              -23.7210219
            ],
            [
              -46.5390169,
              -23.7211462
            ],
            [
              -46.5385433,
              -23.721512
            ]
          ]
        ]
      },
      "id": "relation/4573237"
    },
    {
      "type": "Feature",
      "properties": {
        "@id": "relation/4573238",
        "admin_level": "10",
        "boundary": "administrative",
        "name": "Taquacetuba",
        "place": "suburb",
        "type": "boundary"
      },
      "geometry": {
        "type": "Polygon",
        "coordinates": [
          [
            [
              -46.6093898,
              -23.8277841
            ],
            [
              -46.6053763,
              -23.8440231
            ],
            [
              -46.6052708,
              -23.8440875
            ],
            [
              -46.6051549,
              -23.8440345
            ],
            [
              -46.6048398,
              -23.843971
            ],
            [
              -46.6045385,
              -23.8440091
            ],
            [
              -46.6042489,
              -23.8441193
            ],
            [
              -46.6039661,
              -23.8442635
            ],
            [
              -46.6037228,
              -23.8443525
            ],
            [
              -46.6035396,
              -23.844423
            ],
            [
              -46.6020326,
              -23.8426078
            ],
            [
              -46.6009892,
              -23.842211
            ],
            [
              -46.6004605,
              -23.8424277
            ],
            [
              -46.5982032,
              -23.8427825
            ],
            [
              -46.5970467,
              -23.8422704
            ],
            [
              -46.5960697,
              -23.8421095
            ],
            [
              -46.5949708,
              -23.8416019
            ],
            [
              -46.5920065,
              -23.8401788
            ],
            [
              -46.5915784,
              -23.8402354
            ],
            [
              -46.5914229,
              -23.84009
            ],
            [
              -46.5908404,
              -23.8396797
            ],
            [
              -46.5903806,
              -23.8393477
            ],
            [
              -46.5902609,
              -23.8392739
            ],
            [
              -46.5901631,
              -23.8392311
            ],
            [
              -46.589944,
              -23.8391692
            ],
            [
              -46.5895672,
              -23.8390756
            ],
            [
              -46.5893907,
              -23.8390404
            ],
            [
              -46.5892819,
              -23.8390282
            ],
            [
              -46.5891817,
              -23.8390331
            ],
            [
              -46.589001,
              -23.8390406
            ],
            [
              -46.589017,
              -23.838855
            ],
            [
              -46.5891833,
              -23.8385754
            ],
            [
              -46.5891779,
              -23.838227
            ],
            [
              -46.5892859,
              -23.8377769
            ],
            [
              -46.5893718,
              -23.8370704
            ],
            [
              -46.5895349,
              -23.836827
            ],
            [
              -46.5893889,
              -23.8364501
            ],
            [
              -46.5895263,
              -23.8362774
            ],
            [
              -46.5901271,
              -23.8360968
            ],
            [
              -46.5907794,
              -23.8359948
            ],
            [
              -46.5903417,
              -23.8357828
            ],
            [
              -46.5898181,
              -23.8354609
            ],
            [
              -46.5893975,
              -23.8348407
            ],
            [
              -46.5894834,
              -23.834244
            ],
            [
              -46.5899125,
              -23.8332312
            ],
            [
              -46.5902988,
              -23.8328622
            ],
            [
              -46.5909081,
              -23.8327287
            ],
            [
              -46.5913888,
              -23.8330977
            ],
            [
              -46.5922214,
              -23.8335138
            ],
            [
              -46.5933028,
              -23.83393
            ],
            [
              -46.5940066,
              -23.8341733
            ],
            [
              -46.5945731,
              -23.834613
            ],
            [
              -46.5952254,
              -23.8345502
            ],
            [
              -46.5949765,
              -23.8341262
            ],
            [
              -46.5939122,
              -23.833561
            ],
            [
              -46.5926076,
              -23.8328308
            ],
            [
              -46.59229,
              -23.8324068
            ],
            [
              -46.5921784,
              -23.8319672
            ],
            [
              -46.5922385,
              -23.831661
            ],
            [
              -46.5926848,
              -23.8314411
            ],
            [
              -46.5929423,
              -23.8313705
            ],
            [
              -46.5927278,
              -23.8311349
            ],
            [
              -46.5921269,
              -23.8310564
            ],
            [
              -46.5917235,
              -23.8311428
            ],
            [
              -46.5914403,
              -23.831025
            ],
            [
              -46.5913201,
              -23.8306639
            ],
            [
              -46.5912944,
              -23.8301692
            ],
            [
              -46.5910111,
              -23.8297452
            ],
            [
              -46.5912171,
              -23.8292428
            ],
            [
              -46.5921784,
              -23.8290072
            ],
            [
              -46.5925132,
              -23.82907
            ],
            [
              -46.5925303,
              -23.8288973
            ],
            [
              -46.5919124,
              -23.8288266
            ],
            [
              -46.5912429,
              -23.8288188
            ],
            [
              -46.5910712,
              -23.8287089
            ],
            [
              -46.5912343,
              -23.8285047
            ],
            [
              -46.5913631,
              -23.8282927
            ],
            [
              -46.5916635,
              -23.8279237
            ],
            [
              -46.5919896,
              -23.8278688
            ],
            [
              -46.591775,
              -23.8276175
            ],
            [
              -46.5917321,
              -23.8271857
            ],
            [
              -46.591981,
              -23.8268245
            ],
            [
              -46.592187,
              -23.8264555
            ],
            [
              -46.5924359,
              -23.8262985
            ],
            [
              -46.592805,
              -23.8262042
            ],
            [
              -46.5935775,
              -23.8265811
            ],
            [
              -46.5937921,
              -23.8265026
            ],
            [
              -46.5938092,
              -23.8263848
            ],
            [
              -46.5933801,
              -23.8260001
            ],
            [
              -46.59332,
              -23.825686
            ],
            [
              -46.5932084,
              -23.8254583
            ],
            [
              -46.5932299,
              -23.8251541
            ],
            [
              -46.5935732,
              -23.8248243
            ],
            [
              -46.5941225,
              -23.8246673
            ],
            [
              -46.594586,
              -23.8244396
            ],
            [
              -46.5950323,
              -23.8244788
            ],
            [
              -46.5956503,
              -23.8247301
            ],
            [
              -46.5963713,
              -23.8250363
            ],
            [
              -46.5966888,
              -23.8253975
            ],
            [
              -46.5973497,
              -23.8258529
            ],
            [
              -46.5977789,
              -23.8263789
            ],
            [
              -46.5976931,
              -23.8259785
            ],
            [
              -46.597427,
              -23.8255859
            ],
            [
              -46.5969978,
              -23.8252954
            ],
            [
              -46.5966631,
              -23.8248008
            ],
            [
              -46.5960623,
              -23.8242433
            ],
            [
              -46.5956074,
              -23.8238821
            ],
            [
              -46.5954185,
              -23.8234189
            ],
            [
              -46.5953499,
              -23.8226572
            ],
            [
              -46.595264,
              -23.8218092
            ],
            [
              -46.5957447,
              -23.8212596
            ],
            [
              -46.5962854,
              -23.8206472
            ],
            [
              -46.5969206,
              -23.8203645
            ],
            [
              -46.5978046,
              -23.8204509
            ],
            [
              -46.5985943,
              -23.8207414
            ],
            [
              -46.5992294,
              -23.8211183
            ],
            [
              -46.5996157,
              -23.8210083
            ],
            [
              -46.5991779,
              -23.8206079
            ],
            [
              -46.5987659,
              -23.8202703
            ],
            [
              -46.5983025,
              -23.8199719
            ],
            [
              -46.5978132,
              -23.819383
            ],
            [
              -46.5972382,
              -23.8185585
            ],
            [
              -46.5970579,
              -23.8179461
            ],
            [
              -46.59753,
              -23.81731
            ],
            [
              -46.5974956,
              -23.8166819
            ],
            [
              -46.5978905,
              -23.8160223
            ],
            [
              -46.5983711,
              -23.8156847
            ],
            [
              -46.5991353,
              -23.8156981
            ],
            [
              -46.5993745,
              -23.8157626
            ],
            [
              -46.5996705,
              -23.8159599
            ],
            [
              -46.5998547,
              -23.8159402
            ],
            [
              -46.6000018,
              -23.8159832
            ],
            [
              -46.6001194,
              -23.816211
            ],
            [
              -46.6002841,
              -23.816202
            ],
            [
              -46.6006154,
              -23.8162594
            ],
            [
              -46.6008173,
              -23.8163616
            ],
            [
              -46.6009427,
              -23.8164925
            ],
            [
              -46.6010858,
              -23.8165517
            ],
            [
              -46.6014524,
              -23.8169839
            ],
            [
              -46.601463,
              -23.8170053
            ],
            [
              -46.6016426,
              -23.8173659
            ],
            [
              -46.6017798,
              -23.8172691
            ],
            [
              -46.6020091,
              -23.8173103
            ],
            [
              -46.6021307,
              -23.8173856
            ],
            [
              -46.6024326,
              -23.8174789
            ],
            [
              -46.6021934,
              -23.8172691
            ],
            [
              -46.6021228,
              -23.8171417
            ],
            [
              -46.602117,
              -23.8169732
            ],
            [
              -46.6020327,
              -23.8168835
            ],
            [
              -46.6019778,
              -23.816688
            ],
            [
              -46.6020464,
              -23.8165427
            ],
            [
              -46.602311,
              -23.8163455
            ],
            [
              -46.6029775,
              -23.8161572
            ],
            [
              -46.6035852,
              -23.8159169
            ],
            [
              -46.6029289,
              -23.8159873
            ],
            [
              -46.6022358,
              -23.8159365
            ],
            [
              -46.6018227,
              -23.8160117
            ],
            [
              -46.6013903,
              -23.8159411
            ],
            [
              -46.6011768,
              -23.8157999
            ],
            [
              -46.6009976,
              -23.8155151
            ],
            [
              -46.6007937,
              -23.8151242
            ],
            [
              -46.60068,
              -23.8146482
            ],
            [
              -46.6008602,
              -23.8142712
            ],
            [
              -46.6004568,
              -23.8146639
            ],
            [
              -46.6000706,
              -23.8148052
            ],
            [
              -46.5995127,
              -23.8146325
            ],
            [
              -46.5988689,
              -23.8141535
            ],
            [
              -46.5984569,
              -23.8137294
            ],
            [
              -46.5984827,
              -23.8132504
            ],
            [
              -46.5987917,
              -23.8131405
            ],
            [
              -46.5994354,
              -23.8128107
            ],
            [
              -46.5993925,
              -23.8126301
            ],
            [
              -46.5987745,
              -23.8124495
            ],
            [
              -46.5984569,
              -23.8121511
            ],
            [
              -46.5983282,
              -23.8116328
            ],
            [
              -46.5984827,
              -23.8112952
            ],
            [
              -46.5985428,
              -23.8109811
            ],
            [
              -46.5987144,
              -23.8105885
            ],
            [
              -46.5990063,
              -23.8104079
            ],
            [
              -46.5994783,
              -23.8106277
            ],
            [
              -46.5996157,
              -23.8109418
            ],
            [
              -46.5998989,
              -23.8110832
            ],
            [
              -46.6002594,
              -23.8114444
            ],
            [
              -46.6002422,
              -23.811091
            ],
            [
              -46.6003624,
              -23.810879
            ],
            [
              -46.6006885,
              -23.8110046
            ],
            [
              -46.6013666,
              -23.8112167
            ],
            [
              -46.6017872,
              -23.8117663
            ],
            [
              -46.6020275,
              -23.8122375
            ],
            [
              -46.6022764,
              -23.8119155
            ],
            [
              -46.6020189,
              -23.8114836
            ],
            [
              -46.6018902,
              -23.810879
            ],
            [
              -46.6022678,
              -23.8108947
            ],
            [
              -46.6028171,
              -23.8112245
            ],
            [
              -46.6031433,
              -23.8113266
            ],
            [
              -46.603375,
              -23.8111696
            ],
            [
              -46.6030746,
              -23.8107063
            ],
            [
              -46.6027914,
              -23.8103136
            ],
            [
              -46.6034523,
              -23.8096697
            ],
            [
              -46.6038214,
              -23.8095127
            ],
            [
              -46.6036497,
              -23.8093321
            ],
            [
              -46.6032978,
              -23.8093556
            ],
            [
              -46.6019331,
              -23.8101644
            ],
            [
              -46.6013237,
              -23.810078
            ],
            [
              -46.6003281,
              -23.8097011
            ],
            [
              -46.6001135,
              -23.8094027
            ],
            [
              -46.6000791,
              -23.808853
            ],
            [
              -46.6003881,
              -23.8084447
            ],
            [
              -46.6011091,
              -23.8084369
            ],
            [
              -46.601667,
              -23.8085232
            ],
            [
              -46.6021734,
              -23.8080207
            ],
            [
              -46.602491,
              -23.8081777
            ],
            [
              -46.6026798,
              -23.8081227
            ],
            [
              -46.6025082,
              -23.8078715
            ],
            [
              -46.6031948,
              -23.8072982
            ],
            [
              -46.6029201,
              -23.8071726
            ],
            [
              -46.6028343,
              -23.8068192
            ],
            [
              -46.6024567,
              -23.8073375
            ],
            [
              -46.601564,
              -23.807628
            ],
            [
              -46.6009804,
              -23.8074945
            ],
            [
              -46.60074,
              -23.8072197
            ],
            [
              -46.6006885,
              -23.80667
            ],
            [
              -46.6011692,
              -23.8064266
            ],
            [
              -46.6013752,
              -23.8060889
            ],
            [
              -46.6008516,
              -23.8060339
            ],
            [
              -46.6005684,
              -23.8058769
            ],
            [
              -46.6007229,
              -23.8045105
            ],
            [
              -46.60074,
              -23.8038901
            ],
            [
              -46.6011005,
              -23.8035132
            ],
            [
              -46.6020876,
              -23.8030734
            ],
            [
              -46.6025597,
              -23.8030969
            ],
            [
              -46.603581,
              -23.8029399
            ],
            [
              -46.6043793,
              -23.8031598
            ],
            [
              -46.6050144,
              -23.8037252
            ],
            [
              -46.605538,
              -23.8038901
            ],
            [
              -46.6063448,
              -23.8035681
            ],
            [
              -46.6071087,
              -23.8034817
            ],
            [
              -46.6078812,
              -23.8036309
            ],
            [
              -46.6086965,
              -23.8044398
            ],
            [
              -46.6090742,
              -23.805335
            ],
            [
              -46.6090227,
              -23.8063088
            ],
            [
              -46.6092201,
              -23.8064658
            ],
            [
              -46.6094004,
              -23.8063009
            ],
            [
              -46.6100441,
              -23.8054136
            ],
            [
              -46.6106535,
              -23.8049345
            ],
            [
              -46.6114088,
              -23.8049816
            ],
            [
              -46.6114603,
              -23.8047853
            ],
            [
              -46.6112371,
              -23.804377
            ],
            [
              -46.6108938,
              -23.8037095
            ],
            [
              -46.6107307,
              -23.8027436
            ],
            [
              -46.6104046,
              -23.8023273
            ],
            [
              -46.6106792,
              -23.8016834
            ],
            [
              -46.6116148,
              -23.8010473
            ],
            [
              -46.6127649,
              -23.800741
            ],
            [
              -46.6137434,
              -23.8007175
            ],
            [
              -46.6147047,
              -23.7995552
            ],
            [
              -46.6156488,
              -23.7985421
            ],
            [
              -46.6164299,
              -23.7979924
            ],
            [
              -46.6177002,
              -23.7976783
            ],
            [
              -46.6183611,
              -23.7974898
            ],
            [
              -46.6190391,
              -23.7975919
            ],
            [
              -46.619434,
              -23.7981416
            ],
            [
              -46.6193825,
              -23.7993353
            ],
            [
              -46.6196056,
              -23.8001128
            ],
            [
              -46.6190134,
              -23.800796
            ],
            [
              -46.6190563,
              -23.8011023
            ],
            [
              -46.619022,
              -23.8015499
            ],
            [
              -46.6181637,
              -23.8018876
            ],
            [
              -46.6181122,
              -23.8021232
            ],
            [
              -46.61861,
              -23.8022567
            ],
            [
              -46.6188417,
              -23.8027907
            ],
            [
              -46.6189876,
              -23.8040079
            ],
            [
              -46.6188847,
              -23.8046675
            ],
            [
              -46.6184212,
              -23.8050994
            ],
            [
              -46.6191851,
              -23.8052643
            ],
            [
              -46.6198202,
              -23.8052565
            ],
            [
              -46.6208158,
              -23.8067485
            ],
            [
              -46.6206957,
              -23.8071961
            ],
            [
              -46.6207999,
              -23.8076189
            ],
            [
              -46.6206121,
              -23.807987
            ],
            [
              -46.619845,
              -23.8083895
            ],
            [
              -46.6183352,
              -23.8090809
            ],
            [
              -46.6173399,
              -23.8100532
            ],
            [
              -46.6165245,
              -23.8109072
            ],
            [
              -46.6157198,
              -23.8117415
            ],
            [
              -46.6152968,
              -23.8126145
            ],
            [
              -46.6154857,
              -23.8133683
            ],
            [
              -46.6154857,
              -23.8146404
            ],
            [
              -46.615211,
              -23.8159125
            ],
            [
              -46.6145759,
              -23.8166898
            ],
            [
              -46.613102,
              -23.8171253
            ],
            [
              -46.6124368,
              -23.8172725
            ],
            [
              -46.611954,
              -23.817724
            ],
            [
              -46.611954,
              -23.8182344
            ],
            [
              -46.612587,
              -23.8183669
            ],
            [
              -46.6132884,
              -23.8183623
            ],
            [
              -46.6139836,
              -23.8182053
            ],
            [
              -46.614696,
              -23.8179933
            ],
            [
              -46.6152711,
              -23.8181268
            ],
            [
              -46.6157861,
              -23.8184723
            ],
            [
              -46.6157775,
              -23.8192653
            ],
            [
              -46.6152968,
              -23.819972
            ],
            [
              -46.6148212,
              -23.8203696
            ],
            [
              -46.6147286,
              -23.820371
            ],
            [
              -46.6143143,
              -23.8202072
            ],
            [
              -46.6141695,
              -23.82059
            ],
            [
              -46.614564,
              -23.820975
            ],
            [
              -46.6146951,
              -23.821272
            ],
            [
              -46.6146703,
              -23.8215477
            ],
            [
              -46.6143784,
              -23.8218879
            ],
            [
              -46.6139345,
              -23.822012
            ],
            [
              -46.6134721,
              -23.8221211
            ],
            [
              -46.6129732,
              -23.8224057
            ],
            [
              -46.6122329,
              -23.822867
            ],
            [
              -46.6118789,
              -23.8229259
            ],
            [
              -46.6112298,
              -23.8226707
            ],
            [
              -46.6108596,
              -23.8226462
            ],
            [
              -46.6107202,
              -23.8227738
            ],
            [
              -46.6107684,
              -23.8229799
            ],
            [
              -46.6111169,
              -23.8232462
            ],
            [
              -46.6113315,
              -23.8236231
            ],
            [
              -46.6113744,
              -23.8243376
            ],
            [
              -46.6111493,
              -23.8250311
            ],
            [
              -46.6108596,
              -23.825674
            ],
            [
              -46.6105968,
              -23.8261107
            ],
            [
              -46.6099155,
              -23.8270382
            ],
            [
              -46.6093469,
              -23.8276172
            ],
            [
              -46.6093898,
              -23.8277841
            ]
          ]
        ]
      },
      "id": "relation/4573238"
    },
    {
      "type": "Feature",
      "properties": {
        "@id": "relation/4573239",
        "admin_level": "10",
        "boundary": "administrative",
        "name": "Tatetos",
        "place": "suburb",
        "type": "boundary"
      },
      "geometry": {
        "type": "Polygon",
        "coordinates": [
          [
            [
              -46.5786086,
              -23.8383117
            ],
            [
              -46.5783095,
              -23.8382442
            ],
            [
              -46.577541,
              -23.8380934
            ],
            [
              -46.5773793,
              -23.8380473
            ],
            [
              -46.5772258,
              -23.8379767
            ],
            [
              -46.5770933,
              -23.837881
            ],
            [
              -46.5769652,
              -23.8377835
            ],
            [
              -46.5762829,
              -23.8371694
            ],
            [
              -46.5760419,
              -23.8369945
            ],
            [
              -46.5757743,
              -23.8368596
            ],
            [
              -46.5755859,
              -23.8367762
            ],
            [
              -46.5754075,
              -23.8367418
            ],
            [
              -46.5751916,
              -23.836759
            ],
            [
              -46.5749858,
              -23.836859
            ],
            [
              -46.5746981,
              -23.8370178
            ],
            [
              -46.5745251,
              -23.8370694
            ],
            [
              -46.5743293,
              -23.8370792
            ],
            [
              -46.5741026,
              -23.8370215
            ],
            [
              -46.5738559,
              -23.8369025
            ],
            [
              -46.5735528,
              -23.8367332
            ],
            [
              -46.5731692,
              -23.8364879
            ],
            [
              -46.572901,
              -23.8362757
            ],
            [
              -46.5726355,
              -23.8360708
            ],
            [
              -46.5723914,
              -23.8359089
            ],
            [
              -46.5721513,
              -23.8357887
            ],
            [
              -46.5719461,
              -23.8357126
            ],
            [
              -46.571698,
              -23.8356218
            ],
            [
              -46.5710543,
              -23.8353912
            ],
            [
              -46.5706895,
              -23.835309
            ],
            [
              -46.5702926,
              -23.8352735
            ],
            [
              -46.5700082,
              -23.8352894
            ],
            [
              -46.5697306,
              -23.8353397
            ],
            [
              -46.5694812,
              -23.8354292
            ],
            [
              -46.5692559,
              -23.8355384
            ],
            [
              -46.5688562,
              -23.835758
            ],
            [
              -46.5685196,
              -23.8359261
            ],
            [
              -46.5680248,
              -23.8361604
            ],
            [
              -46.5676466,
              -23.8362708
            ],
            [
              -46.5672791,
              -23.836337
            ],
            [
              -46.5668902,
              -23.8363996
            ],
            [
              -46.5664449,
              -23.8364597
            ],
            [
              -46.5662491,
              -23.8364536
            ],
            [
              -46.5660989,
              -23.8364033
            ],
            [
              -46.5659903,
              -23.8363397
            ],
            [
              -46.5659043,
              -23.8362742
            ],
            [
              -46.5655682,
              -23.8359613
            ],
            [
              -46.5653142,
              -23.8357638
            ],
            [
              -46.5651661,
              -23.8356178
            ],
            [
              -46.5649476,
              -23.8353746
            ],
            [
              -46.5648116,
              -23.8351957
            ],
            [
              -46.5647256,
              -23.8350269
            ],
            [
              -46.5646331,
              -23.8348527
            ],
            [
              -46.5645298,
              -23.8346822
            ],
            [
              -46.5643674,
              -23.8344512
            ],
            [
              -46.5643106,
              -23.8343288
            ],
            [
              -46.5642601,
              -23.8342182
            ],
            [
              -46.5640777,
              -23.8336735
            ],
            [
              -46.5639785,
              -23.8334428
            ],
            [
              -46.5638417,
              -23.8332466
            ],
            [
              -46.5637493,
              -23.8331119
            ],
            [
              -46.5635602,
              -23.8329022
            ],
            [
              -46.5632008,
              -23.832571
            ],
            [
              -46.5623826,
              -23.8319634
            ],
            [
              -46.5623061,
              -23.8319105
            ],
            [
              -46.5621415,
              -23.8317921
            ],
            [
              -46.5620057,
              -23.8316997
            ],
            [
              -46.5612688,
              -23.8312942
            ],
            [
              -46.5609387,
              -23.8311217
            ],
            [
              -46.5606996,
              -23.830986
            ],
            [
              -46.5602817,
              -23.830716
            ],
            [
              -46.5601696,
              -23.830652
            ],
            [
              -46.5598699,
              -23.83013
            ],
            [
              -46.5599554,
              -23.8299901
            ],
            [
              -46.5597507,
              -23.8297822
            ],
            [
              -46.5596877,
              -23.8294838
            ],
            [
              -46.5597372,
              -23.829313
            ],
            [
              -46.5598902,
              -23.8291442
            ],
            [
              -46.5597642,
              -23.8285371
            ],
            [
              -46.5598114,
              -23.8280493
            ],
            [
              -46.5599891,
              -23.8273063
            ],
            [
              -46.5601669,
              -23.8266065
            ],
            [
              -46.5605674,
              -23.826162
            ],
            [
              -46.5605021,
              -23.8260179
            ],
            [
              -46.5601826,
              -23.8256598
            ],
            [
              -46.5601601,
              -23.825277
            ],
            [
              -46.5601826,
              -23.8245216
            ],
            [
              -46.5603446,
              -23.8242232
            ],
            [
              -46.5604729,
              -23.8241018
            ],
            [
              -46.5608374,
              -23.8240544
            ],
            [
              -46.5614388,
              -23.8242302
            ],
            [
              -46.5620747,
              -23.8242529
            ],
            [
              -46.5623352,
              -23.824409
            ],
            [
              -46.56245,
              -23.8246247
            ],
            [
              -46.562754,
              -23.824758
            ],
            [
              -46.5630921,
              -23.8247779
            ],
            [
              -46.5634736,
              -23.8244658
            ],
            [
              -46.5637248,
              -23.8243721
            ],
            [
              -46.5640939,
              -23.8243693
            ],
            [
              -46.5644351,
              -23.8244686
            ],
            [
              -46.5648166,
              -23.8245679
            ],
            [
              -46.565254,
              -23.8244856
            ],
            [
              -46.5654184,
              -23.8243125
            ],
            [
              -46.5657689,
              -23.8243296
            ],
            [
              -46.5659302,
              -23.8242416
            ],
            [
              -46.5663955,
              -23.8241451
            ],
            [
              -46.5666064,
              -23.8238983
            ],
            [
              -46.5669197,
              -23.8239352
            ],
            [
              -46.566929,
              -23.8234414
            ],
            [
              -46.5666467,
              -23.8233137
            ],
            [
              -46.5664575,
              -23.8232371
            ],
            [
              -46.5661938,
              -23.823135
            ],
            [
              -46.5657968,
              -23.8232627
            ],
            [
              -46.5651113,
              -23.8232996
            ],
            [
              -46.5649283,
              -23.8234528
            ],
            [
              -46.5645933,
              -23.8235039
            ],
            [
              -46.5641498,
              -23.8233506
            ],
            [
              -46.5637869,
              -23.8232371
            ],
            [
              -46.5631789,
              -23.8230754
            ],
            [
              -46.5628718,
              -23.8229704
            ],
            [
              -46.5626795,
              -23.8226611
            ],
            [
              -46.5624376,
              -23.8228456
            ],
            [
              -46.5620623,
              -23.823064
            ],
            [
              -46.5615254,
              -23.822902
            ],
            [
              -46.561274,
              -23.8225149
            ],
            [
              -46.5611181,
              -23.8222442
            ],
            [
              -46.5609654,
              -23.822186
            ],
            [
              -46.5606377,
              -23.822349
            ],
            [
              -46.5603545,
              -23.8222326
            ],
            [
              -46.5600434,
              -23.8220053
            ],
            [
              -46.5597276,
              -23.8216388
            ],
            [
              -46.5595399,
              -23.8211352
            ],
            [
              -46.5596831,
              -23.820719
            ],
            [
              -46.5594604,
              -23.820457
            ],
            [
              -46.5588845,
              -23.8203376
            ],
            [
              -46.5585631,
              -23.8203027
            ],
            [
              -46.5584135,
              -23.8200145
            ],
            [
              -46.558474,
              -23.8197002
            ],
            [
              -46.5586267,
              -23.819575
            ],
            [
              -46.5584931,
              -23.8192432
            ],
            [
              -46.5581749,
              -23.818955
            ],
            [
              -46.557932,
              -23.818307
            ],
            [
              -46.5579235,
              -23.8179828
            ],
            [
              -46.5578122,
              -23.8176335
            ],
            [
              -46.5575258,
              -23.8173599
            ],
            [
              -46.5571281,
              -23.8169727
            ],
            [
              -46.5571758,
              -23.8166205
            ],
            [
              -46.5574367,
              -23.8163935
            ],
            [
              -46.5577135,
              -23.8163585
            ],
            [
              -46.5580222,
              -23.8164196
            ],
            [
              -46.5583595,
              -23.8166438
            ],
            [
              -46.5586585,
              -23.8169756
            ],
            [
              -46.5591422,
              -23.8177499
            ],
            [
              -46.5597245,
              -23.8183583
            ],
            [
              -46.5602431,
              -23.8186173
            ],
            [
              -46.5606695,
              -23.8187512
            ],
            [
              -46.5609304,
              -23.8187571
            ],
            [
              -46.5611786,
              -23.818661
            ],
            [
              -46.561379,
              -23.8186668
            ],
            [
              -46.5618467,
              -23.8187716
            ],
            [
              -46.5618627,
              -23.8186494
            ],
            [
              -46.5615604,
              -23.8183845
            ],
            [
              -46.5613758,
              -23.8182389
            ],
            [
              -46.5611181,
              -23.8182273
            ],
            [
              -46.560819,
              -23.8182477
            ],
            [
              -46.560609,
              -23.8180032
            ],
            [
              -46.5602208,
              -23.8177936
            ],
            [
              -46.559909,
              -23.8174443
            ],
            [
              -46.5598613,
              -23.8170513
            ],
            [
              -46.5600013,
              -23.8167806
            ],
            [
              -46.5600999,
              -23.8166292
            ],
            [
              -46.5600872,
              -23.8163876
            ],
            [
              -46.5598486,
              -23.8162508
            ],
            [
              -46.5595049,
              -23.8162887
            ],
            [
              -46.5590821,
              -23.8161162
            ],
            [
              -46.5588075,
              -23.8156059
            ],
            [
              -46.558447,
              -23.8153232
            ],
            [
              -46.558344,
              -23.8150169
            ],
            [
              -46.5581294,
              -23.815119
            ],
            [
              -46.5570222,
              -23.8151504
            ],
            [
              -46.556636,
              -23.8149934
            ],
            [
              -46.556593,
              -23.8147578
            ],
            [
              -46.556799,
              -23.8144437
            ],
            [
              -46.5572282,
              -23.814004
            ],
            [
              -46.5578891,
              -23.8136506
            ],
            [
              -46.5584041,
              -23.8132973
            ],
            [
              -46.5583354,
              -23.8131638
            ],
            [
              -46.557314,
              -23.8134151
            ],
            [
              -46.5565158,
              -23.8133601
            ],
            [
              -46.5563355,
              -23.8132031
            ],
            [
              -46.5563785,
              -23.8128968
            ],
            [
              -46.5563785,
              -23.8125749
            ],
            [
              -46.5561896,
              -23.8124806
            ],
            [
              -46.5558549,
              -23.8126298
            ],
            [
              -46.5554343,
              -23.8125435
            ],
            [
              -46.5549623,
              -23.8120252
            ],
            [
              -46.5549708,
              -23.8114755
            ],
            [
              -46.5551425,
              -23.8110436
            ],
            [
              -46.5549108,
              -23.8107688
            ],
            [
              -46.5548819,
              -23.8105146
            ],
            [
              -46.5549107,
              -23.8101979
            ],
            [
              -46.5555115,
              -23.8098681
            ],
            [
              -46.5560436,
              -23.8094598
            ],
            [
              -46.5566015,
              -23.8091143
            ],
            [
              -46.5565672,
              -23.8087373
            ],
            [
              -46.5561724,
              -23.8081248
            ],
            [
              -46.5559664,
              -23.8073631
            ],
            [
              -46.5560265,
              -23.8071472
            ],
            [
              -46.5565844,
              -23.8067467
            ],
            [
              -46.5569191,
              -23.806676
            ],
            [
              -46.557271,
              -23.807155
            ],
            [
              -46.5573568,
              -23.8076262
            ],
            [
              -46.5570993,
              -23.8083251
            ],
            [
              -46.556859,
              -23.8089611
            ],
            [
              -46.5569472,
              -23.8095576
            ],
            [
              -46.5570974,
              -23.8100827
            ],
            [
              -46.557937,
              -23.8105784
            ],
            [
              -46.5586504,
              -23.81089
            ],
            [
              -46.5592754,
              -23.8110422
            ],
            [
              -46.5589616,
              -23.8107477
            ],
            [
              -46.5583868,
              -23.8104374
            ],
            [
              -46.5580091,
              -23.8100055
            ],
            [
              -46.5578032,
              -23.8095893
            ],
            [
              -46.5577259,
              -23.8090711
            ],
            [
              -46.5577946,
              -23.8086313
            ],
            [
              -46.5582237,
              -23.8074534
            ],
            [
              -46.5582752,
              -23.8070765
            ],
            [
              -46.5580091,
              -23.8064326
            ],
            [
              -46.5579576,
              -23.8060949
            ],
            [
              -46.5581036,
              -23.80593
            ],
            [
              -46.5583868,
              -23.8058436
            ],
            [
              -46.5586958,
              -23.8059457
            ],
            [
              -46.5588846,
              -23.8061577
            ],
            [
              -46.5588846,
              -23.8064404
            ],
            [
              -46.5586271,
              -23.8073435
            ],
            [
              -46.5588589,
              -23.8077832
            ],
            [
              -46.5594254,
              -23.8086863
            ],
            [
              -46.5596485,
              -23.8088433
            ],
            [
              -46.5596571,
              -23.8086784
            ],
            [
              -46.559597,
              -23.8080502
            ],
            [
              -46.5596313,
              -23.8075005
            ],
            [
              -46.5598545,
              -23.8073199
            ],
            [
              -46.5605326,
              -23.8073042
            ],
            [
              -46.5611935,
              -23.8075398
            ],
            [
              -46.561614,
              -23.8079638
            ],
            [
              -46.5619574,
              -23.8083329
            ],
            [
              -46.562026,
              -23.8085685
            ],
            [
              -46.5621719,
              -23.8086706
            ],
            [
              -46.5624638,
              -23.8087177
            ],
            [
              -46.5629101,
              -23.8092046
            ],
            [
              -46.5630989,
              -23.8095893
            ],
            [
              -46.5630217,
              -23.8099741
            ],
            [
              -46.5630474,
              -23.8101783
            ],
            [
              -46.5632706,
              -23.8102489
            ],
            [
              -46.5636311,
              -23.8103039
            ],
            [
              -46.5638971,
              -23.8106416
            ],
            [
              -46.5640688,
              -23.8119137
            ],
            [
              -46.5638971,
              -23.8124162
            ],
            [
              -46.56388,
              -23.8129816
            ],
            [
              -46.5640688,
              -23.8131229
            ],
            [
              -46.5642061,
              -23.8124791
            ],
            [
              -46.564455,
              -23.81211
            ],
            [
              -46.5648241,
              -23.8118666
            ],
            [
              -46.5652876,
              -23.8118666
            ],
            [
              -46.5658039,
              -23.812198
            ],
            [
              -46.5661848,
              -23.8124973
            ],
            [
              -46.5663725,
              -23.8127967
            ],
            [
              -46.5667373,
              -23.8131206
            ],
            [
              -46.5677458,
              -23.8139647
            ],
            [
              -46.5683037,
              -23.8147107
            ],
            [
              -46.5689635,
              -23.8152604
            ],
            [
              -46.5691328,
              -23.8151881
            ],
            [
              -46.5691513,
              -23.81475
            ],
            [
              -46.5691414,
              -23.8142066
            ],
            [
              -46.5690126,
              -23.8136491
            ],
            [
              -46.5686607,
              -23.8132172
            ],
            [
              -46.5678155,
              -23.8123795
            ],
            [
              -46.5672684,
              -23.8117464
            ],
            [
              -46.5670109,
              -23.8113587
            ],
            [
              -46.5665665,
              -23.8109243
            ],
            [
              -46.5663004,
              -23.8107358
            ],
            [
              -46.5659056,
              -23.8106259
            ],
            [
              -46.5654078,
              -23.8102332
            ],
            [
              -46.5646009,
              -23.8094401
            ],
            [
              -46.5636568,
              -23.8084429
            ],
            [
              -46.5633907,
              -23.8080267
            ],
            [
              -46.5633564,
              -23.8075948
            ],
            [
              -46.5638971,
              -23.8069744
            ],
            [
              -46.5641804,
              -23.8065818
            ],
            [
              -46.5643349,
              -23.8063697
            ],
            [
              -46.5639915,
              -23.8063462
            ],
            [
              -46.563674,
              -23.806464
            ],
            [
              -46.5632105,
              -23.806888
            ],
            [
              -46.562644,
              -23.807155
            ],
            [
              -46.5620947,
              -23.8069273
            ],
            [
              -46.5617599,
              -23.8066681
            ],
            [
              -46.561348,
              -23.8064954
            ],
            [
              -46.5606916,
              -23.8063183
            ],
            [
              -46.5604073,
              -23.8062103
            ],
            [
              -46.5602517,
              -23.8060091
            ],
            [
              -46.5603322,
              -23.8057097
            ],
            [
              -46.5605755,
              -23.8053803
            ],
            [
              -46.5604609,
              -23.80516
            ],
            [
              -46.5601391,
              -23.8051453
            ],
            [
              -46.5597904,
              -23.8050962
            ],
            [
              -46.5594256,
              -23.8048361
            ],
            [
              -46.5594202,
              -23.8045416
            ],
            [
              -46.5597206,
              -23.8043404
            ],
            [
              -46.5603912,
              -23.8041833
            ],
            [
              -46.5613139,
              -23.8042226
            ],
            [
              -46.5618557,
              -23.8043502
            ],
            [
              -46.5623277,
              -23.804679
            ],
            [
              -46.5628696,
              -23.8050177
            ],
            [
              -46.5638191,
              -23.8051011
            ],
            [
              -46.5643072,
              -23.8047821
            ],
            [
              -46.564731,
              -23.8046594
            ],
            [
              -46.5652084,
              -23.8047085
            ],
            [
              -46.5657717,
              -23.8049048
            ],
            [
              -46.566115,
              -23.8049097
            ],
            [
              -46.5664369,
              -23.8047478
            ],
            [
              -46.5666676,
              -23.8043895
            ],
            [
              -46.5669251,
              -23.8039477
            ],
            [
              -46.5671825,
              -23.8036336
            ],
            [
              -46.5675581,
              -23.8031477
            ],
            [
              -46.5680999,
              -23.80276
            ],
            [
              -46.5684593,
              -23.8023428
            ],
            [
              -46.5685237,
              -23.8016311
            ],
            [
              -46.5685773,
              -23.8013121
            ],
            [
              -46.5689743,
              -23.8006102
            ],
            [
              -46.5694839,
              -23.8003206
            ],
            [
              -46.5702832,
              -23.8002617
            ],
            [
              -46.5708304,
              -23.8001832
            ],
            [
              -46.5711039,
              -23.8000359
            ],
            [
              -46.5711039,
              -23.7998151
            ],
            [
              -46.5708679,
              -23.7994715
            ],
            [
              -46.5702829,
              -23.7988623
            ],
            [
              -46.5702915,
              -23.7983832
            ],
            [
              -46.5704203,
              -23.7977785
            ],
            [
              -46.5706863,
              -23.7973701
            ],
            [
              -46.5712528,
              -23.7970403
            ],
            [
              -46.5718794,
              -23.7968361
            ],
            [
              -46.5726948,
              -23.796844
            ],
            [
              -46.5735788,
              -23.797111
            ],
            [
              -46.5741281,
              -23.7975979
            ],
            [
              -46.5744886,
              -23.7976293
            ],
            [
              -46.5747633,
              -23.7974173
            ],
            [
              -46.5751839,
              -23.7970482
            ],
            [
              -46.5758362,
              -23.796789
            ],
            [
              -46.5765915,
              -23.7966162
            ],
            [
              -46.5772095,
              -23.7967262
            ],
            [
              -46.5773983,
              -23.7969539
            ],
            [
              -46.5776901,
              -23.7976921
            ],
            [
              -46.577552,
              -23.7986076
            ],
            [
              -46.5775037,
              -23.7989758
            ],
            [
              -46.57767,
              -23.7993488
            ],
            [
              -46.5779811,
              -23.7992359
            ],
            [
              -46.5780884,
              -23.7988531
            ],
            [
              -46.5782064,
              -23.7982493
            ],
            [
              -46.5783888,
              -23.7974836
            ],
            [
              -46.5784746,
              -23.7967523
            ],
            [
              -46.5786892,
              -23.79607
            ],
            [
              -46.5790862,
              -23.7954859
            ],
            [
              -46.5794724,
              -23.7951276
            ],
            [
              -46.5794939,
              -23.7944994
            ],
            [
              -46.5788931,
              -23.7938465
            ],
            [
              -46.5785658,
              -23.7935422
            ],
            [
              -46.57848,
              -23.7932722
            ],
            [
              -46.5785444,
              -23.7929188
            ],
            [
              -46.5789253,
              -23.7917261
            ],
            [
              -46.579392,
              -23.7915641
            ],
            [
              -46.5802234,
              -23.7917801
            ],
            [
              -46.5804863,
              -23.7920157
            ],
            [
              -46.5805936,
              -23.7923543
            ],
            [
              -46.5809047,
              -23.7928108
            ],
            [
              -46.5812695,
              -23.7929777
            ],
            [
              -46.5816075,
              -23.7931054
            ],
            [
              -46.5818971,
              -23.7930808
            ],
            [
              -46.5824068,
              -23.7929532
            ],
            [
              -46.5829432,
              -23.7930612
            ],
            [
              -46.5835548,
              -23.7933557
            ],
            [
              -46.5840376,
              -23.7938956
            ],
            [
              -46.5844292,
              -23.7944552
            ],
            [
              -46.5844184,
              -23.7949755
            ],
            [
              -46.5842038,
              -23.7956725
            ],
            [
              -46.5842253,
              -23.7959277
            ],
            [
              -46.5841019,
              -23.79661
            ],
            [
              -46.5837586,
              -23.7976653
            ],
            [
              -46.5833455,
              -23.7983573
            ],
            [
              -46.5830889,
              -23.7987523
            ],
            [
              -46.5829781,
              -23.7990101
            ],
            [
              -46.5829781,
              -23.7991451
            ],
            [
              -46.5830585,
              -23.7991525
            ],
            [
              -46.5832329,
              -23.7990445
            ],
            [
              -46.5838713,
              -23.7985389
            ],
            [
              -46.5841341,
              -23.79848
            ],
            [
              -46.584456,
              -23.7983377
            ],
            [
              -46.584548,
              -23.7981241
            ],
            [
              -46.5846682,
              -23.7974094
            ],
            [
              -46.5848227,
              -23.7968204
            ],
            [
              -46.5851488,
              -23.7963178
            ],
            [
              -46.5854578,
              -23.7960822
            ],
            [
              -46.5859985,
              -23.7954225
            ],
            [
              -46.5866594,
              -23.7949827
            ],
            [
              -46.5874062,
              -23.7947
            ],
            [
              -46.5877495,
              -23.7946136
            ],
            [
              -46.5884104,
              -23.7948021
            ],
            [
              -46.5888653,
              -23.7947157
            ],
            [
              -46.5894833,
              -23.7947471
            ],
            [
              -46.5901699,
              -23.7949984
            ],
            [
              -46.5907707,
              -23.7954146
            ],
            [
              -46.591011,
              -23.7958309
            ],
            [
              -46.591114,
              -23.7964356
            ],
            [
              -46.5907536,
              -23.7970953
            ],
            [
              -46.590642,
              -23.7974722
            ],
            [
              -46.5908051,
              -23.7976764
            ],
            [
              -46.5910625,
              -23.7976921
            ],
            [
              -46.5912428,
              -23.7975351
            ],
            [
              -46.5918608,
              -23.7968989
            ],
            [
              -46.5921698,
              -23.7963885
            ],
            [
              -46.593784,
              -23.7972754
            ],
            [
              -46.594402,
              -23.797511
            ],
            [
              -46.5951144,
              -23.7977309
            ],
            [
              -46.5956723,
              -23.7975738
            ],
            [
              -46.5964104,
              -23.7978251
            ],
            [
              -46.5967966,
              -23.7979822
            ],
            [
              -46.5974661,
              -23.7984691
            ],
            [
              -46.5977236,
              -23.7990031
            ],
            [
              -46.5976893,
              -23.7998356
            ],
            [
              -46.5973717,
              -23.800291
            ],
            [
              -46.5968567,
              -23.800401
            ],
            [
              -46.5961443,
              -23.8005423
            ],
            [
              -46.5966421,
              -23.8008329
            ],
            [
              -46.5968052,
              -23.8010606
            ],
            [
              -46.5966336,
              -23.8014219
            ],
            [
              -46.596007,
              -23.8015083
            ],
            [
              -46.5954405,
              -23.8014219
            ],
            [
              -46.5957752,
              -23.8018067
            ],
            [
              -46.5962559,
              -23.802215
            ],
            [
              -46.5960327,
              -23.802914
            ],
            [
              -46.5957752,
              -23.8033773
            ],
            [
              -46.5954834,
              -23.8034558
            ],
            [
              -46.5952946,
              -23.8031181
            ],
            [
              -46.594977,
              -23.8027962
            ],
            [
              -46.5951229,
              -23.8033694
            ],
            [
              -46.5949255,
              -23.8035893
            ],
            [
              -46.5948826,
              -23.8037699
            ],
            [
              -46.5952259,
              -23.8039191
            ],
            [
              -46.5955521,
              -23.8040998
            ],
            [
              -46.5956551,
              -23.8043354
            ],
            [
              -46.5955263,
              -23.8048065
            ],
            [
              -46.5950028,
              -23.8055997
            ],
            [
              -46.5945221,
              -23.8060394
            ],
            [
              -46.5939986,
              -23.8062043
            ],
            [
              -46.5930802,
              -23.8060159
            ],
            [
              -46.5918957,
              -23.8056154
            ],
            [
              -46.5915352,
              -23.8055368
            ],
            [
              -46.591458,
              -23.8053405
            ],
            [
              -46.5909344,
              -23.8053955
            ],
            [
              -46.5906941,
              -23.8058038
            ],
            [
              -46.5908486,
              -23.8059609
            ],
            [
              -46.5913464,
              -23.8063692
            ],
            [
              -46.5923592,
              -23.8068718
            ],
            [
              -46.592754,
              -23.8075157
            ],
            [
              -46.5925738,
              -23.8079476
            ],
            [
              -46.5916725,
              -23.8085052
            ],
            [
              -46.5909086,
              -23.8086465
            ],
            [
              -46.5902993,
              -23.8085601
            ],
            [
              -46.5897414,
              -23.8084266
            ],
            [
              -46.5899559,
              -23.8088428
            ],
            [
              -46.5899645,
              -23.8092512
            ],
            [
              -46.5891663,
              -23.8098715
            ],
            [
              -46.5880848,
              -23.810539
            ],
            [
              -46.5873467,
              -23.8113164
            ],
            [
              -46.5870205,
              -23.8118111
            ],
            [
              -46.5870892,
              -23.8121095
            ],
            [
              -46.5864197,
              -23.8125414
            ],
            [
              -46.586351,
              -23.8130125
            ],
            [
              -46.5868231,
              -23.8130439
            ],
            [
              -46.5876728,
              -23.8126906
            ],
            [
              -46.5881106,
              -23.8123765
            ],
            [
              -46.5884968,
              -23.812722
            ],
            [
              -46.5885826,
              -23.8120938
            ],
            [
              -46.5886856,
              -23.8117954
            ],
            [
              -46.5892006,
              -23.8116855
            ],
            [
              -46.589501,
              -23.8115048
            ],
            [
              -46.5899559,
              -23.8114342
            ],
            [
              -46.5899988,
              -23.8111279
            ],
            [
              -46.5899731,
              -23.8108767
            ],
            [
              -46.5903422,
              -23.8106882
            ],
            [
              -46.5912091,
              -23.8105076
            ],
            [
              -46.5921446,
              -23.8104762
            ],
            [
              -46.5927111,
              -23.810539
            ],
            [
              -46.5930115,
              -23.8107275
            ],
            [
              -46.5933377,
              -23.8116933
            ],
            [
              -46.5934235,
              -23.8123686
            ],
            [
              -46.5932518,
              -23.8131617
            ],
            [
              -46.5933377,
              -23.813468
            ],
            [
              -46.5936896,
              -23.8142532
            ],
            [
              -46.5935951,
              -23.8148892
            ],
            [
              -46.5932862,
              -23.8152661
            ],
            [
              -46.5934063,
              -23.8155645
            ],
            [
              -46.593475,
              -23.8159022
            ],
            [
              -46.5933033,
              -23.8162398
            ],
            [
              -46.5935179,
              -23.8165382
            ],
            [
              -46.5932347,
              -23.816758
            ],
            [
              -46.5926167,
              -23.817292
            ],
            [
              -46.5921704,
              -23.8172606
            ],
            [
              -46.5913378,
              -23.8169386
            ],
            [
              -46.5917326,
              -23.817449
            ],
            [
              -46.5921618,
              -23.8177474
            ],
            [
              -46.5922562,
              -23.8180772
            ],
            [
              -46.591827,
              -23.8183913
            ],
            [
              -46.5912777,
              -23.8183834
            ],
            [
              -46.5906082,
              -23.8184227
            ],
            [
              -46.5899044,
              -23.8184462
            ],
            [
              -46.5896727,
              -23.8186347
            ],
            [
              -46.5898701,
              -23.8189645
            ],
            [
              -46.5903851,
              -23.8191215
            ],
            [
              -46.5908657,
              -23.8190587
            ],
            [
              -46.591458,
              -23.8191608
            ],
            [
              -46.5917155,
              -23.8194199
            ],
            [
              -46.59193,
              -23.8201187
            ],
            [
              -46.5918528,
              -23.8205035
            ],
            [
              -46.5915095,
              -23.8206291
            ],
            [
              -46.5909001,
              -23.820794
            ],
            [
              -46.5912176,
              -23.8211316
            ],
            [
              -46.5916468,
              -23.8214064
            ],
            [
              -46.591767,
              -23.8218383
            ],
            [
              -46.5916382,
              -23.8220738
            ],
            [
              -46.5907112,
              -23.8219875
            ],
            [
              -46.5899388,
              -23.821799
            ],
            [
              -46.5889431,
              -23.8214064
            ],
            [
              -46.5886856,
              -23.8213907
            ],
            [
              -46.5895096,
              -23.8219875
            ],
            [
              -46.5905911,
              -23.8225842
            ],
            [
              -46.5907284,
              -23.8228041
            ],
            [
              -46.590531,
              -23.8233694
            ],
            [
              -46.5896641,
              -23.8239112
            ],
            [
              -46.5889345,
              -23.8243901
            ],
            [
              -46.5883423,
              -23.8248769
            ],
            [
              -46.5877415,
              -23.8250025
            ],
            [
              -46.5869519,
              -23.8246885
            ],
            [
              -46.586188,
              -23.8243116
            ],
            [
              -46.585879,
              -23.8248455
            ],
            [
              -46.5858704,
              -23.8254815
            ],
            [
              -46.58557,
              -23.8258113
            ],
            [
              -46.5847374,
              -23.8263216
            ],
            [
              -46.5841109,
              -23.826722
            ],
            [
              -46.5827633,
              -23.827994
            ],
            [
              -46.5818363,
              -23.8287085
            ],
            [
              -46.5810467,
              -23.8287399
            ],
            [
              -46.5797335,
              -23.82958
            ],
            [
              -46.5789782,
              -23.829682
            ],
            [
              -46.5779568,
              -23.8300432
            ],
            [
              -46.5767809,
              -23.8296035
            ],
            [
              -46.5767098,
              -23.8298892
            ],
            [
              -46.5767466,
              -23.8304829
            ],
            [
              -46.5766522,
              -23.8314329
            ],
            [
              -46.5767208,
              -23.8322023
            ],
            [
              -46.5770298,
              -23.8322416
            ],
            [
              -46.5775791,
              -23.8317155
            ],
            [
              -46.5781542,
              -23.8311188
            ],
            [
              -46.5787722,
              -23.8307969
            ],
            [
              -46.5795018,
              -23.8302395
            ],
            [
              -46.580609,
              -23.8299097
            ],
            [
              -46.5808665,
              -23.8298391
            ],
            [
              -46.5817162,
              -23.8299097
            ],
            [
              -46.58242,
              -23.8294622
            ],
            [
              -46.5832354,
              -23.8288184
            ],
            [
              -46.5840508,
              -23.8281981
            ],
            [
              -46.5851065,
              -23.8271853
            ],
            [
              -46.586248,
              -23.8266435
            ],
            [
              -46.5864283,
              -23.8263295
            ],
            [
              -46.5868574,
              -23.8263844
            ],
            [
              -46.5873638,
              -23.8262509
            ],
            [
              -46.5880193,
              -23.8263422
            ],
            [
              -46.5884625,
              -23.8265336
            ],
            [
              -46.5885483,
              -23.8264237
            ],
            [
              -46.5888573,
              -23.8263766
            ],
            [
              -46.5892693,
              -23.8265336
            ],
            [
              -46.5895268,
              -23.8270911
            ],
            [
              -46.5897156,
              -23.8276799
            ],
            [
              -46.5896984,
              -23.8284729
            ],
            [
              -46.589192,
              -23.8289754
            ],
            [
              -46.5893122,
              -23.8292188
            ],
            [
              -46.5890976,
              -23.8296192
            ],
            [
              -46.5891062,
              -23.8299961
            ],
            [
              -46.5887972,
              -23.830263
            ],
            [
              -46.5882565,
              -23.8306006
            ],
            [
              -46.5885912,
              -23.8311267
            ],
            [
              -46.5883766,
              -23.8315821
            ],
            [
              -46.5879818,
              -23.8323593
            ],
            [
              -46.5876213,
              -23.8331523
            ],
            [
              -46.587278,
              -23.8336548
            ],
            [
              -46.5872952,
              -23.8345812
            ],
            [
              -46.5870205,
              -23.8356332
            ],
            [
              -46.5866514,
              -23.8362456
            ],
            [
              -46.5859866,
              -23.8371078
            ],
            [
              -46.5845002,
              -23.8373242
            ],
            [
              -46.5834904,
              -23.8375089
            ],
            [
              -46.5827635,
              -23.8381611
            ],
            [
              -46.5824616,
              -23.838286
            ],
            [
              -46.5823464,
              -23.8383304
            ],
            [
              -46.5822255,
              -23.8383841
            ],
            [
              -46.5820002,
              -23.8385215
            ],
            [
              -46.5818569,
              -23.8386322
            ],
            [
              -46.5817563,
              -23.8387156
            ],
            [
              -46.5816571,
              -23.8387966
            ],
            [
              -46.5815511,
              -23.83888
            ],
            [
              -46.5814331,
              -23.8389585
            ],
            [
              -46.5813245,
              -23.8390174
            ],
            [
              -46.5811649,
              -23.8390689
            ],
            [
              -46.5810053,
              -23.8391057
            ],
            [
              -46.5808308,
              -23.8391496
            ],
            [
              -46.5806352,
              -23.8391744
            ],
            [
              -46.5804581,
              -23.8391781
            ],
            [
              -46.5803388,
              -23.8391572
            ],
            [
              -46.580277,
              -23.8391287
            ],
            [
              -46.580171,
              -23.83906
            ],
            [
              -46.580112,
              -23.8390146
            ],
            [
              -46.5797633,
              -23.8387091
            ],
            [
              -46.5796895,
              -23.8386565
            ],
            [
              -46.5796117,
              -23.8386111
            ],
            [
              -46.5795219,
              -23.8385791
            ],
            [
              -46.5788306,
              -23.8383792
            ],
            [
              -46.5786086,
              -23.8383117
            ]
          ]
        ]
      },
      "id": "relation/4573239"
    },
    {
      "type": "Feature",
      "properties": {
        "@id": "relation/4573240",
        "admin_level": "10",
        "boundary": "administrative",
        "name": "Balneária",
        "place": "suburb",
        "type": "boundary"
      },
      "geometry": {
        "type": "Polygon",
        "coordinates": [
          [
            [
              -46.5368533,
              -23.7692136
            ],
            [
              -46.536718,
              -23.7691424
            ],
            [
              -46.5365437,
              -23.7690712
            ],
            [
              -46.5362785,
              -23.7690329
            ],
            [
              -46.5360238,
              -23.7690722
            ],
            [
              -46.5357762,
              -23.7691586
            ],
            [
              -46.5355708,
              -23.7692473
            ],
            [
              -46.5353018,
              -23.7694124
            ],
            [
              -46.534996,
              -23.7695327
            ],
            [
              -46.534745,
              -23.7695772
            ],
            [
              -46.5345441,
              -23.7695781
            ],
            [
              -46.5343327,
              -23.7695373
            ],
            [
              -46.5340476,
              -23.769404
            ],
            [
              -46.5341833,
              -23.7690355
            ],
            [
              -46.5343479,
              -23.7683107
            ],
            [
              -46.5343963,
              -23.7675849
            ],
            [
              -46.5343567,
              -23.7668782
            ],
            [
              -46.5342755,
              -23.76627
            ],
            [
              -46.5341755,
              -23.7654321
            ],
            [
              -46.5341011,
              -23.7647132
            ],
            [
              -46.5344802,
              -23.7649477
            ],
            [
              -46.5355749,
              -23.7658909
            ],
            [
              -46.5367496,
              -23.7658958
            ],
            [
              -46.5368297,
              -23.7658176
            ],
            [
              -46.5376521,
              -23.7657932
            ],
            [
              -46.5377482,
              -23.7658958
            ],
            [
              -46.5382074,
              -23.765583
            ],
            [
              -46.5386719,
              -23.7649282
            ],
            [
              -46.5408826,
              -23.764977
            ],
            [
              -46.5416821,
              -23.7651371
            ],
            [
              -46.5420787,
              -23.7652165
            ],
            [
              -46.5425166,
              -23.7653876
            ],
            [
              -46.542853,
              -23.7654022
            ],
            [
              -46.5429918,
              -23.7657687
            ],
            [
              -46.5437234,
              -23.7660668
            ],
            [
              -46.5444122,
              -23.7666533
            ],
            [
              -46.545101,
              -23.7674156
            ],
            [
              -46.5454321,
              -23.767704
            ],
            [
              -46.545902,
              -23.768222
            ],
            [
              -46.5460408,
              -23.7686569
            ],
            [
              -46.545918,
              -23.7690283
            ],
            [
              -46.5454855,
              -23.769429
            ],
            [
              -46.5454641,
              -23.7696343
            ],
            [
              -46.545886,
              -23.7695268
            ],
            [
              -46.546751,
              -23.7695365
            ],
            [
              -46.5469379,
              -23.7695512
            ],
            [
              -46.5475093,
              -23.7697418
            ],
            [
              -46.5480005,
              -23.7701523
            ],
            [
              -46.5483423,
              -23.7707191
            ],
            [
              -46.5485932,
              -23.7709146
            ],
            [
              -46.5491219,
              -23.770939
            ],
            [
              -46.549469,
              -23.7710612
            ],
            [
              -46.5501685,
              -23.7717209
            ],
            [
              -46.5502753,
              -23.7722633
            ],
            [
              -46.5509854,
              -23.7719701
            ],
            [
              -46.5513539,
              -23.772063
            ],
            [
              -46.5520267,
              -23.772708
            ],
            [
              -46.5522136,
              -23.7732505
            ],
            [
              -46.5515194,
              -23.7740616
            ],
            [
              -46.5512524,
              -23.7744184
            ],
            [
              -46.5512952,
              -23.7746529
            ],
            [
              -46.5516102,
              -23.774692
            ],
            [
              -46.5525126,
              -23.7742571
            ],
            [
              -46.5530466,
              -23.7742424
            ],
            [
              -46.5533883,
              -23.7744721
            ],
            [
              -46.5534845,
              -23.7745356
            ],
            [
              -46.5532015,
              -23.7749999
            ],
            [
              -46.5530733,
              -23.7751709
            ],
            [
              -46.5528757,
              -23.7754348
            ],
            [
              -46.5529451,
              -23.7756205
            ],
            [
              -46.5531694,
              -23.7757377
            ],
            [
              -46.5534097,
              -23.7757231
            ],
            [
              -46.5543922,
              -23.7750487
            ],
            [
              -46.5551451,
              -23.7751905
            ],
            [
              -46.5556043,
              -23.7755716
            ],
            [
              -46.5558927,
              -23.7759919
            ],
            [
              -46.5557752,
              -23.7763388
            ],
            [
              -46.555332,
              -23.7766124
            ],
            [
              -46.5551611,
              -23.7769105
            ],
            [
              -46.5550917,
              -23.7773112
            ],
            [
              -46.5551932,
              -23.7775018
            ],
            [
              -46.5553641,
              -23.7775751
            ],
            [
              -46.5557912,
              -23.7773992
            ],
            [
              -46.5563359,
              -23.7769936
            ],
            [
              -46.5566082,
              -23.7770229
            ],
            [
              -46.5568325,
              -23.7774822
            ],
            [
              -46.5569019,
              -23.7778878
            ],
            [
              -46.5563786,
              -23.7786355
            ],
            [
              -46.5556417,
              -23.7791339
            ],
            [
              -46.5552412,
              -23.7796079
            ],
            [
              -46.5552546,
              -23.7803433
            ],
            [
              -46.5551531,
              -23.7805534
            ],
            [
              -46.5549422,
              -23.780182
            ],
            [
              -46.5548995,
              -23.7801063
            ],
            [
              -46.5544269,
              -23.7800012
            ],
            [
              -46.5533082,
              -23.7801185
            ],
            [
              -46.5522189,
              -23.7800892
            ],
            [
              -46.5510255,
              -23.7803042
            ],
            [
              -46.5501097,
              -23.7797716
            ],
            [
              -46.5490017,
              -23.7794588
            ],
            [
              -46.5489376,
              -23.7788431
            ],
            [
              -46.5490338,
              -23.7783857
            ],
            [
              -46.5488923,
              -23.7776552
            ],
            [
              -46.5482916,
              -23.7770957
            ],
            [
              -46.5478911,
              -23.77637
            ],
            [
              -46.5475334,
              -23.775576
            ],
            [
              -46.5471649,
              -23.7750482
            ],
            [
              -46.5470955,
              -23.7739438
            ],
            [
              -46.546671,
              -23.7731229
            ],
            [
              -46.5463639,
              -23.7728199
            ],
            [
              -46.546097,
              -23.7726831
            ],
            [
              -46.5460329,
              -23.7723019
            ],
            [
              -46.5457873,
              -23.7723312
            ],
            [
              -46.5456698,
              -23.7730544
            ],
            [
              -46.5444843,
              -23.773934
            ],
            [
              -46.5440572,
              -23.7741002
            ],
            [
              -46.5440678,
              -23.7744423
            ],
            [
              -46.5440831,
              -23.774572
            ],
            [
              -46.5435734,
              -23.7750592
            ],
            [
              -46.5433242,
              -23.7752873
            ],
            [
              -46.5429428,
              -23.7753218
            ],
            [
              -46.5424746,
              -23.7757676
            ],
            [
              -46.5420555,
              -23.7757779
            ],
            [
              -46.5418818,
              -23.7756674
            ],
            [
              -46.5412513,
              -23.7755775
            ],
            [
              -46.5413306,
              -23.7750834
            ],
            [
              -46.5413344,
              -23.7745133
            ],
            [
              -46.5412437,
              -23.7738982
            ],
            [
              -46.5410927,
              -23.7735423
            ],
            [
              -46.54107,
              -23.7732659
            ],
            [
              -46.540617,
              -23.7730931
            ],
            [
              -46.5401299,
              -23.7732313
            ],
            [
              -46.5399977,
              -23.7728547
            ],
            [
              -46.5400574,
              -23.7723856
            ],
            [
              -46.5392564,
              -23.7711834
            ],
            [
              -46.5388933,
              -23.771247
            ],
            [
              -46.5377559,
              -23.7706752
            ],
            [
              -46.5372647,
              -23.770856
            ],
            [
              -46.5369336,
              -23.7708951
            ],
            [
              -46.5366239,
              -23.7706899
            ],
            [
              -46.5365919,
              -23.7704944
            ],
            [
              -46.5368428,
              -23.7702354
            ],
            [
              -46.5369229,
              -23.7700448
            ],
            [
              -46.5371419,
              -23.7699031
            ],
            [
              -46.5379535,
              -23.7699324
            ],
            [
              -46.5381244,
              -23.7700204
            ],
            [
              -46.5388025,
              -23.7700546
            ],
            [
              -46.53947,
              -23.7703234
            ],
            [
              -46.5397103,
              -23.770294
            ],
            [
              -46.5397156,
              -23.7701034
            ],
            [
              -46.5395825,
              -23.7699532
            ],
            [
              -46.5385604,
              -23.7695055
            ],
            [
              -46.5382392,
              -23.7694097
            ],
            [
              -46.5379201,
              -23.769379
            ],
            [
              -46.5368533,
              -23.7692136
            ]
          ]
        ]
      },
      "id": "relation/4573240"
    },
    {
      "type": "Feature",
      "properties": {
        "@id": "relation/5951454",
        "admin_level": "10",
        "boundary": "administrative",
        "landuse": "residential",
        "name": "Vila Areião",
        "type": "boundary"
      },
      "geometry": {
        "type": "Polygon",
        "coordinates": [
          [
            [
              -46.5321878,
              -23.7546195
            ],
            [
              -46.5325872,
              -23.7559458
            ],
            [
              -46.5324116,
              -23.7562354
            ],
            [
              -46.5312987,
              -23.756253
            ],
            [
              -46.5312028,
              -23.7565457
            ],
            [
              -46.5311964,
              -23.7568032
            ],
            [
              -46.5313617,
              -23.7572836
            ],
            [
              -46.5314394,
              -23.7574823
            ],
            [
              -46.5314894,
              -23.7576692
            ],
            [
              -46.5316589,
              -23.7580071
            ],
            [
              -46.5322474,
              -23.7590426
            ],
            [
              -46.5326438,
              -23.7597941
            ],
            [
              -46.5326492,
              -23.7602441
            ],
            [
              -46.5330455,
              -23.7600733
            ],
            [
              -46.5331077,
              -23.7603131
            ],
            [
              -46.532873,
              -23.7605703
            ],
            [
              -46.5328916,
              -23.7612212
            ],
            [
              -46.5331241,
              -23.7624561
            ],
            [
              -46.5327906,
              -23.7626144
            ],
            [
              -46.5325702,
              -23.7619725
            ],
            [
              -46.5323285,
              -23.7623587
            ],
            [
              -46.5321003,
              -23.7618781
            ],
            [
              -46.5319206,
              -23.7617014
            ],
            [
              -46.5316158,
              -23.7614434
            ],
            [
              -46.5311321,
              -23.7611392
            ],
            [
              -46.5310109,
              -23.7610614
            ],
            [
              -46.5308126,
              -23.7611118
            ],
            [
              -46.5306465,
              -23.7606654
            ],
            [
              -46.5305904,
              -23.760637
            ],
            [
              -46.530141,
              -23.7605849
            ],
            [
              -46.5299491,
              -23.7605205
            ],
            [
              -46.5298852,
              -23.7604503
            ],
            [
              -46.5294284,
              -23.7593729
            ],
            [
              -46.5293415,
              -23.7588873
            ],
            [
              -46.5293595,
              -23.758425
            ],
            [
              -46.5293653,
              -23.7583286
            ],
            [
              -46.5290409,
              -23.7580619
            ],
            [
              -46.5286516,
              -23.7579542
            ],
            [
              -46.5283947,
              -23.7572675
            ],
            [
              -46.5285581,
              -23.7572119
            ],
            [
              -46.5289167,
              -23.7570888
            ],
            [
              -46.5288857,
              -23.7567732
            ],
            [
              -46.529265,
              -23.756426
            ],
            [
              -46.5295512,
              -23.7558264
            ],
            [
              -46.5298564,
              -23.7552051
            ],
            [
              -46.5301359,
              -23.7552225
            ],
            [
              -46.5303882,
              -23.7545623
            ],
            [
              -46.5307351,
              -23.7542375
            ],
            [
              -46.5321878,
              -23.7546195
            ]
          ]
        ]
      },
      "id": "relation/5951454"
    },
    {
      "type": "Feature",
      "properties": {
        "@id": "relation/5951455",
        "admin_level": "10",
        "boundary": "administrative",
        "landuse": "residential",
        "name": "Vila Sabesp",
        "type": "boundary"
      },
      "geometry": {
        "type": "Polygon",
        "coordinates": [
          [
            [
              -46.5321878,
              -23.7546195
            ],
            [
              -46.5307351,
              -23.7542375
            ],
            [
              -46.5303882,
              -23.7545623
            ],
            [
              -46.5301359,
              -23.7552225
            ],
            [
              -46.5298564,
              -23.7552051
            ],
            [
              -46.5298938,
              -23.754852
            ],
            [
              -46.5299328,
              -23.7540665
            ],
            [
              -46.5298987,
              -23.7534238
            ],
            [
              -46.5290551,
              -23.7535041
            ],
            [
              -46.5290746,
              -23.7530087
            ],
            [
              -46.5292241,
              -23.7525871
            ],
            [
              -46.5288225,
              -23.752741
            ],
            [
              -46.5282471,
              -23.752509
            ],
            [
              -46.5275059,
              -23.752558
            ],
            [
              -46.5271158,
              -23.75275
            ],
            [
              -46.5267842,
              -23.753165
            ],
            [
              -46.5266184,
              -23.7541068
            ],
            [
              -46.5261405,
              -23.7540755
            ],
            [
              -46.5261259,
              -23.7537229
            ],
            [
              -46.5263209,
              -23.7536917
            ],
            [
              -46.5265013,
              -23.7526741
            ],
            [
              -46.5270719,
              -23.7521831
            ],
            [
              -46.5272767,
              -23.7516699
            ],
            [
              -46.5275302,
              -23.7517368
            ],
            [
              -46.5276473,
              -23.7513976
            ],
            [
              -46.5275595,
              -23.7511923
            ],
            [
              -46.5278089,
              -23.7509408
            ],
            [
              -46.5274396,
              -23.7506244
            ],
            [
              -46.5274632,
              -23.7497272
            ],
            [
              -46.5278326,
              -23.7497488
            ],
            [
              -46.5283393,
              -23.750295
            ],
            [
              -46.5281546,
              -23.7504943
            ],
            [
              -46.5279273,
              -23.7504163
            ],
            [
              -46.5278137,
              -23.7506764
            ],
            [
              -46.5282635,
              -23.7509148
            ],
            [
              -46.5287284,
              -23.7510227
            ],
            [
              -46.5295476,
              -23.7508493
            ],
            [
              -46.5302796,
              -23.7515662
            ],
            [
              -46.5311007,
              -23.7523177
            ],
            [
              -46.5313215,
              -23.7527003
            ],
            [
              -46.5316531,
              -23.7529701
            ],
            [
              -46.5321197,
              -23.7532248
            ],
            [
              -46.5328379,
              -23.7531582
            ],
            [
              -46.5322332,
              -23.7537949
            ],
            [
              -46.5320917,
              -23.7543002
            ],
            [
              -46.5321878,
              -23.7546195
            ]
          ]
        ]
      },
      "id": "relation/5951455"
    },
    {
      "type": "Feature",
      "properties": {
        "@id": "relation/6443396",
        "admin_level": "10",
        "boundary": "administrative",
        "name": "Alves Dias",
        "type": "boundary"
      },
      "geometry": {
        "type": "Polygon",
        "coordinates": [
          [
            [
              -46.5888856,
              -23.7073802
            ],
            [
              -46.5889689,
              -23.7070916
            ],
            [
              -46.5890232,
              -23.7068023
            ],
            [
              -46.589303,
              -23.7060192
            ],
            [
              -46.5896144,
              -23.7054957
            ],
            [
              -46.5896986,
              -23.7053602
            ],
            [
              -46.5906004,
              -23.7043708
            ],
            [
              -46.5907302,
              -23.7046688
            ],
            [
              -46.5908588,
              -23.7048704
            ],
            [
              -46.590902,
              -23.7049765
            ],
            [
              -46.5909234,
              -23.7050866
            ],
            [
              -46.5909019,
              -23.7051931
            ],
            [
              -46.590665,
              -23.7055637
            ],
            [
              -46.5905718,
              -23.7057019
            ],
            [
              -46.5904787,
              -23.7058201
            ],
            [
              -46.590405,
              -23.7059393
            ],
            [
              -46.5903849,
              -23.7060206
            ],
            [
              -46.5904855,
              -23.7063058
            ],
            [
              -46.5906686,
              -23.7066653
            ],
            [
              -46.590819,
              -23.7068784
            ],
            [
              -46.5911288,
              -23.7071712
            ],
            [
              -46.5914382,
              -23.7073804
            ],
            [
              -46.591697,
              -23.707546
            ],
            [
              -46.5919745,
              -23.7077177
            ],
            [
              -46.592185,
              -23.7078691
            ],
            [
              -46.5923051,
              -23.7080077
            ],
            [
              -46.5924321,
              -23.7081419
            ],
            [
              -46.5925479,
              -23.7082789
            ],
            [
              -46.5926858,
              -23.7083908
            ],
            [
              -46.5929719,
              -23.708613
            ],
            [
              -46.5931872,
              -23.7087437
            ],
            [
              -46.5933642,
              -23.7088898
            ],
            [
              -46.5933222,
              -23.7089434
            ],
            [
              -46.5932649,
              -23.7090322
            ],
            [
              -46.5932715,
              -23.7091897
            ],
            [
              -46.5932847,
              -23.7093976
            ],
            [
              -46.5932979,
              -23.709662
            ],
            [
              -46.5933002,
              -23.7098518
            ],
            [
              -46.5932759,
              -23.710086
            ],
            [
              -46.593234,
              -23.7102596
            ],
            [
              -46.5929981,
              -23.7108733
            ],
            [
              -46.5929275,
              -23.711065
            ],
            [
              -46.5928702,
              -23.7112346
            ],
            [
              -46.5928504,
              -23.7113275
            ],
            [
              -46.5928415,
              -23.7114203
            ],
            [
              -46.5927886,
              -23.7116081
            ],
            [
              -46.592656,
              -23.7120184
            ],
            [
              -46.592477,
              -23.7127222
            ],
            [
              -46.5924359,
              -23.7143797
            ],
            [
              -46.5924292,
              -23.7145149
            ],
            [
              -46.59233,
              -23.7151064
            ],
            [
              -46.5923102,
              -23.7151831
            ],
            [
              -46.5920434,
              -23.7162267
            ],
            [
              -46.5919949,
              -23.7164347
            ],
            [
              -46.5918626,
              -23.7170968
            ],
            [
              -46.5917943,
              -23.7173632
            ],
            [
              -46.5917435,
              -23.7174803
            ],
            [
              -46.5916708,
              -23.7175893
            ],
            [
              -46.5915583,
              -23.7177084
            ],
            [
              -46.5914459,
              -23.7178013
            ],
            [
              -46.5913533,
              -23.7178517
            ],
            [
              -46.591232,
              -23.7179082
            ],
            [
              -46.5909939,
              -23.7179749
            ],
            [
              -46.5907558,
              -23.7180172
            ],
            [
              -46.5906381,
              -23.7180503
            ],
            [
              -46.5905237,
              -23.7181004
            ],
            [
              -46.5899992,
              -23.7184168
            ],
            [
              -46.5891849,
              -23.7191087
            ],
            [
              -46.5888554,
              -23.7194724
            ],
            [
              -46.5885595,
              -23.719799
            ],
            [
              -46.5879165,
              -23.7207198
            ],
            [
              -46.5878081,
              -23.7208782
            ],
            [
              -46.5877543,
              -23.7210152
            ],
            [
              -46.587577,
              -23.7214777
            ],
            [
              -46.5874572,
              -23.7217705
            ],
            [
              -46.5873953,
              -23.7220021
            ],
            [
              -46.5873792,
              -23.7221418
            ],
            [
              -46.5873823,
              -23.722291
            ],
            [
              -46.5873688,
              -23.7223511
            ],
            [
              -46.5871087,
              -23.7230424
            ],
            [
              -46.5870524,
              -23.7236465
            ],
            [
              -46.5869343,
              -23.7239031
            ],
            [
              -46.586823,
              -23.7238613
            ],
            [
              -46.5865454,
              -23.7236698
            ],
            [
              -46.5863295,
              -23.7234365
            ],
            [
              -46.5856509,
              -23.7234107
            ],
            [
              -46.5854175,
              -23.7239387
            ],
            [
              -46.5854082,
              -23.7241609
            ],
            [
              -46.5854377,
              -23.7243254
            ],
            [
              -46.585561,
              -23.7245697
            ],
            [
              -46.5856791,
              -23.724668
            ],
            [
              -46.5859205,
              -23.7248497
            ],
            [
              -46.5859902,
              -23.7250559
            ],
            [
              -46.5860117,
              -23.7254144
            ],
            [
              -46.586245,
              -23.7259694
            ],
            [
              -46.5861324,
              -23.7264016
            ],
            [
              -46.5859929,
              -23.7265906
            ],
            [
              -46.5858266,
              -23.7271186
            ],
            [
              -46.585789,
              -23.7273248
            ],
            [
              -46.5858024,
              -23.7281597
            ],
            [
              -46.585781,
              -23.72828
            ],
            [
              -46.5856737,
              -23.7285059
            ],
            [
              -46.5854886,
              -23.7286999
            ],
            [
              -46.5852043,
              -23.7289405
            ],
            [
              -46.585089,
              -23.729078
            ],
            [
              -46.5844774,
              -23.7297238
            ],
            [
              -46.5839705,
              -23.7302419
            ],
            [
              -46.5835816,
              -23.7306028
            ],
            [
              -46.583491,
              -23.7309948
            ],
            [
              -46.5833536,
              -23.7311897
            ],
            [
              -46.5833381,
              -23.7314344
            ],
            [
              -46.5834749,
              -23.731729
            ],
            [
              -46.5835344,
              -23.7322568
            ],
            [
              -46.5838833,
              -23.732809
            ],
            [
              -46.5842353,
              -23.7333306
            ],
            [
              -46.5842655,
              -23.7335328
            ],
            [
              -46.5843134,
              -23.7337091
            ],
            [
              -46.5843907,
              -23.7339984
            ],
            [
              -46.5846068,
              -23.7343105
            ],
            [
              -46.5847431,
              -23.7344465
            ],
            [
              -46.5852429,
              -23.7348256
            ],
            [
              -46.5850478,
              -23.734822
            ],
            [
              -46.5847647,
              -23.7348858
            ],
            [
              -46.5842501,
              -23.7351285
            ],
            [
              -46.5840344,
              -23.7352149
            ],
            [
              -46.583835,
              -23.7352666
            ],
            [
              -46.5836345,
              -23.7352828
            ],
            [
              -46.5829446,
              -23.7353362
            ],
            [
              -46.5825698,
              -23.7354202
            ],
            [
              -46.581602,
              -23.7354829
            ],
            [
              -46.5816018,
              -23.7353965
            ],
            [
              -46.5816015,
              -23.7352925
            ],
            [
              -46.5815966,
              -23.7352683
            ],
            [
              -46.5815948,
              -23.7352568
            ],
            [
              -46.5815255,
              -23.7349134
            ],
            [
              -46.5818716,
              -23.7347054
            ],
            [
              -46.5821971,
              -23.7343601
            ],
            [
              -46.5817734,
              -23.7335893
            ],
            [
              -46.5806819,
              -23.7326425
            ],
            [
              -46.580492,
              -23.7325108
            ],
            [
              -46.5803218,
              -23.7323928
            ],
            [
              -46.5798323,
              -23.732074
            ],
            [
              -46.5789476,
              -23.7316834
            ],
            [
              -46.5786015,
              -23.7314942
            ],
            [
              -46.5782967,
              -23.7305129
            ],
            [
              -46.5781288,
              -23.7299146
            ],
            [
              -46.5780513,
              -23.7293755
            ],
            [
              -46.5779789,
              -23.7290161
            ],
            [
              -46.5778248,
              -23.7286738
            ],
            [
              -46.5781459,
              -23.7286427
            ],
            [
              -46.5781659,
              -23.7281805
            ],
            [
              -46.5780561,
              -23.7279559
            ],
            [
              -46.5781738,
              -23.7276653
            ],
            [
              -46.5782663,
              -23.7275555
            ],
            [
              -46.5784312,
              -23.7273942
            ],
            [
              -46.5784513,
              -23.7272225
            ],
            [
              -46.5784662,
              -23.7270957
            ],
            [
              -46.5786433,
              -23.7260388
            ],
            [
              -46.5793191,
              -23.724231
            ],
            [
              -46.5793222,
              -23.7240267
            ],
            [
              -46.5792992,
              -23.7239179
            ],
            [
              -46.5793434,
              -23.7238031
            ],
            [
              -46.5794715,
              -23.723517
            ],
            [
              -46.5794887,
              -23.7231715
            ],
            [
              -46.5795449,
              -23.7228865
            ],
            [
              -46.5795797,
              -23.7225671
            ],
            [
              -46.5800108,
              -23.7215353
            ],
            [
              -46.5799783,
              -23.7212859
            ],
            [
              -46.5800395,
              -23.721088
            ],
            [
              -46.5802182,
              -23.7207116
            ],
            [
              -46.5802918,
              -23.7205901
            ],
            [
              -46.5807361,
              -23.7198565
            ],
            [
              -46.5812154,
              -23.7188957
            ],
            [
              -46.5813147,
              -23.7182962
            ],
            [
              -46.581313,
              -23.7182096
            ],
            [
              -46.581381,
              -23.7180179
            ],
            [
              -46.5815815,
              -23.7175182
            ],
            [
              -46.5816607,
              -23.7173348
            ],
            [
              -46.5819871,
              -23.7167723
            ],
            [
              -46.5821912,
              -23.7165003
            ],
            [
              -46.5825635,
              -23.7160651
            ],
            [
              -46.5829643,
              -23.7157324
            ],
            [
              -46.5835065,
              -23.7153855
            ],
            [
              -46.5839486,
              -23.7150088
            ],
            [
              -46.5854727,
              -23.7137848
            ],
            [
              -46.5856381,
              -23.7136644
            ],
            [
              -46.5857404,
              -23.7135464
            ],
            [
              -46.5857981,
              -23.7134428
            ],
            [
              -46.5858249,
              -23.7133694
            ],
            [
              -46.5858383,
              -23.7132788
            ],
            [
              -46.5858929,
              -23.7125303
            ],
            [
              -46.5859113,
              -23.7123957
            ],
            [
              -46.5859468,
              -23.7122936
            ],
            [
              -46.5860681,
              -23.7120171
            ],
            [
              -46.586176,
              -23.7118315
            ],
            [
              -46.5863617,
              -23.7115388
            ],
            [
              -46.5867646,
              -23.711011
            ],
            [
              -46.5870246,
              -23.7106756
            ],
            [
              -46.5877326,
              -23.7096876
            ],
            [
              -46.5880329,
              -23.7091392
            ],
            [
              -46.5882123,
              -23.708888
            ],
            [
              -46.5884454,
              -23.7084919
            ],
            [
              -46.5886647,
              -23.7079809
            ],
            [
              -46.5888856,
              -23.7073802
            ]
          ]
        ]
      },
      "id": "relation/6443396"
    },
    {
      "type": "Feature",
      "properties": {
        "@id": "relation/11168646",
        "admin_level": "10",
        "boundary": "administrative",
        "name": "Alto da Serra",
        "place": "suburb",
        "type": "boundary"
      },
      "geometry": {
        "type": "Polygon",
        "coordinates": [
          [
            [
              -46.4873463,
              -23.8841691
            ],
            [
              -46.4871776,
              -23.884121
            ],
            [
              -46.4865956,
              -23.8840032
            ],
            [
              -46.4864762,
              -23.8839591
            ],
            [
              -46.4862093,
              -23.8838132
            ],
            [
              -46.4855951,
              -23.8834121
            ],
            [
              -46.4854315,
              -23.8833239
            ],
            [
              -46.485229,
              -23.8832331
            ],
            [
              -46.485005,
              -23.8831792
            ],
            [
              -46.4847422,
              -23.8831351
            ],
            [
              -46.4844042,
              -23.883135
            ],
            [
              -46.483967,
              -23.8831497
            ],
            [
              -46.4837417,
              -23.8831718
            ],
            [
              -46.4835674,
              -23.8832233
            ],
            [
              -46.4832777,
              -23.883341
            ],
            [
              -46.4831382,
              -23.8834355
            ],
            [
              -46.4830309,
              -23.8835568
            ],
            [
              -46.4829545,
              -23.8837751
            ],
            [
              -46.4829559,
              -23.883899
            ],
            [
              -46.4833286,
              -23.8847218
            ],
            [
              -46.4833688,
              -23.8848739
            ],
            [
              -46.483342,
              -23.8850112
            ],
            [
              -46.4832214,
              -23.8850578
            ],
            [
              -46.4830166,
              -23.8850073
            ],
            [
              -46.4824682,
              -23.8845031
            ],
            [
              -46.4809522,
              -23.8828236
            ],
            [
              -46.4806652,
              -23.8823502
            ],
            [
              -46.4804828,
              -23.8821025
            ],
            [
              -46.4800456,
              -23.8817199
            ],
            [
              -46.4797399,
              -23.8814991
            ],
            [
              -46.479544,
              -23.8812588
            ],
            [
              -46.4793831,
              -23.880864
            ],
            [
              -46.4792195,
              -23.8806138
            ],
            [
              -46.4790747,
              -23.8804887
            ],
            [
              -46.4787394,
              -23.8802802
            ],
            [
              -46.4781454,
              -23.8800349
            ],
            [
              -46.4772749,
              -23.8795812
            ],
            [
              -46.4763281,
              -23.8791299
            ],
            [
              -46.4757541,
              -23.8788798
            ],
            [
              -46.4754456,
              -23.8787253
            ],
            [
              -46.4751803,
              -23.878484
            ],
            [
              -46.475054,
              -23.8782985
            ],
            [
              -46.4749011,
              -23.8779944
            ],
            [
              -46.4748287,
              -23.8775946
            ],
            [
              -46.4747643,
              -23.8772929
            ],
            [
              -46.4746597,
              -23.8770501
            ],
            [
              -46.4744747,
              -23.8766185
            ],
            [
              -46.4744264,
              -23.8763928
            ],
            [
              -46.4743674,
              -23.8762162
            ],
            [
              -46.4742306,
              -23.87602
            ],
            [
              -46.4740455,
              -23.8758434
            ],
            [
              -46.47378,
              -23.875657
            ],
            [
              -46.4736298,
              -23.8754804
            ],
            [
              -46.4735386,
              -23.8752719
            ],
            [
              -46.4734098,
              -23.8750781
            ],
            [
              -46.4732542,
              -23.8748403
            ],
            [
              -46.4729431,
              -23.8744282
            ],
            [
              -46.4725676,
              -23.874053
            ],
            [
              -46.4721385,
              -23.8736949
            ],
            [
              -46.4717844,
              -23.8734569
            ],
            [
              -46.471433,
              -23.8731307
            ],
            [
              -46.4712372,
              -23.873013
            ],
            [
              -46.4709395,
              -23.8729983
            ],
            [
              -46.4704406,
              -23.87304
            ],
            [
              -46.4701557,
              -23.8730314
            ],
            [
              -46.4698814,
              -23.8728891
            ],
            [
              -46.4695981,
              -23.8727241
            ],
            [
              -46.4694789,
              -23.872455
            ],
            [
              -46.4690727,
              -23.8717204
            ],
            [
              -46.4686301,
              -23.871193
            ],
            [
              -46.4685416,
              -23.8708374
            ],
            [
              -46.4684398,
              -23.8705357
            ],
            [
              -46.4682305,
              -23.8702733
            ],
            [
              -46.4678603,
              -23.8700967
            ],
            [
              -46.4676016,
              -23.8697631
            ],
            [
              -46.4672434,
              -23.8690125
            ],
            [
              -46.4669002,
              -23.8673771
            ],
            [
              -46.4661115,
              -23.8659465
            ],
            [
              -46.4659935,
              -23.8653872
            ],
            [
              -46.4658058,
              -23.8649997
            ],
            [
              -46.4658111,
              -23.8647396
            ],
            [
              -46.4659732,
              -23.8642662
            ],
            [
              -46.4661276,
              -23.8642049
            ],
            [
              -46.4663637,
              -23.8643521
            ],
            [
              -46.4668143,
              -23.8648329
            ],
            [
              -46.4670771,
              -23.8649702
            ],
            [
              -46.4673816,
              -23.8650034
            ],
            [
              -46.4676244,
              -23.8650004
            ],
            [
              -46.4677772,
              -23.8649555
            ],
            [
              -46.4678808,
              -23.86491
            ],
            [
              -46.4680159,
              -23.8648034
            ],
            [
              -46.4680696,
              -23.8646771
            ],
            [
              -46.4680964,
              -23.8645189
            ],
            [
              -46.4681031,
              -23.864384
            ],
            [
              -46.4680897,
              -23.8643018
            ],
            [
              -46.4680616,
              -23.8642454
            ],
            [
              -46.4679402,
              -23.8641105
            ],
            [
              -46.4678724,
              -23.8640725
            ],
            [
              -46.4678078,
              -23.8640649
            ],
            [
              -46.4677106,
              -23.8640685
            ],
            [
              -46.4674687,
              -23.8641412
            ],
            [
              -46.4673507,
              -23.8641289
            ],
            [
              -46.4672488,
              -23.8640872
            ],
            [
              -46.4670101,
              -23.8637953
            ],
            [
              -46.4668545,
              -23.8634617
            ],
            [
              -46.4667928,
              -23.8630423
            ],
            [
              -46.4666909,
              -23.8621543
            ],
            [
              -46.4664844,
              -23.8616123
            ],
            [
              -46.4662967,
              -23.8612541
            ],
            [
              -46.4658809,
              -23.8609033
            ],
            [
              -46.4655753,
              -23.8603021
            ],
            [
              -46.465485,
              -23.8602086
            ],
            [
              -46.4653753,
              -23.8601711
            ],
            [
              -46.4652464,
              -23.8601716
            ],
            [
              -46.4650985,
              -23.8601665
            ],
            [
              -46.4650252,
              -23.860187
            ],
            [
              -46.4649421,
              -23.8602533
            ],
            [
              -46.4647651,
              -23.8605255
            ],
            [
              -46.4645826,
              -23.8606383
            ],
            [
              -46.4643574,
              -23.860707
            ],
            [
              -46.4643051,
              -23.8607782
            ],
            [
              -46.4642796,
              -23.8608518
            ],
            [
              -46.4642018,
              -23.8611339
            ],
            [
              -46.4636922,
              -23.861909
            ],
            [
              -46.4633281,
              -23.8623374
            ],
            [
              -46.4628875,
              -23.8628558
            ],
            [
              -46.4625388,
              -23.8635427
            ],
            [
              -46.4616269,
              -23.864514
            ],
            [
              -46.4610422,
              -23.8648844
            ],
            [
              -46.4604494,
              -23.865218
            ],
            [
              -46.4601865,
              -23.8654584
            ],
            [
              -46.4599204,
              -23.8656799
            ],
            [
              -46.4597077,
              -23.8658569
            ],
            [
              -46.4592853,
              -23.8660152
            ],
            [
              -46.4590705,
              -23.8660379
            ],
            [
              -46.4588359,
              -23.8660677
            ],
            [
              -46.4586261,
              -23.8659877
            ],
            [
              -46.4585701,
              -23.865844
            ],
            [
              -46.4585504,
              -23.8655638
            ],
            [
              -46.4586684,
              -23.8654142
            ],
            [
              -46.4588589,
              -23.8653063
            ],
            [
              -46.4592129,
              -23.8652621
            ],
            [
              -46.459406,
              -23.865218
            ],
            [
              -46.4595938,
              -23.8650144
            ],
            [
              -46.4596903,
              -23.8648329
            ],
            [
              -46.4597225,
              -23.8638395
            ],
            [
              -46.4597069,
              -23.8633278
            ],
            [
              -46.4596528,
              -23.86264
            ],
            [
              -46.4594623,
              -23.8626031
            ],
            [
              -46.4592987,
              -23.8625075
            ],
            [
              -46.4592531,
              -23.8623088
            ],
            [
              -46.4593685,
              -23.8620513
            ],
            [
              -46.4583236,
              -23.8605915
            ],
            [
              -46.4574372,
              -23.8601478
            ],
            [
              -46.4571261,
              -23.8594658
            ],
            [
              -46.4570403,
              -23.8585631
            ],
            [
              -46.4571261,
              -23.8584503
            ],
            [
              -46.4573729,
              -23.8584062
            ],
            [
              -46.4575338,
              -23.8582295
            ],
            [
              -46.4567185,
              -23.8572091
            ],
            [
              -46.4561069,
              -23.8568853
            ],
            [
              -46.4558386,
              -23.8566643
            ],
            [
              -46.4555812,
              -23.8558844
            ],
            [
              -46.4554095,
              -23.8549523
            ],
            [
              -46.4552271,
              -23.8540594
            ],
            [
              -46.4548677,
              -23.8538288
            ],
            [
              -46.4545206,
              -23.8536392
            ],
            [
              -46.4543152,
              -23.8533578
            ],
            [
              -46.4540215,
              -23.8530286
            ],
            [
              -46.453827,
              -23.8525041
            ],
            [
              -46.4536661,
              -23.8522539
            ],
            [
              -46.4534904,
              -23.8521526
            ],
            [
              -46.4533496,
              -23.8522637
            ],
            [
              -46.4533657,
              -23.852509
            ],
            [
              -46.4533844,
              -23.8529677
            ],
            [
              -46.4532852,
              -23.8530389
            ],
            [
              -46.4522231,
              -23.852823
            ],
            [
              -46.4519656,
              -23.8525973
            ],
            [
              -46.4515472,
              -23.8517338
            ],
            [
              -46.4513755,
              -23.851567
            ],
            [
              -46.4510214,
              -23.8514296
            ],
            [
              -46.4499486,
              -23.8513904
            ],
            [
              -46.4490206,
              -23.8515081
            ],
            [
              -46.4483607,
              -23.8516945
            ],
            [
              -46.4479637,
              -23.8516259
            ],
            [
              -46.4465207,
              -23.8508114
            ],
            [
              -46.4461398,
              -23.8506397
            ],
            [
              -46.4456678,
              -23.8505072
            ],
            [
              -46.444509,
              -23.8500755
            ],
            [
              -46.4437028,
              -23.8496811
            ],
            [
              -46.4432538,
              -23.8488391
            ],
            [
              -46.4418269,
              -23.8478529
            ],
            [
              -46.4404536,
              -23.8466508
            ],
            [
              -46.4401102,
              -23.8457382
            ],
            [
              -46.4395738,
              -23.8438443
            ],
            [
              -46.4383829,
              -23.8429758
            ],
            [
              -46.4374012,
              -23.8428776
            ],
            [
              -46.4370203,
              -23.842755
            ],
            [
              -46.4368701,
              -23.842598
            ],
            [
              -46.4368916,
              -23.8423674
            ],
            [
              -46.4372682,
              -23.8421766
            ],
            [
              -46.438002,
              -23.8418178
            ],
            [
              -46.438694,
              -23.8411849
            ],
            [
              -46.4387262,
              -23.8394479
            ],
            [
              -46.439,
              -23.839
            ],
            [
              -46.4400244,
              -23.8392124
            ],
            [
              -46.4408934,
              -23.8398306
            ],
            [
              -46.4414191,
              -23.8404391
            ],
            [
              -46.4422131,
              -23.8408807
            ],
            [
              -46.4438921,
              -23.8416608
            ],
            [
              -46.4441228,
              -23.8416412
            ],
            [
              -46.4442354,
              -23.8415136
            ],
            [
              -46.4442301,
              -23.8412732
            ],
            [
              -46.4440483,
              -23.8408773
            ],
            [
              -46.4430392,
              -23.8400171
            ],
            [
              -46.4421058,
              -23.8394872
            ],
            [
              -46.4416552,
              -23.8367001
            ],
            [
              -46.440711,
              -23.8351201
            ],
            [
              -46.4391875,
              -23.8332457
            ],
            [
              -46.4386136,
              -23.8329415
            ],
            [
              -46.4379001,
              -23.8327451
            ],
            [
              -46.4377096,
              -23.8326642
            ],
            [
              -46.4376748,
              -23.8325047
            ],
            [
              -46.4378142,
              -23.8324262
            ],
            [
              -46.4382112,
              -23.8323722
            ],
            [
              -46.4387798,
              -23.8321956
            ],
            [
              -46.439,
              -23.831
            ],
            [
              -46.4410704,
              -23.8297028
            ],
            [
              -46.4415318,
              -23.8296635
            ],
            [
              -46.4427978,
              -23.8298843
            ],
            [
              -46.4433664,
              -23.8301003
            ],
            [
              -46.4442837,
              -23.8299187
            ],
            [
              -46.4446485,
              -23.8295016
            ],
            [
              -46.4445412,
              -23.8289765
            ],
            [
              -46.4442945,
              -23.8287655
            ],
            [
              -46.4439672,
              -23.8286183
            ],
            [
              -46.4433777,
              -23.8289804
            ],
            [
              -46.443066,
              -23.8289765
            ],
            [
              -46.4428031,
              -23.8289324
            ],
            [
              -46.441344,
              -23.8283975
            ],
            [
              -46.4409149,
              -23.8279951
            ],
            [
              -46.440357,
              -23.8273915
            ],
            [
              -46.4394032,
              -23.8269537
            ],
            [
              -46.438061,
              -23.8256789
            ],
            [
              -46.436913,
              -23.8250409
            ],
            [
              -46.434542,
              -23.8240399
            ],
            [
              -46.434,
              -23.824
            ],
            [
              -46.4336836,
              -23.8240889
            ],
            [
              -46.4331794,
              -23.8246876
            ],
            [
              -46.4332008,
              -23.8250704
            ],
            [
              -46.4333779,
              -23.8253648
            ],
            [
              -46.4333081,
              -23.8256004
            ],
            [
              -46.432187,
              -23.8257819
            ],
            [
              -46.4316452,
              -23.8261794
            ],
            [
              -46.4309692,
              -23.8263953
            ],
            [
              -46.429832,
              -23.8259341
            ],
            [
              -46.4278579,
              -23.8255513
            ],
            [
              -46.4273107,
              -23.8252667
            ],
            [
              -46.427,
              -23.825
            ],
            [
              -46.4264739,
              -23.8247269
            ],
            [
              -46.4254654,
              -23.8245895
            ],
            [
              -46.424489,
              -23.8237749
            ],
            [
              -46.4236415,
              -23.8229602
            ],
            [
              -46.4226437,
              -23.8222928
            ],
            [
              -46.4225686,
              -23.8216794
            ],
            [
              -46.4223808,
              -23.8214635
            ],
            [
              -46.4219034,
              -23.8212427
            ],
            [
              -46.4211416,
              -23.8203691
            ],
            [
              -46.4180303,
              -23.8184454
            ],
            [
              -46.4163941,
              -23.8178319
            ],
            [
              -46.4152354,
              -23.8170614
            ],
            [
              -46.4149136,
              -23.8169977
            ],
            [
              -46.4149403,
              -23.8171694
            ],
            [
              -46.4150691,
              -23.817778
            ],
            [
              -46.4160776,
              -23.8186417
            ],
            [
              -46.4163995,
              -23.8190539
            ],
            [
              -46.4166248,
              -23.8195349
            ],
            [
              -46.4164317,
              -23.8204084
            ],
            [
              -46.4163029,
              -23.8208795
            ],
            [
              -46.4164639,
              -23.8211151
            ],
            [
              -46.4170754,
              -23.8215665
            ],
            [
              -46.4179337,
              -23.821753
            ],
            [
              -46.4186525,
              -23.8221358
            ],
            [
              -46.4190817,
              -23.8227247
            ],
            [
              -46.419307,
              -23.8235
            ],
            [
              -46.4197576,
              -23.8244717
            ],
            [
              -46.4200688,
              -23.825198
            ],
            [
              -46.4202726,
              -23.8257574
            ],
            [
              -46.420176,
              -23.8260224
            ],
            [
              -46.4200151,
              -23.8261402
            ],
            [
              -46.4193928,
              -23.8255317
            ],
            [
              -46.4190388,
              -23.824668
            ],
            [
              -46.4186204,
              -23.8242656
            ],
            [
              -46.4178157,
              -23.8239024
            ],
            [
              -46.4171291,
              -23.8233528
            ],
            [
              -46.4167965,
              -23.8231173
            ],
            [
              -46.4162171,
              -23.8229504
            ],
            [
              -46.4152622,
              -23.8232056
            ],
            [
              -46.4136744,
              -23.8238141
            ],
            [
              -46.4132559,
              -23.8241674
            ],
            [
              -46.4123547,
              -23.82456
            ],
            [
              -46.4120275,
              -23.8245993
            ],
            [
              -46.4118853,
              -23.8245085
            ],
            [
              -46.411947,
              -23.8243073
            ],
            [
              -46.4122045,
              -23.8240104
            ],
            [
              -46.4127088,
              -23.823608
            ],
            [
              -46.4130199,
              -23.8227443
            ],
            [
              -46.4138997,
              -23.8218315
            ],
            [
              -46.4140713,
              -23.8211445
            ],
            [
              -46.4139748,
              -23.8203201
            ],
            [
              -46.4140606,
              -23.8190049
            ],
            [
              -46.41361,
              -23.817778
            ],
            [
              -46.4127517,
              -23.8172185
            ],
            [
              -46.4116359,
              -23.8166198
            ],
            [
              -46.4101207,
              -23.8153178
            ],
            [
              -46.4105281,
              -23.8147723
            ],
            [
              -46.4109331,
              -23.8144849
            ],
            [
              -46.4123279,
              -23.8156726
            ],
            [
              -46.4127731,
              -23.8157315
            ],
            [
              -46.4135403,
              -23.8158051
            ],
            [
              -46.4140821,
              -23.8158052
            ],
            [
              -46.414876,
              -23.8156923
            ],
            [
              -46.4151711,
              -23.8155155
            ],
            [
              -46.4156592,
              -23.8151965
            ],
            [
              -46.4164424,
              -23.8150493
            ],
            [
              -46.4167643,
              -23.8149708
            ],
            [
              -46.4170539,
              -23.8147304
            ],
            [
              -46.4171934,
              -23.8143034
            ],
            [
              -46.4172256,
              -23.8139795
            ],
            [
              -46.4173544,
              -23.8136163
            ],
            [
              -46.4176977,
              -23.8131353
            ],
            [
              -46.4180195,
              -23.8130961
            ],
            [
              -46.4187276,
              -23.8136261
            ],
            [
              -46.4190495,
              -23.8138028
            ],
            [
              -46.4195967,
              -23.8137144
            ],
            [
              -46.4199722,
              -23.8135574
            ],
            [
              -46.4201009,
              -23.8133316
            ],
            [
              -46.4201385,
              -23.8130273
            ],
            [
              -46.4207447,
              -23.8127427
            ],
            [
              -46.4214957,
              -23.8127427
            ],
            [
              -46.423384,
              -23.8131255
            ],
            [
              -46.4237595,
              -23.8121734
            ],
            [
              -46.4245749,
              -23.8123697
            ],
            [
              -46.4249826,
              -23.812674
            ],
            [
              -46.4261413,
              -23.8130077
            ],
            [
              -46.4265382,
              -23.8128507
            ],
            [
              -46.4275575,
              -23.811663
            ],
            [
              -46.4289276,
              -23.8110135
            ],
            [
              -46.4294887,
              -23.8092385
            ],
            [
              -46.4313555,
              -23.8082373
            ],
            [
              -46.4319942,
              -23.8076908
            ],
            [
              -46.4323855,
              -23.8070103
            ],
            [
              -46.4322996,
              -23.8065294
            ],
            [
              -46.4315808,
              -23.8055085
            ],
            [
              -46.4309263,
              -23.8043502
            ],
            [
              -46.4303577,
              -23.803879
            ],
            [
              -46.4298535,
              -23.8036336
            ],
            [
              -46.4297944,
              -23.8034668
            ],
            [
              -46.4300809,
              -23.8028641
            ],
            [
              -46.4486906,
              -23.8089244
            ],
            [
              -46.5044383,
              -23.8510248
            ],
            [
              -46.503976,
              -23.8557513
            ],
            [
              -46.5039331,
              -23.8561347
            ],
            [
              -46.5038164,
              -23.8566052
            ],
            [
              -46.5036425,
              -23.8572108
            ],
            [
              -46.5033805,
              -23.8577684
            ],
            [
              -46.5030899,
              -23.8582847
            ],
            [
              -46.5027517,
              -23.8587727
            ],
            [
              -46.5023873,
              -23.8591822
            ],
            [
              -46.5019395,
              -23.8596113
            ],
            [
              -46.4983893,
              -23.8627517
            ],
            [
              -46.4967293,
              -23.8641994
            ],
            [
              -46.4965649,
              -23.8643519
            ],
            [
              -46.4960147,
              -23.864916
            ],
            [
              -46.4954597,
              -23.8657024
            ],
            [
              -46.4949905,
              -23.8664473
            ],
            [
              -46.493047,
              -23.8694146
            ],
            [
              -46.4919631,
              -23.8703672
            ],
            [
              -46.4917025,
              -23.8705384
            ],
            [
              -46.4914418,
              -23.8706574
            ],
            [
              -46.4902638,
              -23.8710465
            ],
            [
              -46.4900359,
              -23.8711758
            ],
            [
              -46.4898819,
              -23.8712499
            ],
            [
              -46.4897177,
              -23.8714138
            ],
            [
              -46.489664,
              -23.8716272
            ],
            [
              -46.4896721,
              -23.8718968
            ],
            [
              -46.4897203,
              -23.8722208
            ],
            [
              -46.489822,
              -23.8725122
            ],
            [
              -46.4899542,
              -23.8728173
            ],
            [
              -46.4903222,
              -23.8739103
            ],
            [
              -46.4904174,
              -23.8742762
            ],
            [
              -46.4903603,
              -23.8746247
            ],
            [
              -46.490235,
              -23.8748017
            ],
            [
              -46.4899192,
              -23.8749749
            ],
            [
              -46.4893973,
              -23.87538
            ],
            [
              -46.4892711,
              -23.8755184
            ],
            [
              -46.4891919,
              -23.8756761
            ],
            [
              -46.4891602,
              -23.8759697
            ],
            [
              -46.4891543,
              -23.8762877
            ],
            [
              -46.4891197,
              -23.8765572
            ],
            [
              -46.4890172,
              -23.8767711
            ],
            [
              -46.4887783,
              -23.8770027
            ],
            [
              -46.4883357,
              -23.8773124
            ],
            [
              -46.4880567,
              -23.8774913
            ],
            [
              -46.4878701,
              -23.8777162
            ],
            [
              -46.4877661,
              -23.8778817
            ],
            [
              -46.4876879,
              -23.8780994
            ],
            [
              -46.4876741,
              -23.8782608
            ],
            [
              -46.4876966,
              -23.8785221
            ],
            [
              -46.4879544,
              -23.879923
            ],
            [
              -46.4879821,
              -23.8801147
            ],
            [
              -46.4880003,
              -23.8803493
            ],
            [
              -46.4879988,
              -23.8806346
            ],
            [
              -46.487942,
              -23.8808844
            ],
            [
              -46.4878647,
              -23.8810543
            ],
            [
              -46.4873111,
              -23.881926
            ],
            [
              -46.4872048,
              -23.8821787
            ],
            [
              -46.487141,
              -23.8823959
            ],
            [
              -46.4871222,
              -23.8825553
            ],
            [
              -46.4871549,
              -23.8827532
            ],
            [
              -46.4872336,
              -23.8829511
            ],
            [
              -46.4874903,
              -23.8834524
            ],
            [
              -46.4875478,
              -23.8836498
            ],
            [
              -46.4875701,
              -23.8838453
            ],
            [
              -46.4875489,
              -23.8840492
            ],
            [
              -46.4875042,
              -23.8842307
            ],
            [
              -46.4874254,
              -23.8841963
            ],
            [
              -46.4873463,
              -23.8841691
            ]
          ]
        ]
      },
      "id": "relation/11168646"
    },
    {
      "type": "Feature",
      "properties": {
        "@id": "node/368179766",
        "@relations": [
          {
            "role": "label",
            "rel": 4573235,
            "reltags": {
              "IBGE:GEOCODIGO": "3548708024",
              "admin_level": "10",
              "boundary": "administrative",
              "name": "Rio Grande",
              "place": "suburb",
              "population": "6344",
              "type": "boundary"
            }
          }
        ]
      },
      "geometry": {
        "type": "Point",
        "coordinates": [
          -46.523369,
          -23.7892455
        ]
      },
      "id": "node/368179766"
    },
    {
      "type": "Feature",
      "properties": {
        "@id": "node/2977426167",
        "@relations": [
          {
            "role": "label",
            "rel": 4573217,
            "reltags": {
              "admin_level": "10",
              "boundary": "administrative",
              "name": "Anchieta",
              "place": "suburb",
              "type": "boundary"
            }
          }
        ]
      },
      "geometry": {
        "type": "Point",
        "coordinates": [
          -46.5607437,
          -23.6769359
        ]
      },
      "id": "node/2977426167"
    },
    {
      "type": "Feature",
      "properties": {
        "@id": "node/2977426168",
        "@relations": [
          {
            "role": "label",
            "rel": 4573231,
            "reltags": {
              "admin_level": "10",
              "boundary": "administrative",
              "name": "Jordanópolis",
              "place": "suburb",
              "type": "boundary"
            }
          }
        ]
      },
      "geometry": {
        "type": "Point",
        "coordinates": [
          -46.573467,
          -23.6816399
        ]
      },
      "id": "node/2977426168"
    },
    {
      "type": "Feature",
      "properties": {
        "@id": "node/2977426169",
        "@relations": [
          {
            "role": "label",
            "rel": 4082328,
            "reltags": {
              "admin_level": "10",
              "boundary": "administrative",
              "is_in": "São Bernardo do Campo",
              "name": "Paulicéia",
              "place": "suburb",
              "type": "boundary",
              "wikidata": "Q10346359",
              "wikipedia": "pt:Pauliceia (São Bernardo do Campo)"
            }
          }
        ]
      },
      "geometry": {
        "type": "Point",
        "coordinates": [
          -46.5857703,
          -23.6666703
        ]
      },
      "id": "node/2977426169"
    },
    {
      "type": "Feature",
      "properties": {
        "@id": "node/2978211473",
        "@relations": [
          {
            "role": "label",
            "rel": 4082330,
            "reltags": {
              "admin_level": "10",
              "boundary": "administrative",
              "is_in": "São Bernardo do Campo",
              "name": "Taboão",
              "place": "suburb",
              "type": "boundary"
            }
          }
        ]
      },
      "geometry": {
        "type": "Point",
        "coordinates": [
          -46.596823,
          -23.6570803
        ]
      },
      "id": "node/2978211473"
    },
    {
      "type": "Feature",
      "properties": {
        "@id": "node/2978218049",
        "@relations": [
          {
            "role": "label",
            "rel": 4082329,
            "reltags": {
              "admin_level": "10",
              "boundary": "administrative",
              "name": "Rudge Ramos",
              "place": "suburb",
              "type": "boundary",
              "wikidata": "Q10365150",
              "wikipedia": "pt:Rudge Ramos"
            }
          }
        ]
      },
      "geometry": {
        "type": "Point",
        "coordinates": [
          -46.5682591,
          -23.6590824
        ]
      },
      "id": "node/2978218049"
    },
    {
      "type": "Feature",
      "properties": {
        "@id": "node/2981190314",
        "@relations": [
          {
            "role": "label",
            "rel": 4573233,
            "reltags": {
              "admin_level": "10",
              "boundary": "administrative",
              "name": "Nova Petrópolis",
              "place": "suburb",
              "type": "boundary"
            }
          }
        ]
      },
      "geometry": {
        "type": "Point",
        "coordinates": [
          -46.5396292,
          -23.7080705
        ]
      },
      "id": "node/2981190314"
    },
    {
      "type": "Feature",
      "properties": {
        "@id": "node/2981190315",
        "@relations": [
          {
            "role": "label",
            "rel": 4573237,
            "reltags": {
              "admin_level": "10",
              "boundary": "administrative",
              "name": "Santa Terezinha",
              "place": "suburb",
              "type": "boundary"
            }
          }
        ]
      },
      "geometry": {
        "type": "Point",
        "coordinates": [
          -46.5360284,
          -23.7190024
        ]
      },
      "id": "node/2981190315"
    },
    {
      "type": "Feature",
      "properties": {
        "@id": "node/2981930466",
        "@relations": [
          {
            "role": "label",
            "rel": 4573225,
            "reltags": {
              "admin_level": "10",
              "boundary": "administrative",
              "name": "Demarchi",
              "place": "suburb",
              "type": "boundary"
            }
          }
        ]
      },
      "geometry": {
        "type": "Point",
        "coordinates": [
          -46.5558968,
          -23.7395442
        ]
      },
      "id": "node/2981930466"
    },
    {
      "type": "Feature",
      "properties": {
        "@id": "node/2981952375",
        "@relations": [
          {
            "role": "label",
            "rel": 4133968,
            "reltags": {
              "admin_level": "10",
              "boundary": "administrative",
              "name": "Batistini",
              "place": "suburb",
              "population": "28726",
              "type": "boundary"
            }
          }
        ]
      },
      "geometry": {
        "type": "Point",
        "coordinates": [
          -46.5884054,
          -23.7688621
        ]
      },
      "id": "node/2981952375"
    },
    {
      "type": "Feature",
      "properties": {
        "@id": "node/2981958749",
        "@relations": [
          {
            "role": "label",
            "rel": 4133970,
            "reltags": {
              "admin_level": "10",
              "boundary": "administrative",
              "name": "Bairro dos Alvarenga",
              "place": "suburb",
              "type": "boundary"
            }
          }
        ]
      },
      "geometry": {
        "type": "Point",
        "coordinates": [
          -46.6194954,
          -23.7469994
        ]
      },
      "id": "node/2981958749"
    },
    {
      "type": "Feature",
      "properties": {
        "@id": "node/2986980580",
        "@relations": [
          {
            "role": "label",
            "rel": 4573223,
            "reltags": {
              "admin_level": "10",
              "boundary": "administrative",
              "name": "Cooperativa",
              "place": "suburb",
              "population": "25688",
              "type": "boundary"
            }
          }
        ]
      },
      "geometry": {
        "type": "Point",
        "coordinates": [
          -46.5966838,
          -23.7263478
        ]
      },
      "id": "node/2986980580"
    },
    {
      "type": "Feature",
      "properties": {
        "@id": "node/2987004321",
        "@relations": [
          {
            "role": "label",
            "rel": 4573234,
            "reltags": {
              "admin_level": "10",
              "boundary": "administrative",
              "name": "Planalto",
              "place": "suburb",
              "type": "boundary"
            }
          }
        ]
      },
      "geometry": {
        "type": "Point",
        "coordinates": [
          -46.5697732,
          -23.6998572
        ]
      },
      "id": "node/2987004321"
    },
    {
      "type": "Feature",
      "properties": {
        "@id": "node/2997020841",
        "@relations": [
          {
            "role": "label",
            "rel": 4573220,
            "reltags": {
              "admin_level": "10",
              "boundary": "administrative",
              "name": "Bairro dos Finco",
              "place": "suburb",
              "population": "10153",
              "type": "boundary"
            }
          }
        ]
      },
      "geometry": {
        "type": "Point",
        "coordinates": [
          -46.542815,
          -23.7952889
        ]
      },
      "id": "node/2997020841"
    },
    {
      "type": "Feature",
      "properties": {
        "@id": "node/2998831525",
        "@relations": [
          {
            "role": "label",
            "rel": 4573239,
            "reltags": {
              "admin_level": "10",
              "boundary": "administrative",
              "name": "Tatetos",
              "place": "suburb",
              "type": "boundary"
            }
          }
        ]
      },
      "geometry": {
        "type": "Point",
        "coordinates": [
          -46.5765966,
          -23.8154706
        ]
      },
      "id": "node/2998831525"
    },
    {
      "type": "Feature",
      "properties": {
        "@id": "node/3077534400",
        "@relations": [
          {
            "role": "label",
            "rel": 4573224,
            "reltags": {
              "admin_level": "10",
              "boundary": "administrative",
              "name": "Curucutu",
              "place": "suburb",
              "type": "boundary"
            }
          }
        ]
      },
      "geometry": {
        "type": "Point",
        "coordinates": [
          -46.6040291,
          -23.8691323
        ]
      },
      "id": "node/3077534400"
    },
    {
      "type": "Feature",
      "properties": {
        "@id": "node/3306525475",
        "@relations": [
          {
            "role": "label",
            "rel": 4573229,
            "reltags": {
              "admin_level": "10",
              "boundary": "administrative",
              "name": "Imigrantes",
              "place": "suburb",
              "type": "boundary"
            }
          }
        ]
      },
      "geometry": {
        "type": "Point",
        "coordinates": [
          -46.5556472,
          -23.9126486
        ]
      },
      "id": "node/3306525475"
    },
    {
      "type": "Feature",
      "properties": {
        "@id": "node/3991510531",
        "@relations": [
          {
            "role": "label",
            "rel": 5951454,
            "reltags": {
              "admin_level": "10",
              "boundary": "administrative",
              "landuse": "residential",
              "name": "Vila Areião",
              "type": "boundary"
            }
          }
        ]
      },
      "geometry": {
        "type": "Point",
        "coordinates": [
          -46.530397,
          -23.7580293
        ]
      },
      "id": "node/3991510531"
    },
    {
      "type": "Feature",
      "properties": {
        "@id": "node/3991510532",
        "@relations": [
          {
            "role": "label",
            "rel": 5951455,
            "reltags": {
              "admin_level": "10",
              "boundary": "administrative",
              "landuse": "residential",
              "name": "Vila Sabesp",
              "type": "boundary"
            }
          }
        ]
      },
      "geometry": {
        "type": "Point",
        "coordinates": [
          -46.5298607,
          -23.7521616
        ]
      },
      "id": "node/3991510532"
    },
    {
      "type": "Feature",
      "properties": {
        "@id": "node/4267969283",
        "@relations": [
          {
            "role": "label",
            "rel": 4573226,
            "reltags": {
              "admin_level": "10",
              "boundary": "administrative",
              "name": "Ferrazópolis",
              "place": "suburb",
              "type": "boundary"
            }
          }
        ]
      },
      "geometry": {
        "type": "Point",
        "coordinates": [
          -46.5423279,
          -23.7264215
        ]
      },
      "id": "node/4267969283"
    },
    {
      "type": "Feature",
      "properties": {
        "@id": "node/4267969284",
        "@relations": [
          {
            "role": "label",
            "rel": 4573219,
            "reltags": {
              "admin_level": "10",
              "boundary": "administrative",
              "name": "Bairro dos Casa",
              "place": "suburb",
              "type": "boundary"
            }
          }
        ]
      },
      "geometry": {
        "type": "Point",
        "coordinates": [
          -46.5730532,
          -23.740333
        ]
      },
      "id": "node/4267969284"
    },
    {
      "type": "Feature",
      "properties": {
        "@id": "node/4268015042",
        "@relations": [
          {
            "role": "label",
            "rel": 4573222,
            "reltags": {
              "admin_level": "10",
              "boundary": "administrative",
              "name": "Capivari",
              "place": "suburb",
              "type": "boundary"
            }
          }
        ]
      },
      "geometry": {
        "type": "Point",
        "coordinates": [
          -46.5750629,
          -23.8617227
        ]
      },
      "id": "node/4268015042"
    },
    {
      "type": "Feature",
      "properties": {
        "@id": "node/4268015043",
        "@relations": [
          {
            "role": "label",
            "rel": 4573236,
            "reltags": {
              "admin_level": "10",
              "boundary": "administrative",
              "name": "Santa Cruz",
              "place": "suburb",
              "type": "boundary"
            }
          }
        ]
      },
      "geometry": {
        "type": "Point",
        "coordinates": [
          -46.5982506,
          -23.8433458
        ]
      },
      "id": "node/4268015043"
    },
    {
      "type": "Feature",
      "properties": {
        "@id": "node/4268015044",
        "@relations": [
          {
            "role": "label",
            "rel": 4573238,
            "reltags": {
              "admin_level": "10",
              "boundary": "administrative",
              "name": "Taquacetuba",
              "place": "suburb",
              "type": "boundary"
            }
          }
        ]
      },
      "geometry": {
        "type": "Point",
        "coordinates": [
          -46.604189,
          -23.8224981
        ]
      },
      "id": "node/4268015044"
    },
    {
      "type": "Feature",
      "properties": {
        "@id": "node/4268015045",
        "@relations": [
          {
            "role": "label",
            "rel": 4573240,
            "reltags": {
              "admin_level": "10",
              "boundary": "administrative",
              "name": "Balneária",
              "place": "suburb",
              "type": "boundary"
            }
          }
        ]
      },
      "geometry": {
        "type": "Point",
        "coordinates": [
          -46.5429866,
          -23.7699954
        ]
      },
      "id": "node/4268015045"
    },
    {
      "type": "Feature",
      "properties": {
        "@id": "node/4268015046",
        "@relations": [
          {
            "role": "label",
            "rel": 4573221,
            "reltags": {
              "admin_level": "10",
              "boundary": "administrative",
              "name": "Botujuru",
              "place": "suburb",
              "type": "boundary"
            }
          }
        ]
      },
      "geometry": {
        "type": "Point",
        "coordinates": [
          -46.54703,
          -23.7562997
        ]
      },
      "id": "node/4268015046"
    },
    {
      "type": "Feature",
      "properties": {
        "@id": "node/4268015047",
        "@relations": [
          {
            "role": "label",
            "rel": 4573232,
            "reltags": {
              "admin_level": "10",
              "boundary": "administrative",
              "name": "Montanhão",
              "place": "suburb",
              "type": "boundary"
            }
          }
        ]
      },
      "geometry": {
        "type": "Point",
        "coordinates": [
          -46.5257824,
          -23.7403331
        ]
      },
      "id": "node/4268015047"
    },
    {
      "type": "Feature",
      "properties": {
        "@id": "node/4325302584",
        "@relations": [
          {
            "role": "label",
            "rel": 6443396,
            "reltags": {
              "admin_level": "10",
              "boundary": "administrative",
              "name": "Alves Dias",
              "type": "boundary"
            }
          }
        ]
      },
      "geometry": {
        "type": "Point",
        "coordinates": [
          -46.5846942,
          -23.7203103
        ]
      },
      "id": "node/4325302584"
    },
    {
      "type": "Feature",
      "properties": {
        "@id": "node/7590432889",
        "@relations": [
          {
            "role": "label",
            "rel": 11168646,
            "reltags": {
              "admin_level": "10",
              "boundary": "administrative",
              "name": "Alto da Serra",
              "place": "suburb",
              "type": "boundary"
            }
          }
        ]
      },
      "geometry": {
        "type": "Point",
        "coordinates": [
          -46.4661836,
          -23.8522039
        ]
      },
      "id": "node/7590432889"
    },
    {
      "type": "Feature",
      "properties": {
        "@id": "node/10821048368",
        "@relations": [
          {
            "role": "label",
            "rel": 4133969,
            "reltags": {
              "admin_level": "10",
              "boundary": "administrative",
              "name": "Centro",
              "place": "suburb",
              "type": "boundary"
            }
          }
        ]
      },
      "geometry": {
        "type": "Point",
        "coordinates": [
          -46.5504348,
          -23.7096982
        ]
      },
      "id": "node/10821048368"
    }
  ]
}